source_id,source_implementation,model,revision,pool_manifest_sha256,method,reporting_role,evaluation_slice,evaluation_slice_label,evaluation_slice_query_count,stratum_type,stratum_value,stratum_label,k_chunks,frame_query_count,literal_citation_query_count,metric_eligible_query_count,no_explicit_citation_count,stratum_frame_query_count,stratum_included_query_count,stratum_excluded_query_count,cited_article_hit,citation_recall,all_citations,citation_ndcg
berta,embedding,sergeyzh/BERTA,914c8c8aed14042ed890fc2c662d5e9e66b2faa7,624bf7d5d8e5cc7d5bd4cd590ce5da41157051eaae95b8c1bf5e4c8f09558fdc,bm25,branch_diagnostic,literal_citation_all,all literal-citation questions,191,all,all,all,10,240,191,186,49,191,191,0,0.816753926702,0.732809773124,0.654450261780,0.590684761257
berta,embedding,sergeyzh/BERTA,914c8c8aed14042ed890fc2c662d5e9e66b2faa7,624bf7d5d8e5cc7d5bd4cd590ce5da41157051eaae95b8c1bf5e4c8f09558fdc,bm25,branch_diagnostic,literal_citation_all,all literal-citation questions,191,multi,multi,multiple citations,10,240,191,186,49,52,52,0,0.865384615385,0.557051282051,0.269230769231,0.481752241935
berta,embedding,sergeyzh/BERTA,914c8c8aed14042ed890fc2c662d5e9e66b2faa7,624bf7d5d8e5cc7d5bd4cd590ce5da41157051eaae95b8c1bf5e4c8f09558fdc,bm25,branch_diagnostic,literal_citation_all,all literal-citation questions,191,sensitivity,without_flagged_duplicate,all eligible except flagged duplicate,10,240,191,186,49,239,190,49,0.815789473684,0.731403508772,0.652631578947,0.588530470527
berta,embedding,sergeyzh/BERTA,914c8c8aed14042ed890fc2c662d5e9e66b2faa7,624bf7d5d8e5cc7d5bd4cd590ce5da41157051eaae95b8c1bf5e4c8f09558fdc,bm25,branch_diagnostic,literal_citation_all,all literal-citation questions,191,category,267,УСН,10,240,191,186,49,17,17,0,0.705882352941,0.529411764706,0.352941176471,0.449341508212
berta,embedding,sergeyzh/BERTA,914c8c8aed14042ed890fc2c662d5e9e66b2faa7,624bf7d5d8e5cc7d5bd4cd590ce5da41157051eaae95b8c1bf5e4c8f09558fdc,bm25,branch_diagnostic,preliminary_filtered,literal-citation questions after preliminary technical screening,186,all,all,all,10,240,191,186,49,191,186,5,0.822580645161,0.739068100358,0.661290322581,0.596842044945
berta,embedding,sergeyzh/BERTA,914c8c8aed14042ed890fc2c662d5e9e66b2faa7,624bf7d5d8e5cc7d5bd4cd590ce5da41157051eaae95b8c1bf5e4c8f09558fdc,bm25,branch_diagnostic,preliminary_filtered,literal-citation questions after preliminary technical screening,186,multi,multi,multiple citations,10,240,191,186,49,52,51,1,0.862745098039,0.558169934641,0.274509803922,0.487723084192
berta,embedding,sergeyzh/BERTA,914c8c8aed14042ed890fc2c662d5e9e66b2faa7,624bf7d5d8e5cc7d5bd4cd590ce5da41157051eaae95b8c1bf5e4c8f09558fdc,bm25,branch_diagnostic,preliminary_filtered,literal-citation questions after preliminary technical screening,186,sensitivity,without_flagged_duplicate,all eligible except flagged duplicate,10,240,191,186,49,239,185,54,0.821621621622,0.737657657658,0.659459459459,0.594662812756
berta,embedding,sergeyzh/BERTA,914c8c8aed14042ed890fc2c662d5e9e66b2faa7,624bf7d5d8e5cc7d5bd4cd590ce5da41157051eaae95b8c1bf5e4c8f09558fdc,bm25,branch_diagnostic,preliminary_filtered,literal-citation questions after preliminary technical screening,186,category,267,УСН,10,240,191,186,49,17,16,1,0.750000000000,0.562500000000,0.375000000000,0.477425352475
berta,embedding,sergeyzh/BERTA,914c8c8aed14042ed890fc2c662d5e9e66b2faa7,624bf7d5d8e5cc7d5bd4cd590ce5da41157051eaae95b8c1bf5e4c8f09558fdc,bm25,branch_diagnostic,literal_citation_all,all literal-citation questions,191,all,all,all,20,240,191,186,49,191,191,0,0.890052356021,0.827399650960,0.759162303665,0.617780504102
berta,embedding,sergeyzh/BERTA,914c8c8aed14042ed890fc2c662d5e9e66b2faa7,624bf7d5d8e5cc7d5bd4cd590ce5da41157051eaae95b8c1bf5e4c8f09558fdc,bm25,branch_diagnostic,literal_citation_all,all literal-citation questions,191,multi,multi,multiple citations,20,240,191,186,49,52,52,0,0.923076923077,0.692948717949,0.442307692308,0.527657890588
berta,embedding,sergeyzh/BERTA,914c8c8aed14042ed890fc2c662d5e9e66b2faa7,624bf7d5d8e5cc7d5bd4cd590ce5da41157051eaae95b8c1bf5e4c8f09558fdc,bm25,branch_diagnostic,literal_citation_all,all literal-citation questions,191,sensitivity,without_flagged_duplicate,all eligible except flagged duplicate,20,240,191,186,49,239,190,49,0.889473684211,0.826491228070,0.757894736842,0.615768822544
berta,embedding,sergeyzh/BERTA,914c8c8aed14042ed890fc2c662d5e9e66b2faa7,624bf7d5d8e5cc7d5bd4cd590ce5da41157051eaae95b8c1bf5e4c8f09558fdc,bm25,branch_diagnostic,literal_citation_all,all literal-citation questions,191,category,267,УСН,20,240,191,186,49,17,17,0,0.764705882353,0.598039215686,0.411764705882,0.473689592767
berta,embedding,sergeyzh/BERTA,914c8c8aed14042ed890fc2c662d5e9e66b2faa7,624bf7d5d8e5cc7d5bd4cd590ce5da41157051eaae95b8c1bf5e4c8f09558fdc,bm25,branch_diagnostic,preliminary_filtered,literal-citation questions after preliminary technical screening,186,all,all,all,20,240,191,186,49,191,186,5,0.897849462366,0.836200716846,0.768817204301,0.624666167974
berta,embedding,sergeyzh/BERTA,914c8c8aed14042ed890fc2c662d5e9e66b2faa7,624bf7d5d8e5cc7d5bd4cd590ce5da41157051eaae95b8c1bf5e4c8f09558fdc,bm25,branch_diagnostic,preliminary_filtered,literal-citation questions after preliminary technical screening,186,multi,multi,multiple citations,20,240,191,186,49,52,51,1,0.921568627451,0.696732026144,0.450980392157,0.534528843604
berta,embedding,sergeyzh/BERTA,914c8c8aed14042ed890fc2c662d5e9e66b2faa7,624bf7d5d8e5cc7d5bd4cd590ce5da41157051eaae95b8c1bf5e4c8f09558fdc,bm25,branch_diagnostic,preliminary_filtered,literal-citation questions after preliminary technical screening,186,sensitivity,without_flagged_duplicate,all eligible except flagged duplicate,20,240,191,186,49,239,185,54,0.897297297297,0.835315315315,0.767567567568,0.622637336449
berta,embedding,sergeyzh/BERTA,914c8c8aed14042ed890fc2c662d5e9e66b2faa7,624bf7d5d8e5cc7d5bd4cd590ce5da41157051eaae95b8c1bf5e4c8f09558fdc,bm25,branch_diagnostic,preliminary_filtered,literal-citation questions after preliminary technical screening,186,category,267,УСН,20,240,191,186,49,17,16,1,0.812500000000,0.635416666667,0.437500000000,0.503295192315
berta,embedding,sergeyzh/BERTA,914c8c8aed14042ed890fc2c662d5e9e66b2faa7,624bf7d5d8e5cc7d5bd4cd590ce5da41157051eaae95b8c1bf5e4c8f09558fdc,bm25,branch_diagnostic,literal_citation_all,all literal-citation questions,191,all,all,all,50,240,191,186,49,191,191,0,0.952879581152,0.902443280977,0.848167539267,0.634904367518
berta,embedding,sergeyzh/BERTA,914c8c8aed14042ed890fc2c662d5e9e66b2faa7,624bf7d5d8e5cc7d5bd4cd590ce5da41157051eaae95b8c1bf5e4c8f09558fdc,bm25,branch_diagnostic,literal_citation_all,all literal-citation questions,191,multi,multi,multiple citations,50,240,191,186,49,52,52,0,0.980769230769,0.795512820513,0.596153846154,0.554848853257
berta,embedding,sergeyzh/BERTA,914c8c8aed14042ed890fc2c662d5e9e66b2faa7,624bf7d5d8e5cc7d5bd4cd590ce5da41157051eaae95b8c1bf5e4c8f09558fdc,bm25,branch_diagnostic,literal_citation_all,all literal-citation questions,191,sensitivity,without_flagged_duplicate,all eligible except flagged duplicate,50,240,191,186,49,239,190,49,0.952631578947,0.901929824561,0.847368421053,0.632982811558
berta,embedding,sergeyzh/BERTA,914c8c8aed14042ed890fc2c662d5e9e66b2faa7,624bf7d5d8e5cc7d5bd4cd590ce5da41157051eaae95b8c1bf5e4c8f09558fdc,bm25,branch_diagnostic,literal_citation_all,all literal-citation questions,191,category,267,УСН,50,240,191,186,49,17,17,0,0.882352941176,0.725490196078,0.588235294118,0.503448245657
berta,embedding,sergeyzh/BERTA,914c8c8aed14042ed890fc2c662d5e9e66b2faa7,624bf7d5d8e5cc7d5bd4cd590ce5da41157051eaae95b8c1bf5e4c8f09558fdc,bm25,branch_diagnostic,preliminary_filtered,literal-citation questions after preliminary technical screening,186,all,all,all,50,240,191,186,49,191,186,5,0.951612903226,0.899820788530,0.844086021505,0.639364984905
berta,embedding,sergeyzh/BERTA,914c8c8aed14042ed890fc2c662d5e9e66b2faa7,624bf7d5d8e5cc7d5bd4cd590ce5da41157051eaae95b8c1bf5e4c8f09558fdc,bm25,branch_diagnostic,preliminary_filtered,literal-citation questions after preliminary technical screening,186,multi,multi,multiple citations,50,240,191,186,49,52,51,1,0.980392156863,0.791503267974,0.588235294118,0.559889801364
berta,embedding,sergeyzh/BERTA,914c8c8aed14042ed890fc2c662d5e9e66b2faa7,624bf7d5d8e5cc7d5bd4cd590ce5da41157051eaae95b8c1bf5e4c8f09558fdc,bm25,branch_diagnostic,preliminary_filtered,literal-citation questions after preliminary technical screening,186,sensitivity,without_flagged_duplicate,all eligible except flagged duplicate,50,240,191,186,49,239,185,54,0.951351351351,0.899279279279,0.843243243243,0.637415606445
berta,embedding,sergeyzh/BERTA,914c8c8aed14042ed890fc2c662d5e9e66b2faa7,624bf7d5d8e5cc7d5bd4cd590ce5da41157051eaae95b8c1bf5e4c8f09558fdc,bm25,branch_diagnostic,preliminary_filtered,literal-citation questions after preliminary technical screening,186,category,267,УСН,50,240,191,186,49,17,16,1,0.875000000000,0.708333333333,0.562500000000,0.521769391144
berta,embedding,sergeyzh/BERTA,914c8c8aed14042ed890fc2c662d5e9e66b2faa7,624bf7d5d8e5cc7d5bd4cd590ce5da41157051eaae95b8c1bf5e4c8f09558fdc,bm25,branch_diagnostic,literal_citation_all,all literal-citation questions,191,single,single,single citation,10,240,191,186,49,139,139,0,0.798561151079,0.798561151079,0.798561151079,0.631436495105
berta,embedding,sergeyzh/BERTA,914c8c8aed14042ed890fc2c662d5e9e66b2faa7,624bf7d5d8e5cc7d5bd4cd590ce5da41157051eaae95b8c1bf5e4c8f09558fdc,bm25,branch_diagnostic,literal_citation_all,all literal-citation questions,191,category,705,Налоговый контроль,10,240,191,186,49,12,12,0,1.000000000000,0.958333333333,0.916666666667,0.821533324212
berta,embedding,sergeyzh/BERTA,914c8c8aed14042ed890fc2c662d5e9e66b2faa7,624bf7d5d8e5cc7d5bd4cd590ce5da41157051eaae95b8c1bf5e4c8f09558fdc,bm25,branch_diagnostic,preliminary_filtered,literal-citation questions after preliminary technical screening,186,single,single,single citation,10,240,191,186,49,139,135,4,0.807407407407,0.807407407407,0.807407407407,0.638064763452
berta,embedding,sergeyzh/BERTA,914c8c8aed14042ed890fc2c662d5e9e66b2faa7,624bf7d5d8e5cc7d5bd4cd590ce5da41157051eaae95b8c1bf5e4c8f09558fdc,bm25,branch_diagnostic,preliminary_filtered,literal-citation questions after preliminary technical screening,186,category,705,Налоговый контроль,10,240,191,186,49,12,12,0,1.000000000000,0.958333333333,0.916666666667,0.821533324212
berta,embedding,sergeyzh/BERTA,914c8c8aed14042ed890fc2c662d5e9e66b2faa7,624bf7d5d8e5cc7d5bd4cd590ce5da41157051eaae95b8c1bf5e4c8f09558fdc,bm25,branch_diagnostic,literal_citation_all,all literal-citation questions,191,single,single,single citation,20,240,191,186,49,139,139,0,0.877697841727,0.877697841727,0.877697841727,0.651495438654
berta,embedding,sergeyzh/BERTA,914c8c8aed14042ed890fc2c662d5e9e66b2faa7,624bf7d5d8e5cc7d5bd4cd590ce5da41157051eaae95b8c1bf5e4c8f09558fdc,bm25,branch_diagnostic,literal_citation_all,all literal-citation questions,191,category,705,Налоговый контроль,20,240,191,186,49,12,12,0,1.000000000000,0.958333333333,0.916666666667,0.821533324212
berta,embedding,sergeyzh/BERTA,914c8c8aed14042ed890fc2c662d5e9e66b2faa7,624bf7d5d8e5cc7d5bd4cd590ce5da41157051eaae95b8c1bf5e4c8f09558fdc,bm25,branch_diagnostic,preliminary_filtered,literal-citation questions after preliminary technical screening,186,single,single,single citation,20,240,191,186,49,139,135,4,0.888888888889,0.888888888889,0.888888888889,0.658718046069
berta,embedding,sergeyzh/BERTA,914c8c8aed14042ed890fc2c662d5e9e66b2faa7,624bf7d5d8e5cc7d5bd4cd590ce5da41157051eaae95b8c1bf5e4c8f09558fdc,bm25,branch_diagnostic,preliminary_filtered,literal-citation questions after preliminary technical screening,186,category,705,Налоговый контроль,20,240,191,186,49,12,12,0,1.000000000000,0.958333333333,0.916666666667,0.821533324212
berta,embedding,sergeyzh/BERTA,914c8c8aed14042ed890fc2c662d5e9e66b2faa7,624bf7d5d8e5cc7d5bd4cd590ce5da41157051eaae95b8c1bf5e4c8f09558fdc,bm25,branch_diagnostic,literal_citation_all,all literal-citation questions,191,single,single,single citation,50,240,191,186,49,139,139,0,0.942446043165,0.942446043165,0.942446043165,0.664853192997
berta,embedding,sergeyzh/BERTA,914c8c8aed14042ed890fc2c662d5e9e66b2faa7,624bf7d5d8e5cc7d5bd4cd590ce5da41157051eaae95b8c1bf5e4c8f09558fdc,bm25,branch_diagnostic,literal_citation_all,all literal-citation questions,191,category,705,Налоговый контроль,50,240,191,186,49,12,12,0,1.000000000000,0.958333333333,0.916666666667,0.821533324212
berta,embedding,sergeyzh/BERTA,914c8c8aed14042ed890fc2c662d5e9e66b2faa7,624bf7d5d8e5cc7d5bd4cd590ce5da41157051eaae95b8c1bf5e4c8f09558fdc,bm25,branch_diagnostic,preliminary_filtered,literal-citation questions after preliminary technical screening,186,single,single,single citation,50,240,191,186,49,139,135,4,0.940740740741,0.940740740741,0.940740740741,0.669388943131
berta,embedding,sergeyzh/BERTA,914c8c8aed14042ed890fc2c662d5e9e66b2faa7,624bf7d5d8e5cc7d5bd4cd590ce5da41157051eaae95b8c1bf5e4c8f09558fdc,bm25,branch_diagnostic,preliminary_filtered,literal-citation questions after preliminary technical screening,186,category,705,Налоговый контроль,50,240,191,186,49,12,12,0,1.000000000000,0.958333333333,0.916666666667,0.821533324212
berta,embedding,sergeyzh/BERTA,914c8c8aed14042ed890fc2c662d5e9e66b2faa7,624bf7d5d8e5cc7d5bd4cd590ce5da41157051eaae95b8c1bf5e4c8f09558fdc,bm25,branch_diagnostic,literal_citation_all,all literal-citation questions,191,category,263,НДФЛ,10,240,191,186,49,15,15,0,0.933333333333,0.855555555556,0.800000000000,0.810847008643
berta,embedding,sergeyzh/BERTA,914c8c8aed14042ed890fc2c662d5e9e66b2faa7,624bf7d5d8e5cc7d5bd4cd590ce5da41157051eaae95b8c1bf5e4c8f09558fdc,bm25,branch_diagnostic,preliminary_filtered,literal-citation questions after preliminary technical screening,186,category,263,НДФЛ,10,240,191,186,49,15,15,0,0.933333333333,0.855555555556,0.800000000000,0.810847008643
berta,embedding,sergeyzh/BERTA,914c8c8aed14042ed890fc2c662d5e9e66b2faa7,624bf7d5d8e5cc7d5bd4cd590ce5da41157051eaae95b8c1bf5e4c8f09558fdc,bm25,branch_diagnostic,literal_citation_all,all literal-citation questions,191,category,263,НДФЛ,20,240,191,186,49,15,15,0,0.933333333333,0.877777777778,0.800000000000,0.819301476431
berta,embedding,sergeyzh/BERTA,914c8c8aed14042ed890fc2c662d5e9e66b2faa7,624bf7d5d8e5cc7d5bd4cd590ce5da41157051eaae95b8c1bf5e4c8f09558fdc,bm25,branch_diagnostic,preliminary_filtered,literal-citation questions after preliminary technical screening,186,category,263,НДФЛ,20,240,191,186,49,15,15,0,0.933333333333,0.877777777778,0.800000000000,0.819301476431
berta,embedding,sergeyzh/BERTA,914c8c8aed14042ed890fc2c662d5e9e66b2faa7,624bf7d5d8e5cc7d5bd4cd590ce5da41157051eaae95b8c1bf5e4c8f09558fdc,bm25,branch_diagnostic,literal_citation_all,all literal-citation questions,191,category,263,НДФЛ,50,240,191,186,49,15,15,0,1.000000000000,0.911111111111,0.800000000000,0.829293565778
berta,embedding,sergeyzh/BERTA,914c8c8aed14042ed890fc2c662d5e9e66b2faa7,624bf7d5d8e5cc7d5bd4cd590ce5da41157051eaae95b8c1bf5e4c8f09558fdc,bm25,branch_diagnostic,preliminary_filtered,literal-citation questions after preliminary technical screening,186,category,263,НДФЛ,50,240,191,186,49,15,15,0,1.000000000000,0.911111111111,0.800000000000,0.829293565778
berta,embedding,sergeyzh/BERTA,914c8c8aed14042ed890fc2c662d5e9e66b2faa7,624bf7d5d8e5cc7d5bd4cd590ce5da41157051eaae95b8c1bf5e4c8f09558fdc,bm25,branch_diagnostic,literal_citation_all,all literal-citation questions,191,category,704,Трансфертное ценообразование,10,240,191,186,49,17,17,0,0.941176470588,0.941176470588,0.941176470588,0.839059405377
berta,embedding,sergeyzh/BERTA,914c8c8aed14042ed890fc2c662d5e9e66b2faa7,624bf7d5d8e5cc7d5bd4cd590ce5da41157051eaae95b8c1bf5e4c8f09558fdc,bm25,branch_diagnostic,preliminary_filtered,literal-citation questions after preliminary technical screening,186,category,704,Трансфертное ценообразование,10,240,191,186,49,17,17,0,0.941176470588,0.941176470588,0.941176470588,0.839059405377
berta,embedding,sergeyzh/BERTA,914c8c8aed14042ed890fc2c662d5e9e66b2faa7,624bf7d5d8e5cc7d5bd4cd590ce5da41157051eaae95b8c1bf5e4c8f09558fdc,bm25,branch_diagnostic,literal_citation_all,all literal-citation questions,191,category,704,Трансфертное ценообразование,20,240,191,186,49,17,17,0,0.941176470588,0.941176470588,0.941176470588,0.839059405377
berta,embedding,sergeyzh/BERTA,914c8c8aed14042ed890fc2c662d5e9e66b2faa7,624bf7d5d8e5cc7d5bd4cd590ce5da41157051eaae95b8c1bf5e4c8f09558fdc,bm25,branch_diagnostic,preliminary_filtered,literal-citation questions after preliminary technical screening,186,category,704,Трансфертное ценообразование,20,240,191,186,49,17,17,0,0.941176470588,0.941176470588,0.941176470588,0.839059405377
berta,embedding,sergeyzh/BERTA,914c8c8aed14042ed890fc2c662d5e9e66b2faa7,624bf7d5d8e5cc7d5bd4cd590ce5da41157051eaae95b8c1bf5e4c8f09558fdc,bm25,branch_diagnostic,literal_citation_all,all literal-citation questions,191,category,704,Трансфертное ценообразование,50,240,191,186,49,17,17,0,1.000000000000,1.000000000000,1.000000000000,0.851889069611
berta,embedding,sergeyzh/BERTA,914c8c8aed14042ed890fc2c662d5e9e66b2faa7,624bf7d5d8e5cc7d5bd4cd590ce5da41157051eaae95b8c1bf5e4c8f09558fdc,bm25,branch_diagnostic,preliminary_filtered,literal-citation questions after preliminary technical screening,186,category,704,Трансфертное ценообразование,50,240,191,186,49,17,17,0,1.000000000000,1.000000000000,1.000000000000,0.851889069611
berta,embedding,sergeyzh/BERTA,914c8c8aed14042ed890fc2c662d5e9e66b2faa7,624bf7d5d8e5cc7d5bd4cd590ce5da41157051eaae95b8c1bf5e4c8f09558fdc,bm25,branch_diagnostic,literal_citation_all,all literal-citation questions,191,category,246,Урегулирование задолженности,10,240,191,186,49,9,9,0,0.777777777778,0.666666666667,0.555555555556,0.502096766216
berta,embedding,sergeyzh/BERTA,914c8c8aed14042ed890fc2c662d5e9e66b2faa7,624bf7d5d8e5cc7d5bd4cd590ce5da41157051eaae95b8c1bf5e4c8f09558fdc,bm25,branch_diagnostic,preliminary_filtered,literal-citation questions after preliminary technical screening,186,category,246,Урегулирование задолженности,10,240,191,186,49,9,9,0,0.777777777778,0.666666666667,0.555555555556,0.502096766216
berta,embedding,sergeyzh/BERTA,914c8c8aed14042ed890fc2c662d5e9e66b2faa7,624bf7d5d8e5cc7d5bd4cd590ce5da41157051eaae95b8c1bf5e4c8f09558fdc,bm25,branch_diagnostic,literal_citation_all,all literal-citation questions,191,category,246,Урегулирование задолженности,20,240,191,186,49,9,9,0,0.888888888889,0.833333333333,0.777777777778,0.547886439138
berta,embedding,sergeyzh/BERTA,914c8c8aed14042ed890fc2c662d5e9e66b2faa7,624bf7d5d8e5cc7d5bd4cd590ce5da41157051eaae95b8c1bf5e4c8f09558fdc,bm25,branch_diagnostic,preliminary_filtered,literal-citation questions after preliminary technical screening,186,category,246,Урегулирование задолженности,20,240,191,186,49,9,9,0,0.888888888889,0.833333333333,0.777777777778,0.547886439138
berta,embedding,sergeyzh/BERTA,914c8c8aed14042ed890fc2c662d5e9e66b2faa7,624bf7d5d8e5cc7d5bd4cd590ce5da41157051eaae95b8c1bf5e4c8f09558fdc,bm25,branch_diagnostic,literal_citation_all,all literal-citation questions,191,category,246,Урегулирование задолженности,50,240,191,186,49,9,9,0,0.888888888889,0.888888888889,0.888888888889,0.562214320887
berta,embedding,sergeyzh/BERTA,914c8c8aed14042ed890fc2c662d5e9e66b2faa7,624bf7d5d8e5cc7d5bd4cd590ce5da41157051eaae95b8c1bf5e4c8f09558fdc,bm25,branch_diagnostic,preliminary_filtered,literal-citation questions after preliminary technical screening,186,category,246,Урегулирование задолженности,50,240,191,186,49,9,9,0,0.888888888889,0.888888888889,0.888888888889,0.562214320887
berta,embedding,sergeyzh/BERTA,914c8c8aed14042ed890fc2c662d5e9e66b2faa7,624bf7d5d8e5cc7d5bd4cd590ce5da41157051eaae95b8c1bf5e4c8f09558fdc,bm25,branch_diagnostic,literal_citation_all,all literal-citation questions,191,category,1028,Единый налоговый счет,10,240,191,186,49,14,14,0,0.714285714286,0.559523809524,0.428571428571,0.365295743067
berta,embedding,sergeyzh/BERTA,914c8c8aed14042ed890fc2c662d5e9e66b2faa7,624bf7d5d8e5cc7d5bd4cd590ce5da41157051eaae95b8c1bf5e4c8f09558fdc,bm25,branch_diagnostic,preliminary_filtered,literal-citation questions after preliminary technical screening,186,category,1028,Единый налоговый счет,10,240,191,186,49,14,13,1,0.692307692308,0.564102564103,0.461538461538,0.379761624319
berta,embedding,sergeyzh/BERTA,914c8c8aed14042ed890fc2c662d5e9e66b2faa7,624bf7d5d8e5cc7d5bd4cd590ce5da41157051eaae95b8c1bf5e4c8f09558fdc,bm25,branch_diagnostic,literal_citation_all,all literal-citation questions,191,category,1028,Единый налоговый счет,20,240,191,186,49,14,14,0,0.857142857143,0.726190476190,0.571428571429,0.413942831905
berta,embedding,sergeyzh/BERTA,914c8c8aed14042ed890fc2c662d5e9e66b2faa7,624bf7d5d8e5cc7d5bd4cd590ce5da41157051eaae95b8c1bf5e4c8f09558fdc,bm25,branch_diagnostic,preliminary_filtered,literal-citation questions after preliminary technical screening,186,category,1028,Единый налоговый счет,20,240,191,186,49,14,13,1,0.846153846154,0.743589743590,0.615384615385,0.432150796914
berta,embedding,sergeyzh/BERTA,914c8c8aed14042ed890fc2c662d5e9e66b2faa7,624bf7d5d8e5cc7d5bd4cd590ce5da41157051eaae95b8c1bf5e4c8f09558fdc,bm25,branch_diagnostic,literal_citation_all,all literal-citation questions,191,category,1028,Единый налоговый счет,50,240,191,186,49,14,14,0,1.000000000000,0.904761904762,0.785714285714,0.451268269281
berta,embedding,sergeyzh/BERTA,914c8c8aed14042ed890fc2c662d5e9e66b2faa7,624bf7d5d8e5cc7d5bd4cd590ce5da41157051eaae95b8c1bf5e4c8f09558fdc,bm25,branch_diagnostic,preliminary_filtered,literal-citation questions after preliminary technical screening,186,category,1028,Единый налоговый счет,50,240,191,186,49,14,13,1,1.000000000000,0.897435897436,0.769230769231,0.463076559242
berta,embedding,sergeyzh/BERTA,914c8c8aed14042ed890fc2c662d5e9e66b2faa7,624bf7d5d8e5cc7d5bd4cd590ce5da41157051eaae95b8c1bf5e4c8f09558fdc,bm25,branch_diagnostic,literal_citation_all,all literal-citation questions,191,category,746,Патентная система,10,240,191,186,49,16,16,0,0.812500000000,0.611458333333,0.500000000000,0.493247367751
berta,embedding,sergeyzh/BERTA,914c8c8aed14042ed890fc2c662d5e9e66b2faa7,624bf7d5d8e5cc7d5bd4cd590ce5da41157051eaae95b8c1bf5e4c8f09558fdc,bm25,branch_diagnostic,preliminary_filtered,literal-citation questions after preliminary technical screening,186,category,746,Патентная система,10,240,191,186,49,16,16,0,0.812500000000,0.611458333333,0.500000000000,0.493247367751
berta,embedding,sergeyzh/BERTA,914c8c8aed14042ed890fc2c662d5e9e66b2faa7,624bf7d5d8e5cc7d5bd4cd590ce5da41157051eaae95b8c1bf5e4c8f09558fdc,bm25,branch_diagnostic,literal_citation_all,all literal-citation questions,191,category,746,Патентная система,20,240,191,186,49,16,16,0,0.875000000000,0.720833333333,0.625000000000,0.523302239839
berta,embedding,sergeyzh/BERTA,914c8c8aed14042ed890fc2c662d5e9e66b2faa7,624bf7d5d8e5cc7d5bd4cd590ce5da41157051eaae95b8c1bf5e4c8f09558fdc,bm25,branch_diagnostic,preliminary_filtered,literal-citation questions after preliminary technical screening,186,category,746,Патентная система,20,240,191,186,49,16,16,0,0.875000000000,0.720833333333,0.625000000000,0.523302239839
berta,embedding,sergeyzh/BERTA,914c8c8aed14042ed890fc2c662d5e9e66b2faa7,624bf7d5d8e5cc7d5bd4cd590ce5da41157051eaae95b8c1bf5e4c8f09558fdc,bm25,branch_diagnostic,literal_citation_all,all literal-citation questions,191,category,746,Патентная система,50,240,191,186,49,16,16,0,1.000000000000,0.918750000000,0.875000000000,0.571808542652
berta,embedding,sergeyzh/BERTA,914c8c8aed14042ed890fc2c662d5e9e66b2faa7,624bf7d5d8e5cc7d5bd4cd590ce5da41157051eaae95b8c1bf5e4c8f09558fdc,bm25,branch_diagnostic,preliminary_filtered,literal-citation questions after preliminary technical screening,186,category,746,Патентная система,50,240,191,186,49,16,16,0,1.000000000000,0.918750000000,0.875000000000,0.571808542652
berta,embedding,sergeyzh/BERTA,914c8c8aed14042ed890fc2c662d5e9e66b2faa7,624bf7d5d8e5cc7d5bd4cd590ce5da41157051eaae95b8c1bf5e4c8f09558fdc,bm25,branch_diagnostic,literal_citation_all,all literal-citation questions,191,category,882,Страховые взносы,10,240,191,186,49,14,14,0,1.000000000000,0.928571428571,0.857142857143,0.780581403486
berta,embedding,sergeyzh/BERTA,914c8c8aed14042ed890fc2c662d5e9e66b2faa7,624bf7d5d8e5cc7d5bd4cd590ce5da41157051eaae95b8c1bf5e4c8f09558fdc,bm25,branch_diagnostic,preliminary_filtered,literal-citation questions after preliminary technical screening,186,category,882,Страховые взносы,10,240,191,186,49,14,13,1,1.000000000000,0.923076923077,0.846153846154,0.763703049908
berta,embedding,sergeyzh/BERTA,914c8c8aed14042ed890fc2c662d5e9e66b2faa7,624bf7d5d8e5cc7d5bd4cd590ce5da41157051eaae95b8c1bf5e4c8f09558fdc,bm25,branch_diagnostic,literal_citation_all,all literal-citation questions,191,category,882,Страховые взносы,20,240,191,186,49,14,14,0,1.000000000000,0.928571428571,0.857142857143,0.780581403486
berta,embedding,sergeyzh/BERTA,914c8c8aed14042ed890fc2c662d5e9e66b2faa7,624bf7d5d8e5cc7d5bd4cd590ce5da41157051eaae95b8c1bf5e4c8f09558fdc,bm25,branch_diagnostic,preliminary_filtered,literal-citation questions after preliminary technical screening,186,category,882,Страховые взносы,20,240,191,186,49,14,13,1,1.000000000000,0.923076923077,0.846153846154,0.763703049908
berta,embedding,sergeyzh/BERTA,914c8c8aed14042ed890fc2c662d5e9e66b2faa7,624bf7d5d8e5cc7d5bd4cd590ce5da41157051eaae95b8c1bf5e4c8f09558fdc,bm25,branch_diagnostic,literal_citation_all,all literal-citation questions,191,category,882,Страховые взносы,50,240,191,186,49,14,14,0,1.000000000000,0.964285714286,0.928571428571,0.790133548797
berta,embedding,sergeyzh/BERTA,914c8c8aed14042ed890fc2c662d5e9e66b2faa7,624bf7d5d8e5cc7d5bd4cd590ce5da41157051eaae95b8c1bf5e4c8f09558fdc,bm25,branch_diagnostic,preliminary_filtered,literal-citation questions after preliminary technical screening,186,category,882,Страховые взносы,50,240,191,186,49,14,13,1,1.000000000000,0.961538461538,0.923076923077,0.773989975628
berta,embedding,sergeyzh/BERTA,914c8c8aed14042ed890fc2c662d5e9e66b2faa7,624bf7d5d8e5cc7d5bd4cd590ce5da41157051eaae95b8c1bf5e4c8f09558fdc,bm25,branch_diagnostic,literal_citation_all,all literal-citation questions,191,category,268,Акцизы,10,240,191,186,49,14,14,0,0.785714285714,0.757142857143,0.714285714286,0.503894600476
berta,embedding,sergeyzh/BERTA,914c8c8aed14042ed890fc2c662d5e9e66b2faa7,624bf7d5d8e5cc7d5bd4cd590ce5da41157051eaae95b8c1bf5e4c8f09558fdc,bm25,branch_diagnostic,preliminary_filtered,literal-citation questions after preliminary technical screening,186,category,268,Акцизы,10,240,191,186,49,14,14,0,0.785714285714,0.757142857143,0.714285714286,0.503894600476
berta,embedding,sergeyzh/BERTA,914c8c8aed14042ed890fc2c662d5e9e66b2faa7,624bf7d5d8e5cc7d5bd4cd590ce5da41157051eaae95b8c1bf5e4c8f09558fdc,bm25,branch_diagnostic,literal_citation_all,all literal-citation questions,191,category,268,Акцизы,20,240,191,186,49,14,14,0,0.928571428571,0.892857142857,0.857142857143,0.545341149739
berta,embedding,sergeyzh/BERTA,914c8c8aed14042ed890fc2c662d5e9e66b2faa7,624bf7d5d8e5cc7d5bd4cd590ce5da41157051eaae95b8c1bf5e4c8f09558fdc,bm25,branch_diagnostic,preliminary_filtered,literal-citation questions after preliminary technical screening,186,category,268,Акцизы,20,240,191,186,49,14,14,0,0.928571428571,0.892857142857,0.857142857143,0.545341149739
berta,embedding,sergeyzh/BERTA,914c8c8aed14042ed890fc2c662d5e9e66b2faa7,624bf7d5d8e5cc7d5bd4cd590ce5da41157051eaae95b8c1bf5e4c8f09558fdc,bm25,branch_diagnostic,literal_citation_all,all literal-citation questions,191,category,268,Акцизы,50,240,191,186,49,14,14,0,0.928571428571,0.928571428571,0.928571428571,0.554023307996
berta,embedding,sergeyzh/BERTA,914c8c8aed14042ed890fc2c662d5e9e66b2faa7,624bf7d5d8e5cc7d5bd4cd590ce5da41157051eaae95b8c1bf5e4c8f09558fdc,bm25,branch_diagnostic,preliminary_filtered,literal-citation questions after preliminary technical screening,186,category,268,Акцизы,50,240,191,186,49,14,14,0,0.928571428571,0.928571428571,0.928571428571,0.554023307996
berta,embedding,sergeyzh/BERTA,914c8c8aed14042ed890fc2c662d5e9e66b2faa7,624bf7d5d8e5cc7d5bd4cd590ce5da41157051eaae95b8c1bf5e4c8f09558fdc,bm25,branch_diagnostic,literal_citation_all,all literal-citation questions,191,category,270,ЕСХН,10,240,191,186,49,16,16,0,0.750000000000,0.750000000000,0.750000000000,0.618299328795
berta,embedding,sergeyzh/BERTA,914c8c8aed14042ed890fc2c662d5e9e66b2faa7,624bf7d5d8e5cc7d5bd4cd590ce5da41157051eaae95b8c1bf5e4c8f09558fdc,bm25,branch_diagnostic,preliminary_filtered,literal-citation questions after preliminary technical screening,186,category,270,ЕСХН,10,240,191,186,49,16,16,0,0.750000000000,0.750000000000,0.750000000000,0.618299328795
berta,embedding,sergeyzh/BERTA,914c8c8aed14042ed890fc2c662d5e9e66b2faa7,624bf7d5d8e5cc7d5bd4cd590ce5da41157051eaae95b8c1bf5e4c8f09558fdc,bm25,branch_diagnostic,literal_citation_all,all literal-citation questions,191,category,270,ЕСХН,20,240,191,186,49,16,16,0,0.812500000000,0.812500000000,0.812500000000,0.632760467117
berta,embedding,sergeyzh/BERTA,914c8c8aed14042ed890fc2c662d5e9e66b2faa7,624bf7d5d8e5cc7d5bd4cd590ce5da41157051eaae95b8c1bf5e4c8f09558fdc,bm25,branch_diagnostic,preliminary_filtered,literal-citation questions after preliminary technical screening,186,category,270,ЕСХН,20,240,191,186,49,16,16,0,0.812500000000,0.812500000000,0.812500000000,0.632760467117
berta,embedding,sergeyzh/BERTA,914c8c8aed14042ed890fc2c662d5e9e66b2faa7,624bf7d5d8e5cc7d5bd4cd590ce5da41157051eaae95b8c1bf5e4c8f09558fdc,bm25,branch_diagnostic,literal_citation_all,all literal-citation questions,191,category,270,ЕСХН,50,240,191,186,49,16,16,0,0.812500000000,0.812500000000,0.812500000000,0.632760467117
berta,embedding,sergeyzh/BERTA,914c8c8aed14042ed890fc2c662d5e9e66b2faa7,624bf7d5d8e5cc7d5bd4cd590ce5da41157051eaae95b8c1bf5e4c8f09558fdc,bm25,branch_diagnostic,preliminary_filtered,literal-citation questions after preliminary technical screening,186,category,270,ЕСХН,50,240,191,186,49,16,16,0,0.812500000000,0.812500000000,0.812500000000,0.632760467117
berta,embedding,sergeyzh/BERTA,914c8c8aed14042ed890fc2c662d5e9e66b2faa7,624bf7d5d8e5cc7d5bd4cd590ce5da41157051eaae95b8c1bf5e4c8f09558fdc,bm25,branch_diagnostic,literal_citation_all,all literal-citation questions,191,category,264,Налог на прибыль,10,240,191,186,49,17,17,0,0.764705882353,0.705882352941,0.647058823529,0.530723800921
berta,embedding,sergeyzh/BERTA,914c8c8aed14042ed890fc2c662d5e9e66b2faa7,624bf7d5d8e5cc7d5bd4cd590ce5da41157051eaae95b8c1bf5e4c8f09558fdc,bm25,branch_diagnostic,preliminary_filtered,literal-citation questions after preliminary technical screening,186,category,264,Налог на прибыль,10,240,191,186,49,17,17,0,0.764705882353,0.705882352941,0.647058823529,0.530723800921
berta,embedding,sergeyzh/BERTA,914c8c8aed14042ed890fc2c662d5e9e66b2faa7,624bf7d5d8e5cc7d5bd4cd590ce5da41157051eaae95b8c1bf5e4c8f09558fdc,bm25,branch_diagnostic,literal_citation_all,all literal-citation questions,191,category,264,Налог на прибыль,20,240,191,186,49,17,17,0,0.941176470588,0.911764705882,0.882352941176,0.587495414645
berta,embedding,sergeyzh/BERTA,914c8c8aed14042ed890fc2c662d5e9e66b2faa7,624bf7d5d8e5cc7d5bd4cd590ce5da41157051eaae95b8c1bf5e4c8f09558fdc,bm25,branch_diagnostic,preliminary_filtered,literal-citation questions after preliminary technical screening,186,category,264,Налог на прибыль,20,240,191,186,49,17,17,0,0.941176470588,0.911764705882,0.882352941176,0.587495414645
berta,embedding,sergeyzh/BERTA,914c8c8aed14042ed890fc2c662d5e9e66b2faa7,624bf7d5d8e5cc7d5bd4cd590ce5da41157051eaae95b8c1bf5e4c8f09558fdc,bm25,branch_diagnostic,literal_citation_all,all literal-citation questions,191,category,264,Налог на прибыль,50,240,191,186,49,17,17,0,1.000000000000,0.970588235294,0.941176470588,0.599866586284
berta,embedding,sergeyzh/BERTA,914c8c8aed14042ed890fc2c662d5e9e66b2faa7,624bf7d5d8e5cc7d5bd4cd590ce5da41157051eaae95b8c1bf5e4c8f09558fdc,bm25,branch_diagnostic,preliminary_filtered,literal-citation questions after preliminary technical screening,186,category,264,Налог на прибыль,50,240,191,186,49,17,17,0,1.000000000000,0.970588235294,0.941176470588,0.599866586284
berta,embedding,sergeyzh/BERTA,914c8c8aed14042ed890fc2c662d5e9e66b2faa7,624bf7d5d8e5cc7d5bd4cd590ce5da41157051eaae95b8c1bf5e4c8f09558fdc,bm25,branch_diagnostic,literal_citation_all,all literal-citation questions,191,category,259,Налог на имущество,10,240,191,186,49,16,16,0,0.875000000000,0.776041666667,0.625000000000,0.581195148886
berta,embedding,sergeyzh/BERTA,914c8c8aed14042ed890fc2c662d5e9e66b2faa7,624bf7d5d8e5cc7d5bd4cd590ce5da41157051eaae95b8c1bf5e4c8f09558fdc,bm25,branch_diagnostic,preliminary_filtered,literal-citation questions after preliminary technical screening,186,category,259,Налог на имущество,10,240,191,186,49,16,16,0,0.875000000000,0.776041666667,0.625000000000,0.581195148886
berta,embedding,sergeyzh/BERTA,914c8c8aed14042ed890fc2c662d5e9e66b2faa7,624bf7d5d8e5cc7d5bd4cd590ce5da41157051eaae95b8c1bf5e4c8f09558fdc,bm25,branch_diagnostic,literal_citation_all,all literal-citation questions,191,category,259,Налог на имущество,20,240,191,186,49,16,16,0,0.937500000000,0.875000000000,0.750000000000,0.609580864100
berta,embedding,sergeyzh/BERTA,914c8c8aed14042ed890fc2c662d5e9e66b2faa7,624bf7d5d8e5cc7d5bd4cd590ce5da41157051eaae95b8c1bf5e4c8f09558fdc,bm25,branch_diagnostic,preliminary_filtered,literal-citation questions after preliminary technical screening,186,category,259,Налог на имущество,20,240,191,186,49,16,16,0,0.937500000000,0.875000000000,0.750000000000,0.609580864100
berta,embedding,sergeyzh/BERTA,914c8c8aed14042ed890fc2c662d5e9e66b2faa7,624bf7d5d8e5cc7d5bd4cd590ce5da41157051eaae95b8c1bf5e4c8f09558fdc,bm25,branch_diagnostic,literal_citation_all,all literal-citation questions,191,category,259,Налог на имущество,50,240,191,186,49,16,16,0,0.937500000000,0.875000000000,0.750000000000,0.609580864100
berta,embedding,sergeyzh/BERTA,914c8c8aed14042ed890fc2c662d5e9e66b2faa7,624bf7d5d8e5cc7d5bd4cd590ce5da41157051eaae95b8c1bf5e4c8f09558fdc,bm25,branch_diagnostic,preliminary_filtered,literal-citation questions after preliminary technical screening,186,category,259,Налог на имущество,50,240,191,186,49,16,16,0,0.937500000000,0.875000000000,0.750000000000,0.609580864100
berta,embedding,sergeyzh/BERTA,914c8c8aed14042ed890fc2c662d5e9e66b2faa7,624bf7d5d8e5cc7d5bd4cd590ce5da41157051eaae95b8c1bf5e4c8f09558fdc,bm25,branch_diagnostic,literal_citation_all,all literal-citation questions,191,category,265,НДС,10,240,191,186,49,12,12,0,0.583333333333,0.541666666667,0.500000000000,0.415870304603
berta,embedding,sergeyzh/BERTA,914c8c8aed14042ed890fc2c662d5e9e66b2faa7,624bf7d5d8e5cc7d5bd4cd590ce5da41157051eaae95b8c1bf5e4c8f09558fdc,bm25,branch_diagnostic,preliminary_filtered,literal-citation questions after preliminary technical screening,186,category,265,НДС,10,240,191,186,49,12,10,2,0.600000000000,0.550000000000,0.500000000000,0.435951390166
berta,embedding,sergeyzh/BERTA,914c8c8aed14042ed890fc2c662d5e9e66b2faa7,624bf7d5d8e5cc7d5bd4cd590ce5da41157051eaae95b8c1bf5e4c8f09558fdc,bm25,branch_diagnostic,literal_citation_all,all literal-citation questions,191,category,265,НДС,20,240,191,186,49,12,12,0,0.750000000000,0.750000000000,0.750000000000,0.471924425574
berta,embedding,sergeyzh/BERTA,914c8c8aed14042ed890fc2c662d5e9e66b2faa7,624bf7d5d8e5cc7d5bd4cd590ce5da41157051eaae95b8c1bf5e4c8f09558fdc,bm25,branch_diagnostic,preliminary_filtered,literal-citation questions after preliminary technical screening,186,category,265,НДС,20,240,191,186,49,12,10,2,0.800000000000,0.800000000000,0.800000000000,0.503216335332
berta,embedding,sergeyzh/BERTA,914c8c8aed14042ed890fc2c662d5e9e66b2faa7,624bf7d5d8e5cc7d5bd4cd590ce5da41157051eaae95b8c1bf5e4c8f09558fdc,bm25,branch_diagnostic,literal_citation_all,all literal-citation questions,191,category,265,НДС,50,240,191,186,49,12,12,0,0.916666666667,0.875000000000,0.833333333333,0.498886574137
berta,embedding,sergeyzh/BERTA,914c8c8aed14042ed890fc2c662d5e9e66b2faa7,624bf7d5d8e5cc7d5bd4cd590ce5da41157051eaae95b8c1bf5e4c8f09558fdc,bm25,branch_diagnostic,preliminary_filtered,literal-citation questions after preliminary technical screening,186,category,265,НДС,50,240,191,186,49,12,10,2,0.900000000000,0.850000000000,0.800000000000,0.514986230362
berta,embedding,sergeyzh/BERTA,914c8c8aed14042ed890fc2c662d5e9e66b2faa7,624bf7d5d8e5cc7d5bd4cd590ce5da41157051eaae95b8c1bf5e4c8f09558fdc,bm25,branch_diagnostic,literal_citation_all,all literal-citation questions,191,category,911,Налог на профессиональный доход,10,240,191,186,49,2,2,0,0.500000000000,0.250000000000,0.000000000000,0.092287848390
berta,embedding,sergeyzh/BERTA,914c8c8aed14042ed890fc2c662d5e9e66b2faa7,624bf7d5d8e5cc7d5bd4cd590ce5da41157051eaae95b8c1bf5e4c8f09558fdc,bm25,branch_diagnostic,preliminary_filtered,literal-citation questions after preliminary technical screening,186,category,911,Налог на профессиональный доход,10,240,191,186,49,2,2,0,0.500000000000,0.250000000000,0.000000000000,0.092287848390
berta,embedding,sergeyzh/BERTA,914c8c8aed14042ed890fc2c662d5e9e66b2faa7,624bf7d5d8e5cc7d5bd4cd590ce5da41157051eaae95b8c1bf5e4c8f09558fdc,bm25,branch_diagnostic,literal_citation_all,all literal-citation questions,191,category,911,Налог на профессиональный доход,20,240,191,186,49,2,2,0,0.500000000000,0.500000000000,0.500000000000,0.170757820579
berta,embedding,sergeyzh/BERTA,914c8c8aed14042ed890fc2c662d5e9e66b2faa7,624bf7d5d8e5cc7d5bd4cd590ce5da41157051eaae95b8c1bf5e4c8f09558fdc,bm25,branch_diagnostic,preliminary_filtered,literal-citation questions after preliminary technical screening,186,category,911,Налог на профессиональный доход,20,240,191,186,49,2,2,0,0.500000000000,0.500000000000,0.500000000000,0.170757820579
berta,embedding,sergeyzh/BERTA,914c8c8aed14042ed890fc2c662d5e9e66b2faa7,624bf7d5d8e5cc7d5bd4cd590ce5da41157051eaae95b8c1bf5e4c8f09558fdc,bm25,branch_diagnostic,literal_citation_all,all literal-citation questions,191,category,911,Налог на профессиональный доход,50,240,191,186,49,2,2,0,1.000000000000,1.000000000000,1.000000000000,0.260773483907
berta,embedding,sergeyzh/BERTA,914c8c8aed14042ed890fc2c662d5e9e66b2faa7,624bf7d5d8e5cc7d5bd4cd590ce5da41157051eaae95b8c1bf5e4c8f09558fdc,bm25,branch_diagnostic,preliminary_filtered,literal-citation questions after preliminary technical screening,186,category,911,Налог на профессиональный доход,50,240,191,186,49,2,2,0,1.000000000000,1.000000000000,1.000000000000,0.260773483907
berta,embedding,sergeyzh/BERTA,914c8c8aed14042ed890fc2c662d5e9e66b2faa7,624bf7d5d8e5cc7d5bd4cd590ce5da41157051eaae95b8c1bf5e4c8f09558fdc,dense,branch_diagnostic,literal_citation_all,all literal-citation questions,191,all,all,all,10,240,191,186,49,191,191,0,0.869109947644,0.790575916230,0.706806282723,0.655506374388
berta,embedding,sergeyzh/BERTA,914c8c8aed14042ed890fc2c662d5e9e66b2faa7,624bf7d5d8e5cc7d5bd4cd590ce5da41157051eaae95b8c1bf5e4c8f09558fdc,dense,branch_diagnostic,literal_citation_all,all literal-citation questions,191,multi,multi,multiple citations,10,240,191,186,49,52,52,0,0.923076923077,0.634615384615,0.326923076923,0.611284342299
berta,embedding,sergeyzh/BERTA,914c8c8aed14042ed890fc2c662d5e9e66b2faa7,624bf7d5d8e5cc7d5bd4cd590ce5da41157051eaae95b8c1bf5e4c8f09558fdc,dense,branch_diagnostic,literal_citation_all,all literal-citation questions,191,sensitivity,without_flagged_duplicate,all eligible except flagged duplicate,10,240,191,186,49,239,190,49,0.868421052632,0.789473684211,0.705263157895,0.653693250043
berta,embedding,sergeyzh/BERTA,914c8c8aed14042ed890fc2c662d5e9e66b2faa7,624bf7d5d8e5cc7d5bd4cd590ce5da41157051eaae95b8c1bf5e4c8f09558fdc,dense,branch_diagnostic,literal_citation_all,all literal-citation questions,191,category,267,УСН,10,240,191,186,49,17,17,0,1.000000000000,0.754901960784,0.529411764706,0.591919007673
berta,embedding,sergeyzh/BERTA,914c8c8aed14042ed890fc2c662d5e9e66b2faa7,624bf7d5d8e5cc7d5bd4cd590ce5da41157051eaae95b8c1bf5e4c8f09558fdc,dense,branch_diagnostic,preliminary_filtered,literal-citation questions after preliminary technical screening,186,all,all,all,10,240,191,186,49,191,186,5,0.870967741935,0.790322580645,0.704301075269,0.661902170792
berta,embedding,sergeyzh/BERTA,914c8c8aed14042ed890fc2c662d5e9e66b2faa7,624bf7d5d8e5cc7d5bd4cd590ce5da41157051eaae95b8c1bf5e4c8f09558fdc,dense,branch_diagnostic,preliminary_filtered,literal-citation questions after preliminary technical screening,186,multi,multi,multiple citations,10,240,191,186,49,52,51,1,0.941176470588,0.647058823529,0.333333333333,0.623270309795
berta,embedding,sergeyzh/BERTA,914c8c8aed14042ed890fc2c662d5e9e66b2faa7,624bf7d5d8e5cc7d5bd4cd590ce5da41157051eaae95b8c1bf5e4c8f09558fdc,dense,branch_diagnostic,preliminary_filtered,literal-citation questions after preliminary technical screening,186,sensitivity,without_flagged_duplicate,all eligible except flagged duplicate,10,240,191,186,49,239,185,54,0.870270270270,0.789189189189,0.702702702703,0.660074614958
berta,embedding,sergeyzh/BERTA,914c8c8aed14042ed890fc2c662d5e9e66b2faa7,624bf7d5d8e5cc7d5bd4cd590ce5da41157051eaae95b8c1bf5e4c8f09558fdc,dense,branch_diagnostic,preliminary_filtered,literal-citation questions after preliminary technical screening,186,category,267,УСН,10,240,191,186,49,17,16,1,1.000000000000,0.739583333333,0.500000000000,0.610099570923
berta,embedding,sergeyzh/BERTA,914c8c8aed14042ed890fc2c662d5e9e66b2faa7,624bf7d5d8e5cc7d5bd4cd590ce5da41157051eaae95b8c1bf5e4c8f09558fdc,dense,branch_diagnostic,literal_citation_all,all literal-citation questions,191,all,all,all,20,240,191,186,49,191,191,0,0.910994764398,0.848778359511,0.785340314136,0.672189824533
berta,embedding,sergeyzh/BERTA,914c8c8aed14042ed890fc2c662d5e9e66b2faa7,624bf7d5d8e5cc7d5bd4cd590ce5da41157051eaae95b8c1bf5e4c8f09558fdc,dense,branch_diagnostic,literal_citation_all,all literal-citation questions,191,multi,multi,multiple citations,20,240,191,186,49,52,52,0,0.942307692308,0.713782051282,0.480769230769,0.637479286979
berta,embedding,sergeyzh/BERTA,914c8c8aed14042ed890fc2c662d5e9e66b2faa7,624bf7d5d8e5cc7d5bd4cd590ce5da41157051eaae95b8c1bf5e4c8f09558fdc,dense,branch_diagnostic,literal_citation_all,all literal-citation questions,191,sensitivity,without_flagged_duplicate,all eligible except flagged duplicate,20,240,191,186,49,239,190,49,0.910526315789,0.847982456140,0.784210526316,0.670464507820
berta,embedding,sergeyzh/BERTA,914c8c8aed14042ed890fc2c662d5e9e66b2faa7,624bf7d5d8e5cc7d5bd4cd590ce5da41157051eaae95b8c1bf5e4c8f09558fdc,dense,branch_diagnostic,literal_citation_all,all literal-citation questions,191,category,267,УСН,20,240,191,186,49,17,17,0,1.000000000000,0.803921568627,0.647058823529,0.607435522298
berta,embedding,sergeyzh/BERTA,914c8c8aed14042ed890fc2c662d5e9e66b2faa7,624bf7d5d8e5cc7d5bd4cd590ce5da41157051eaae95b8c1bf5e4c8f09558fdc,dense,branch_diagnostic,preliminary_filtered,literal-citation questions after preliminary technical screening,186,all,all,all,20,240,191,186,49,191,186,5,0.913978494624,0.850089605735,0.784946236559,0.679034100779
berta,embedding,sergeyzh/BERTA,914c8c8aed14042ed890fc2c662d5e9e66b2faa7,624bf7d5d8e5cc7d5bd4cd590ce5da41157051eaae95b8c1bf5e4c8f09558fdc,dense,branch_diagnostic,preliminary_filtered,literal-citation questions after preliminary technical screening,186,multi,multi,multiple citations,20,240,191,186,49,52,51,1,0.960784313725,0.727777777778,0.490196078431,0.649978880841
berta,embedding,sergeyzh/BERTA,914c8c8aed14042ed890fc2c662d5e9e66b2faa7,624bf7d5d8e5cc7d5bd4cd590ce5da41157051eaae95b8c1bf5e4c8f09558fdc,dense,branch_diagnostic,preliminary_filtered,literal-citation questions after preliminary technical screening,186,sensitivity,without_flagged_duplicate,all eligible except flagged duplicate,20,240,191,186,49,239,185,54,0.913513513514,0.849279279279,0.783783783784,0.677299149973
berta,embedding,sergeyzh/BERTA,914c8c8aed14042ed890fc2c662d5e9e66b2faa7,624bf7d5d8e5cc7d5bd4cd590ce5da41157051eaae95b8c1bf5e4c8f09558fdc,dense,branch_diagnostic,preliminary_filtered,literal-citation questions after preliminary technical screening,186,category,267,УСН,20,240,191,186,49,17,16,1,1.000000000000,0.791666666667,0.625000000000,0.626585867713
berta,embedding,sergeyzh/BERTA,914c8c8aed14042ed890fc2c662d5e9e66b2faa7,624bf7d5d8e5cc7d5bd4cd590ce5da41157051eaae95b8c1bf5e4c8f09558fdc,dense,branch_diagnostic,literal_citation_all,all literal-citation questions,191,all,all,all,50,240,191,186,49,191,191,0,0.947643979058,0.900872600349,0.842931937173,0.684869444002
berta,embedding,sergeyzh/BERTA,914c8c8aed14042ed890fc2c662d5e9e66b2faa7,624bf7d5d8e5cc7d5bd4cd590ce5da41157051eaae95b8c1bf5e4c8f09558fdc,dense,branch_diagnostic,literal_citation_all,all literal-citation questions,191,multi,multi,multiple citations,50,240,191,186,49,52,52,0,1.000000000000,0.828205128205,0.615384615385,0.668120080877
berta,embedding,sergeyzh/BERTA,914c8c8aed14042ed890fc2c662d5e9e66b2faa7,624bf7d5d8e5cc7d5bd4cd590ce5da41157051eaae95b8c1bf5e4c8f09558fdc,dense,branch_diagnostic,literal_citation_all,all literal-citation questions,191,sensitivity,without_flagged_duplicate,all eligible except flagged duplicate,50,240,191,186,49,239,190,49,0.947368421053,0.900350877193,0.842105263158,0.683210862129
berta,embedding,sergeyzh/BERTA,914c8c8aed14042ed890fc2c662d5e9e66b2faa7,624bf7d5d8e5cc7d5bd4cd590ce5da41157051eaae95b8c1bf5e4c8f09558fdc,dense,branch_diagnostic,literal_citation_all,all literal-citation questions,191,category,267,УСН,50,240,191,186,49,17,17,0,1.000000000000,0.911764705882,0.764705882353,0.636534218904
berta,embedding,sergeyzh/BERTA,914c8c8aed14042ed890fc2c662d5e9e66b2faa7,624bf7d5d8e5cc7d5bd4cd590ce5da41157051eaae95b8c1bf5e4c8f09558fdc,dense,branch_diagnostic,preliminary_filtered,literal-citation questions after preliminary technical screening,186,all,all,all,50,240,191,186,49,191,186,5,0.946236559140,0.900896057348,0.844086021505,0.691335591555
berta,embedding,sergeyzh/BERTA,914c8c8aed14042ed890fc2c662d5e9e66b2faa7,624bf7d5d8e5cc7d5bd4cd590ce5da41157051eaae95b8c1bf5e4c8f09558fdc,dense,branch_diagnostic,preliminary_filtered,literal-citation questions after preliminary technical screening,186,multi,multi,multiple citations,50,240,191,186,49,52,51,1,1.000000000000,0.834640522876,0.627450980392,0.678598317083
berta,embedding,sergeyzh/BERTA,914c8c8aed14042ed890fc2c662d5e9e66b2faa7,624bf7d5d8e5cc7d5bd4cd590ce5da41157051eaae95b8c1bf5e4c8f09558fdc,dense,branch_diagnostic,preliminary_filtered,literal-citation questions after preliminary technical screening,186,sensitivity,without_flagged_duplicate,all eligible except flagged duplicate,50,240,191,186,49,239,185,54,0.945945945946,0.900360360360,0.843243243243,0.689667135293
berta,embedding,sergeyzh/BERTA,914c8c8aed14042ed890fc2c662d5e9e66b2faa7,624bf7d5d8e5cc7d5bd4cd590ce5da41157051eaae95b8c1bf5e4c8f09558fdc,dense,branch_diagnostic,preliminary_filtered,literal-citation questions after preliminary technical screening,186,category,267,УСН,50,240,191,186,49,17,16,1,1.000000000000,0.906250000000,0.750000000000,0.657503232857
berta,embedding,sergeyzh/BERTA,914c8c8aed14042ed890fc2c662d5e9e66b2faa7,624bf7d5d8e5cc7d5bd4cd590ce5da41157051eaae95b8c1bf5e4c8f09558fdc,dense,branch_diagnostic,literal_citation_all,all literal-citation questions,191,single,single,single citation,10,240,191,186,49,139,139,0,0.848920863309,0.848920863309,0.848920863309,0.672049868407
berta,embedding,sergeyzh/BERTA,914c8c8aed14042ed890fc2c662d5e9e66b2faa7,624bf7d5d8e5cc7d5bd4cd590ce5da41157051eaae95b8c1bf5e4c8f09558fdc,dense,branch_diagnostic,literal_citation_all,all literal-citation questions,191,category,705,Налоговый контроль,10,240,191,186,49,12,12,0,0.916666666667,0.819444444444,0.750000000000,0.731246832000
berta,embedding,sergeyzh/BERTA,914c8c8aed14042ed890fc2c662d5e9e66b2faa7,624bf7d5d8e5cc7d5bd4cd590ce5da41157051eaae95b8c1bf5e4c8f09558fdc,dense,branch_diagnostic,preliminary_filtered,literal-citation questions after preliminary technical screening,186,single,single,single citation,10,240,191,186,49,139,135,4,0.844444444444,0.844444444444,0.844444444444,0.676496429391
berta,embedding,sergeyzh/BERTA,914c8c8aed14042ed890fc2c662d5e9e66b2faa7,624bf7d5d8e5cc7d5bd4cd590ce5da41157051eaae95b8c1bf5e4c8f09558fdc,dense,branch_diagnostic,preliminary_filtered,literal-citation questions after preliminary technical screening,186,category,705,Налоговый контроль,10,240,191,186,49,12,12,0,0.916666666667,0.819444444444,0.750000000000,0.731246832000
berta,embedding,sergeyzh/BERTA,914c8c8aed14042ed890fc2c662d5e9e66b2faa7,624bf7d5d8e5cc7d5bd4cd590ce5da41157051eaae95b8c1bf5e4c8f09558fdc,dense,branch_diagnostic,literal_citation_all,all literal-citation questions,191,single,single,single citation,20,240,191,186,49,139,139,0,0.899280575540,0.899280575540,0.899280575540,0.685175061604
berta,embedding,sergeyzh/BERTA,914c8c8aed14042ed890fc2c662d5e9e66b2faa7,624bf7d5d8e5cc7d5bd4cd590ce5da41157051eaae95b8c1bf5e4c8f09558fdc,dense,branch_diagnostic,literal_citation_all,all literal-citation questions,191,category,705,Налоговый контроль,20,240,191,186,49,12,12,0,0.916666666667,0.819444444444,0.750000000000,0.731246832000
berta,embedding,sergeyzh/BERTA,914c8c8aed14042ed890fc2c662d5e9e66b2faa7,624bf7d5d8e5cc7d5bd4cd590ce5da41157051eaae95b8c1bf5e4c8f09558fdc,dense,branch_diagnostic,preliminary_filtered,literal-citation questions after preliminary technical screening,186,single,single,single citation,20,240,191,186,49,139,135,4,0.896296296296,0.896296296296,0.896296296296,0.690010517200
berta,embedding,sergeyzh/BERTA,914c8c8aed14042ed890fc2c662d5e9e66b2faa7,624bf7d5d8e5cc7d5bd4cd590ce5da41157051eaae95b8c1bf5e4c8f09558fdc,dense,branch_diagnostic,preliminary_filtered,literal-citation questions after preliminary technical screening,186,category,705,Налоговый контроль,20,240,191,186,49,12,12,0,0.916666666667,0.819444444444,0.750000000000,0.731246832000
berta,embedding,sergeyzh/BERTA,914c8c8aed14042ed890fc2c662d5e9e66b2faa7,624bf7d5d8e5cc7d5bd4cd590ce5da41157051eaae95b8c1bf5e4c8f09558fdc,dense,branch_diagnostic,literal_citation_all,all literal-citation questions,191,single,single,single citation,50,240,191,186,49,139,139,0,0.928057553957,0.928057553957,0.928057553957,0.691135392797
berta,embedding,sergeyzh/BERTA,914c8c8aed14042ed890fc2c662d5e9e66b2faa7,624bf7d5d8e5cc7d5bd4cd590ce5da41157051eaae95b8c1bf5e4c8f09558fdc,dense,branch_diagnostic,literal_citation_all,all literal-citation questions,191,category,705,Налоговый контроль,50,240,191,186,49,12,12,0,0.916666666667,0.875000000000,0.833333333333,0.748421221908
berta,embedding,sergeyzh/BERTA,914c8c8aed14042ed890fc2c662d5e9e66b2faa7,624bf7d5d8e5cc7d5bd4cd590ce5da41157051eaae95b8c1bf5e4c8f09558fdc,dense,branch_diagnostic,preliminary_filtered,literal-citation questions after preliminary technical screening,186,single,single,single citation,50,240,191,186,49,139,135,4,0.925925925926,0.925925925926,0.925925925926,0.696147450800
berta,embedding,sergeyzh/BERTA,914c8c8aed14042ed890fc2c662d5e9e66b2faa7,624bf7d5d8e5cc7d5bd4cd590ce5da41157051eaae95b8c1bf5e4c8f09558fdc,dense,branch_diagnostic,preliminary_filtered,literal-citation questions after preliminary technical screening,186,category,705,Налоговый контроль,50,240,191,186,49,12,12,0,0.916666666667,0.875000000000,0.833333333333,0.748421221908
berta,embedding,sergeyzh/BERTA,914c8c8aed14042ed890fc2c662d5e9e66b2faa7,624bf7d5d8e5cc7d5bd4cd590ce5da41157051eaae95b8c1bf5e4c8f09558fdc,dense,branch_diagnostic,literal_citation_all,all literal-citation questions,191,category,263,НДФЛ,10,240,191,186,49,15,15,0,0.933333333333,0.877777777778,0.800000000000,0.884264514088
berta,embedding,sergeyzh/BERTA,914c8c8aed14042ed890fc2c662d5e9e66b2faa7,624bf7d5d8e5cc7d5bd4cd590ce5da41157051eaae95b8c1bf5e4c8f09558fdc,dense,branch_diagnostic,preliminary_filtered,literal-citation questions after preliminary technical screening,186,category,263,НДФЛ,10,240,191,186,49,15,15,0,0.933333333333,0.877777777778,0.800000000000,0.884264514088
berta,embedding,sergeyzh/BERTA,914c8c8aed14042ed890fc2c662d5e9e66b2faa7,624bf7d5d8e5cc7d5bd4cd590ce5da41157051eaae95b8c1bf5e4c8f09558fdc,dense,branch_diagnostic,literal_citation_all,all literal-citation questions,191,category,263,НДФЛ,20,240,191,186,49,15,15,0,0.933333333333,0.877777777778,0.800000000000,0.884264514088
berta,embedding,sergeyzh/BERTA,914c8c8aed14042ed890fc2c662d5e9e66b2faa7,624bf7d5d8e5cc7d5bd4cd590ce5da41157051eaae95b8c1bf5e4c8f09558fdc,dense,branch_diagnostic,preliminary_filtered,literal-citation questions after preliminary technical screening,186,category,263,НДФЛ,20,240,191,186,49,15,15,0,0.933333333333,0.877777777778,0.800000000000,0.884264514088
berta,embedding,sergeyzh/BERTA,914c8c8aed14042ed890fc2c662d5e9e66b2faa7,624bf7d5d8e5cc7d5bd4cd590ce5da41157051eaae95b8c1bf5e4c8f09558fdc,dense,branch_diagnostic,literal_citation_all,all literal-citation questions,191,category,263,НДФЛ,50,240,191,186,49,15,15,0,1.000000000000,0.911111111111,0.800000000000,0.894265760348
berta,embedding,sergeyzh/BERTA,914c8c8aed14042ed890fc2c662d5e9e66b2faa7,624bf7d5d8e5cc7d5bd4cd590ce5da41157051eaae95b8c1bf5e4c8f09558fdc,dense,branch_diagnostic,preliminary_filtered,literal-citation questions after preliminary technical screening,186,category,263,НДФЛ,50,240,191,186,49,15,15,0,1.000000000000,0.911111111111,0.800000000000,0.894265760348
berta,embedding,sergeyzh/BERTA,914c8c8aed14042ed890fc2c662d5e9e66b2faa7,624bf7d5d8e5cc7d5bd4cd590ce5da41157051eaae95b8c1bf5e4c8f09558fdc,dense,branch_diagnostic,literal_citation_all,all literal-citation questions,191,category,704,Трансфертное ценообразование,10,240,191,186,49,17,17,0,0.941176470588,0.941176470588,0.941176470588,0.826396661901
berta,embedding,sergeyzh/BERTA,914c8c8aed14042ed890fc2c662d5e9e66b2faa7,624bf7d5d8e5cc7d5bd4cd590ce5da41157051eaae95b8c1bf5e4c8f09558fdc,dense,branch_diagnostic,preliminary_filtered,literal-citation questions after preliminary technical screening,186,category,704,Трансфертное ценообразование,10,240,191,186,49,17,17,0,0.941176470588,0.941176470588,0.941176470588,0.826396661901
berta,embedding,sergeyzh/BERTA,914c8c8aed14042ed890fc2c662d5e9e66b2faa7,624bf7d5d8e5cc7d5bd4cd590ce5da41157051eaae95b8c1bf5e4c8f09558fdc,dense,branch_diagnostic,literal_citation_all,all literal-citation questions,191,category,704,Трансфертное ценообразование,20,240,191,186,49,17,17,0,1.000000000000,1.000000000000,1.000000000000,0.841102544254
berta,embedding,sergeyzh/BERTA,914c8c8aed14042ed890fc2c662d5e9e66b2faa7,624bf7d5d8e5cc7d5bd4cd590ce5da41157051eaae95b8c1bf5e4c8f09558fdc,dense,branch_diagnostic,preliminary_filtered,literal-citation questions after preliminary technical screening,186,category,704,Трансфертное ценообразование,20,240,191,186,49,17,17,0,1.000000000000,1.000000000000,1.000000000000,0.841102544254
berta,embedding,sergeyzh/BERTA,914c8c8aed14042ed890fc2c662d5e9e66b2faa7,624bf7d5d8e5cc7d5bd4cd590ce5da41157051eaae95b8c1bf5e4c8f09558fdc,dense,branch_diagnostic,literal_citation_all,all literal-citation questions,191,category,704,Трансфертное ценообразование,50,240,191,186,49,17,17,0,1.000000000000,1.000000000000,1.000000000000,0.841102544254
berta,embedding,sergeyzh/BERTA,914c8c8aed14042ed890fc2c662d5e9e66b2faa7,624bf7d5d8e5cc7d5bd4cd590ce5da41157051eaae95b8c1bf5e4c8f09558fdc,dense,branch_diagnostic,preliminary_filtered,literal-citation questions after preliminary technical screening,186,category,704,Трансфертное ценообразование,50,240,191,186,49,17,17,0,1.000000000000,1.000000000000,1.000000000000,0.841102544254
berta,embedding,sergeyzh/BERTA,914c8c8aed14042ed890fc2c662d5e9e66b2faa7,624bf7d5d8e5cc7d5bd4cd590ce5da41157051eaae95b8c1bf5e4c8f09558fdc,dense,branch_diagnostic,literal_citation_all,all literal-citation questions,191,category,246,Урегулирование задолженности,10,240,191,186,49,9,9,0,0.777777777778,0.666666666667,0.555555555556,0.575731144032
berta,embedding,sergeyzh/BERTA,914c8c8aed14042ed890fc2c662d5e9e66b2faa7,624bf7d5d8e5cc7d5bd4cd590ce5da41157051eaae95b8c1bf5e4c8f09558fdc,dense,branch_diagnostic,preliminary_filtered,literal-citation questions after preliminary technical screening,186,category,246,Урегулирование задолженности,10,240,191,186,49,9,9,0,0.777777777778,0.666666666667,0.555555555556,0.575731144032
berta,embedding,sergeyzh/BERTA,914c8c8aed14042ed890fc2c662d5e9e66b2faa7,624bf7d5d8e5cc7d5bd4cd590ce5da41157051eaae95b8c1bf5e4c8f09558fdc,dense,branch_diagnostic,literal_citation_all,all literal-citation questions,191,category,246,Урегулирование задолженности,20,240,191,186,49,9,9,0,0.888888888889,0.888888888889,0.888888888889,0.640206058985
berta,embedding,sergeyzh/BERTA,914c8c8aed14042ed890fc2c662d5e9e66b2faa7,624bf7d5d8e5cc7d5bd4cd590ce5da41157051eaae95b8c1bf5e4c8f09558fdc,dense,branch_diagnostic,preliminary_filtered,literal-citation questions after preliminary technical screening,186,category,246,Урегулирование задолженности,20,240,191,186,49,9,9,0,0.888888888889,0.888888888889,0.888888888889,0.640206058985
berta,embedding,sergeyzh/BERTA,914c8c8aed14042ed890fc2c662d5e9e66b2faa7,624bf7d5d8e5cc7d5bd4cd590ce5da41157051eaae95b8c1bf5e4c8f09558fdc,dense,branch_diagnostic,literal_citation_all,all literal-citation questions,191,category,246,Урегулирование задолженности,50,240,191,186,49,9,9,0,0.888888888889,0.888888888889,0.888888888889,0.640206058985
berta,embedding,sergeyzh/BERTA,914c8c8aed14042ed890fc2c662d5e9e66b2faa7,624bf7d5d8e5cc7d5bd4cd590ce5da41157051eaae95b8c1bf5e4c8f09558fdc,dense,branch_diagnostic,preliminary_filtered,literal-citation questions after preliminary technical screening,186,category,246,Урегулирование задолженности,50,240,191,186,49,9,9,0,0.888888888889,0.888888888889,0.888888888889,0.640206058985
berta,embedding,sergeyzh/BERTA,914c8c8aed14042ed890fc2c662d5e9e66b2faa7,624bf7d5d8e5cc7d5bd4cd590ce5da41157051eaae95b8c1bf5e4c8f09558fdc,dense,branch_diagnostic,literal_citation_all,all literal-citation questions,191,category,1028,Единый налоговый счет,10,240,191,186,49,14,14,0,0.571428571429,0.476190476190,0.357142857143,0.310573398189
berta,embedding,sergeyzh/BERTA,914c8c8aed14042ed890fc2c662d5e9e66b2faa7,624bf7d5d8e5cc7d5bd4cd590ce5da41157051eaae95b8c1bf5e4c8f09558fdc,dense,branch_diagnostic,preliminary_filtered,literal-citation questions after preliminary technical screening,186,category,1028,Единый налоговый счет,10,240,191,186,49,14,13,1,0.615384615385,0.512820512821,0.384615384615,0.334463659588
berta,embedding,sergeyzh/BERTA,914c8c8aed14042ed890fc2c662d5e9e66b2faa7,624bf7d5d8e5cc7d5bd4cd590ce5da41157051eaae95b8c1bf5e4c8f09558fdc,dense,branch_diagnostic,literal_citation_all,all literal-citation questions,191,category,1028,Единый налоговый счет,20,240,191,186,49,14,14,0,0.714285714286,0.583333333333,0.428571428571,0.342333306147
berta,embedding,sergeyzh/BERTA,914c8c8aed14042ed890fc2c662d5e9e66b2faa7,624bf7d5d8e5cc7d5bd4cd590ce5da41157051eaae95b8c1bf5e4c8f09558fdc,dense,branch_diagnostic,preliminary_filtered,literal-citation questions after preliminary technical screening,186,category,1028,Единый налоговый счет,20,240,191,186,49,14,13,1,0.769230769231,0.628205128205,0.461538461538,0.368666637389
berta,embedding,sergeyzh/BERTA,914c8c8aed14042ed890fc2c662d5e9e66b2faa7,624bf7d5d8e5cc7d5bd4cd590ce5da41157051eaae95b8c1bf5e4c8f09558fdc,dense,branch_diagnostic,literal_citation_all,all literal-citation questions,191,category,1028,Единый налоговый счет,50,240,191,186,49,14,14,0,0.928571428571,0.797619047619,0.642857142857,0.392080175478
berta,embedding,sergeyzh/BERTA,914c8c8aed14042ed890fc2c662d5e9e66b2faa7,624bf7d5d8e5cc7d5bd4cd590ce5da41157051eaae95b8c1bf5e4c8f09558fdc,dense,branch_diagnostic,preliminary_filtered,literal-citation questions after preliminary technical screening,186,category,1028,Единый налоговый счет,50,240,191,186,49,14,13,1,0.923076923077,0.820512820513,0.692307692308,0.411953263256
berta,embedding,sergeyzh/BERTA,914c8c8aed14042ed890fc2c662d5e9e66b2faa7,624bf7d5d8e5cc7d5bd4cd590ce5da41157051eaae95b8c1bf5e4c8f09558fdc,dense,branch_diagnostic,literal_citation_all,all literal-citation questions,191,category,746,Патентная система,10,240,191,186,49,16,16,0,0.937500000000,0.798958333333,0.687500000000,0.631153569076
berta,embedding,sergeyzh/BERTA,914c8c8aed14042ed890fc2c662d5e9e66b2faa7,624bf7d5d8e5cc7d5bd4cd590ce5da41157051eaae95b8c1bf5e4c8f09558fdc,dense,branch_diagnostic,preliminary_filtered,literal-citation questions after preliminary technical screening,186,category,746,Патентная система,10,240,191,186,49,16,16,0,0.937500000000,0.798958333333,0.687500000000,0.631153569076
berta,embedding,sergeyzh/BERTA,914c8c8aed14042ed890fc2c662d5e9e66b2faa7,624bf7d5d8e5cc7d5bd4cd590ce5da41157051eaae95b8c1bf5e4c8f09558fdc,dense,branch_diagnostic,literal_citation_all,all literal-citation questions,191,category,746,Патентная система,20,240,191,186,49,16,16,0,1.000000000000,0.861458333333,0.750000000000,0.647150945627
berta,embedding,sergeyzh/BERTA,914c8c8aed14042ed890fc2c662d5e9e66b2faa7,624bf7d5d8e5cc7d5bd4cd590ce5da41157051eaae95b8c1bf5e4c8f09558fdc,dense,branch_diagnostic,preliminary_filtered,literal-citation questions after preliminary technical screening,186,category,746,Патентная система,20,240,191,186,49,16,16,0,1.000000000000,0.861458333333,0.750000000000,0.647150945627
berta,embedding,sergeyzh/BERTA,914c8c8aed14042ed890fc2c662d5e9e66b2faa7,624bf7d5d8e5cc7d5bd4cd590ce5da41157051eaae95b8c1bf5e4c8f09558fdc,dense,branch_diagnostic,literal_citation_all,all literal-citation questions,191,category,746,Патентная система,50,240,191,186,49,16,16,0,1.000000000000,0.889583333333,0.812500000000,0.656684289624
berta,embedding,sergeyzh/BERTA,914c8c8aed14042ed890fc2c662d5e9e66b2faa7,624bf7d5d8e5cc7d5bd4cd590ce5da41157051eaae95b8c1bf5e4c8f09558fdc,dense,branch_diagnostic,preliminary_filtered,literal-citation questions after preliminary technical screening,186,category,746,Патентная система,50,240,191,186,49,16,16,0,1.000000000000,0.889583333333,0.812500000000,0.656684289624
berta,embedding,sergeyzh/BERTA,914c8c8aed14042ed890fc2c662d5e9e66b2faa7,624bf7d5d8e5cc7d5bd4cd590ce5da41157051eaae95b8c1bf5e4c8f09558fdc,dense,branch_diagnostic,literal_citation_all,all literal-citation questions,191,category,882,Страховые взносы,10,240,191,186,49,14,14,0,0.785714285714,0.750000000000,0.714285714286,0.728884456971
berta,embedding,sergeyzh/BERTA,914c8c8aed14042ed890fc2c662d5e9e66b2faa7,624bf7d5d8e5cc7d5bd4cd590ce5da41157051eaae95b8c1bf5e4c8f09558fdc,dense,branch_diagnostic,preliminary_filtered,literal-citation questions after preliminary technical screening,186,category,882,Страховые взносы,10,240,191,186,49,14,13,1,0.769230769231,0.730769230769,0.692307692308,0.708029415199
berta,embedding,sergeyzh/BERTA,914c8c8aed14042ed890fc2c662d5e9e66b2faa7,624bf7d5d8e5cc7d5bd4cd590ce5da41157051eaae95b8c1bf5e4c8f09558fdc,dense,branch_diagnostic,literal_citation_all,all literal-citation questions,191,category,882,Страховые взносы,20,240,191,186,49,14,14,0,0.857142857143,0.821428571429,0.785714285714,0.747645138045
berta,embedding,sergeyzh/BERTA,914c8c8aed14042ed890fc2c662d5e9e66b2faa7,624bf7d5d8e5cc7d5bd4cd590ce5da41157051eaae95b8c1bf5e4c8f09558fdc,dense,branch_diagnostic,preliminary_filtered,literal-citation questions after preliminary technical screening,186,category,882,Страховые взносы,20,240,191,186,49,14,13,1,0.846153846154,0.807692307692,0.769230769231,0.728233225587
berta,embedding,sergeyzh/BERTA,914c8c8aed14042ed890fc2c662d5e9e66b2faa7,624bf7d5d8e5cc7d5bd4cd590ce5da41157051eaae95b8c1bf5e4c8f09558fdc,dense,branch_diagnostic,literal_citation_all,all literal-citation questions,191,category,882,Страховые взносы,50,240,191,186,49,14,14,0,0.928571428571,0.892857142857,0.857142857143,0.760808626127
berta,embedding,sergeyzh/BERTA,914c8c8aed14042ed890fc2c662d5e9e66b2faa7,624bf7d5d8e5cc7d5bd4cd590ce5da41157051eaae95b8c1bf5e4c8f09558fdc,dense,branch_diagnostic,preliminary_filtered,literal-citation questions after preliminary technical screening,186,category,882,Страховые взносы,50,240,191,186,49,14,13,1,0.923076923077,0.884615384615,0.846153846154,0.742409289675
berta,embedding,sergeyzh/BERTA,914c8c8aed14042ed890fc2c662d5e9e66b2faa7,624bf7d5d8e5cc7d5bd4cd590ce5da41157051eaae95b8c1bf5e4c8f09558fdc,dense,branch_diagnostic,literal_citation_all,all literal-citation questions,191,category,268,Акцизы,10,240,191,186,49,14,14,0,0.857142857143,0.807142857143,0.714285714286,0.651389583528
berta,embedding,sergeyzh/BERTA,914c8c8aed14042ed890fc2c662d5e9e66b2faa7,624bf7d5d8e5cc7d5bd4cd590ce5da41157051eaae95b8c1bf5e4c8f09558fdc,dense,branch_diagnostic,preliminary_filtered,literal-citation questions after preliminary technical screening,186,category,268,Акцизы,10,240,191,186,49,14,14,0,0.857142857143,0.807142857143,0.714285714286,0.651389583528
berta,embedding,sergeyzh/BERTA,914c8c8aed14042ed890fc2c662d5e9e66b2faa7,624bf7d5d8e5cc7d5bd4cd590ce5da41157051eaae95b8c1bf5e4c8f09558fdc,dense,branch_diagnostic,literal_citation_all,all literal-citation questions,191,category,268,Акцизы,20,240,191,186,49,14,14,0,0.857142857143,0.821428571429,0.785714285714,0.658147179722
berta,embedding,sergeyzh/BERTA,914c8c8aed14042ed890fc2c662d5e9e66b2faa7,624bf7d5d8e5cc7d5bd4cd590ce5da41157051eaae95b8c1bf5e4c8f09558fdc,dense,branch_diagnostic,preliminary_filtered,literal-citation questions after preliminary technical screening,186,category,268,Акцизы,20,240,191,186,49,14,14,0,0.857142857143,0.821428571429,0.785714285714,0.658147179722
berta,embedding,sergeyzh/BERTA,914c8c8aed14042ed890fc2c662d5e9e66b2faa7,624bf7d5d8e5cc7d5bd4cd590ce5da41157051eaae95b8c1bf5e4c8f09558fdc,dense,branch_diagnostic,literal_citation_all,all literal-citation questions,191,category,268,Акцизы,50,240,191,186,49,14,14,0,1.000000000000,0.964285714286,0.928571428571,0.688582387636
berta,embedding,sergeyzh/BERTA,914c8c8aed14042ed890fc2c662d5e9e66b2faa7,624bf7d5d8e5cc7d5bd4cd590ce5da41157051eaae95b8c1bf5e4c8f09558fdc,dense,branch_diagnostic,preliminary_filtered,literal-citation questions after preliminary technical screening,186,category,268,Акцизы,50,240,191,186,49,14,14,0,1.000000000000,0.964285714286,0.928571428571,0.688582387636
berta,embedding,sergeyzh/BERTA,914c8c8aed14042ed890fc2c662d5e9e66b2faa7,624bf7d5d8e5cc7d5bd4cd590ce5da41157051eaae95b8c1bf5e4c8f09558fdc,dense,branch_diagnostic,literal_citation_all,all literal-citation questions,191,category,270,ЕСХН,10,240,191,186,49,16,16,0,1.000000000000,1.000000000000,1.000000000000,0.785922298611
berta,embedding,sergeyzh/BERTA,914c8c8aed14042ed890fc2c662d5e9e66b2faa7,624bf7d5d8e5cc7d5bd4cd590ce5da41157051eaae95b8c1bf5e4c8f09558fdc,dense,branch_diagnostic,preliminary_filtered,literal-citation questions after preliminary technical screening,186,category,270,ЕСХН,10,240,191,186,49,16,16,0,1.000000000000,1.000000000000,1.000000000000,0.785922298611
berta,embedding,sergeyzh/BERTA,914c8c8aed14042ed890fc2c662d5e9e66b2faa7,624bf7d5d8e5cc7d5bd4cd590ce5da41157051eaae95b8c1bf5e4c8f09558fdc,dense,branch_diagnostic,literal_citation_all,all literal-citation questions,191,category,270,ЕСХН,20,240,191,186,49,16,16,0,1.000000000000,1.000000000000,1.000000000000,0.785922298611
berta,embedding,sergeyzh/BERTA,914c8c8aed14042ed890fc2c662d5e9e66b2faa7,624bf7d5d8e5cc7d5bd4cd590ce5da41157051eaae95b8c1bf5e4c8f09558fdc,dense,branch_diagnostic,preliminary_filtered,literal-citation questions after preliminary technical screening,186,category,270,ЕСХН,20,240,191,186,49,16,16,0,1.000000000000,1.000000000000,1.000000000000,0.785922298611
berta,embedding,sergeyzh/BERTA,914c8c8aed14042ed890fc2c662d5e9e66b2faa7,624bf7d5d8e5cc7d5bd4cd590ce5da41157051eaae95b8c1bf5e4c8f09558fdc,dense,branch_diagnostic,literal_citation_all,all literal-citation questions,191,category,270,ЕСХН,50,240,191,186,49,16,16,0,1.000000000000,1.000000000000,1.000000000000,0.785922298611
berta,embedding,sergeyzh/BERTA,914c8c8aed14042ed890fc2c662d5e9e66b2faa7,624bf7d5d8e5cc7d5bd4cd590ce5da41157051eaae95b8c1bf5e4c8f09558fdc,dense,branch_diagnostic,preliminary_filtered,literal-citation questions after preliminary technical screening,186,category,270,ЕСХН,50,240,191,186,49,16,16,0,1.000000000000,1.000000000000,1.000000000000,0.785922298611
berta,embedding,sergeyzh/BERTA,914c8c8aed14042ed890fc2c662d5e9e66b2faa7,624bf7d5d8e5cc7d5bd4cd590ce5da41157051eaae95b8c1bf5e4c8f09558fdc,dense,branch_diagnostic,literal_citation_all,all literal-citation questions,191,category,264,Налог на прибыль,10,240,191,186,49,17,17,0,0.882352941176,0.852941176471,0.823529411765,0.651069909496
berta,embedding,sergeyzh/BERTA,914c8c8aed14042ed890fc2c662d5e9e66b2faa7,624bf7d5d8e5cc7d5bd4cd590ce5da41157051eaae95b8c1bf5e4c8f09558fdc,dense,branch_diagnostic,preliminary_filtered,literal-citation questions after preliminary technical screening,186,category,264,Налог на прибыль,10,240,191,186,49,17,17,0,0.882352941176,0.852941176471,0.823529411765,0.651069909496
berta,embedding,sergeyzh/BERTA,914c8c8aed14042ed890fc2c662d5e9e66b2faa7,624bf7d5d8e5cc7d5bd4cd590ce5da41157051eaae95b8c1bf5e4c8f09558fdc,dense,branch_diagnostic,literal_citation_all,all literal-citation questions,191,category,264,Налог на прибыль,20,240,191,186,49,17,17,0,0.882352941176,0.852941176471,0.823529411765,0.651069909496
berta,embedding,sergeyzh/BERTA,914c8c8aed14042ed890fc2c662d5e9e66b2faa7,624bf7d5d8e5cc7d5bd4cd590ce5da41157051eaae95b8c1bf5e4c8f09558fdc,dense,branch_diagnostic,preliminary_filtered,literal-citation questions after preliminary technical screening,186,category,264,Налог на прибыль,20,240,191,186,49,17,17,0,0.882352941176,0.852941176471,0.823529411765,0.651069909496
berta,embedding,sergeyzh/BERTA,914c8c8aed14042ed890fc2c662d5e9e66b2faa7,624bf7d5d8e5cc7d5bd4cd590ce5da41157051eaae95b8c1bf5e4c8f09558fdc,dense,branch_diagnostic,literal_citation_all,all literal-citation questions,191,category,264,Налог на прибыль,50,240,191,186,49,17,17,0,0.882352941176,0.852941176471,0.823529411765,0.651069909496
berta,embedding,sergeyzh/BERTA,914c8c8aed14042ed890fc2c662d5e9e66b2faa7,624bf7d5d8e5cc7d5bd4cd590ce5da41157051eaae95b8c1bf5e4c8f09558fdc,dense,branch_diagnostic,preliminary_filtered,literal-citation questions after preliminary technical screening,186,category,264,Налог на прибыль,50,240,191,186,49,17,17,0,0.882352941176,0.852941176471,0.823529411765,0.651069909496
berta,embedding,sergeyzh/BERTA,914c8c8aed14042ed890fc2c662d5e9e66b2faa7,624bf7d5d8e5cc7d5bd4cd590ce5da41157051eaae95b8c1bf5e4c8f09558fdc,dense,branch_diagnostic,literal_citation_all,all literal-citation questions,191,category,259,Налог на имущество,10,240,191,186,49,16,16,0,0.812500000000,0.713541666667,0.562500000000,0.531618322941
berta,embedding,sergeyzh/BERTA,914c8c8aed14042ed890fc2c662d5e9e66b2faa7,624bf7d5d8e5cc7d5bd4cd590ce5da41157051eaae95b8c1bf5e4c8f09558fdc,dense,branch_diagnostic,preliminary_filtered,literal-citation questions after preliminary technical screening,186,category,259,Налог на имущество,10,240,191,186,49,16,16,0,0.812500000000,0.713541666667,0.562500000000,0.531618322941
berta,embedding,sergeyzh/BERTA,914c8c8aed14042ed890fc2c662d5e9e66b2faa7,624bf7d5d8e5cc7d5bd4cd590ce5da41157051eaae95b8c1bf5e4c8f09558fdc,dense,branch_diagnostic,literal_citation_all,all literal-citation questions,191,category,259,Налог на имущество,20,240,191,186,49,16,16,0,0.937500000000,0.906250000000,0.812500000000,0.586474037446
berta,embedding,sergeyzh/BERTA,914c8c8aed14042ed890fc2c662d5e9e66b2faa7,624bf7d5d8e5cc7d5bd4cd590ce5da41157051eaae95b8c1bf5e4c8f09558fdc,dense,branch_diagnostic,preliminary_filtered,literal-citation questions after preliminary technical screening,186,category,259,Налог на имущество,20,240,191,186,49,16,16,0,0.937500000000,0.906250000000,0.812500000000,0.586474037446
berta,embedding,sergeyzh/BERTA,914c8c8aed14042ed890fc2c662d5e9e66b2faa7,624bf7d5d8e5cc7d5bd4cd590ce5da41157051eaae95b8c1bf5e4c8f09558fdc,dense,branch_diagnostic,literal_citation_all,all literal-citation questions,191,category,259,Налог на имущество,50,240,191,186,49,16,16,0,0.937500000000,0.906250000000,0.812500000000,0.586474037446
berta,embedding,sergeyzh/BERTA,914c8c8aed14042ed890fc2c662d5e9e66b2faa7,624bf7d5d8e5cc7d5bd4cd590ce5da41157051eaae95b8c1bf5e4c8f09558fdc,dense,branch_diagnostic,preliminary_filtered,literal-citation questions after preliminary technical screening,186,category,259,Налог на имущество,50,240,191,186,49,16,16,0,0.937500000000,0.906250000000,0.812500000000,0.586474037446
berta,embedding,sergeyzh/BERTA,914c8c8aed14042ed890fc2c662d5e9e66b2faa7,624bf7d5d8e5cc7d5bd4cd590ce5da41157051eaae95b8c1bf5e4c8f09558fdc,dense,branch_diagnostic,literal_citation_all,all literal-citation questions,191,category,265,НДС,10,240,191,186,49,12,12,0,0.750000000000,0.666666666667,0.583333333333,0.526645977258
berta,embedding,sergeyzh/BERTA,914c8c8aed14042ed890fc2c662d5e9e66b2faa7,624bf7d5d8e5cc7d5bd4cd590ce5da41157051eaae95b8c1bf5e4c8f09558fdc,dense,branch_diagnostic,preliminary_filtered,literal-citation questions after preliminary technical screening,186,category,265,НДС,10,240,191,186,49,12,10,2,0.700000000000,0.600000000000,0.500000000000,0.553286798191
berta,embedding,sergeyzh/BERTA,914c8c8aed14042ed890fc2c662d5e9e66b2faa7,624bf7d5d8e5cc7d5bd4cd590ce5da41157051eaae95b8c1bf5e4c8f09558fdc,dense,branch_diagnostic,literal_citation_all,all literal-citation questions,191,category,265,НДС,20,240,191,186,49,12,12,0,0.750000000000,0.708333333333,0.666666666667,0.539724305956
berta,embedding,sergeyzh/BERTA,914c8c8aed14042ed890fc2c662d5e9e66b2faa7,624bf7d5d8e5cc7d5bd4cd590ce5da41157051eaae95b8c1bf5e4c8f09558fdc,dense,branch_diagnostic,preliminary_filtered,literal-citation questions after preliminary technical screening,186,category,265,НДС,20,240,191,186,49,12,10,2,0.700000000000,0.650000000000,0.600000000000,0.568980792629
berta,embedding,sergeyzh/BERTA,914c8c8aed14042ed890fc2c662d5e9e66b2faa7,624bf7d5d8e5cc7d5bd4cd590ce5da41157051eaae95b8c1bf5e4c8f09558fdc,dense,branch_diagnostic,literal_citation_all,all literal-citation questions,191,category,265,НДС,50,240,191,186,49,12,12,0,0.750000000000,0.750000000000,0.750000000000,0.549028196374
berta,embedding,sergeyzh/BERTA,914c8c8aed14042ed890fc2c662d5e9e66b2faa7,624bf7d5d8e5cc7d5bd4cd590ce5da41157051eaae95b8c1bf5e4c8f09558fdc,dense,branch_diagnostic,preliminary_filtered,literal-citation questions after preliminary technical screening,186,category,265,НДС,50,240,191,186,49,12,10,2,0.700000000000,0.700000000000,0.700000000000,0.580145461130
berta,embedding,sergeyzh/BERTA,914c8c8aed14042ed890fc2c662d5e9e66b2faa7,624bf7d5d8e5cc7d5bd4cd590ce5da41157051eaae95b8c1bf5e4c8f09558fdc,dense,branch_diagnostic,literal_citation_all,all literal-citation questions,191,category,911,Налог на профессиональный доход,10,240,191,186,49,2,2,0,1.000000000000,1.000000000000,1.000000000000,0.815464876786
berta,embedding,sergeyzh/BERTA,914c8c8aed14042ed890fc2c662d5e9e66b2faa7,624bf7d5d8e5cc7d5bd4cd590ce5da41157051eaae95b8c1bf5e4c8f09558fdc,dense,branch_diagnostic,preliminary_filtered,literal-citation questions after preliminary technical screening,186,category,911,Налог на профессиональный доход,10,240,191,186,49,2,2,0,1.000000000000,1.000000000000,1.000000000000,0.815464876786
berta,embedding,sergeyzh/BERTA,914c8c8aed14042ed890fc2c662d5e9e66b2faa7,624bf7d5d8e5cc7d5bd4cd590ce5da41157051eaae95b8c1bf5e4c8f09558fdc,dense,branch_diagnostic,literal_citation_all,all literal-citation questions,191,category,911,Налог на профессиональный доход,20,240,191,186,49,2,2,0,1.000000000000,1.000000000000,1.000000000000,0.815464876786
berta,embedding,sergeyzh/BERTA,914c8c8aed14042ed890fc2c662d5e9e66b2faa7,624bf7d5d8e5cc7d5bd4cd590ce5da41157051eaae95b8c1bf5e4c8f09558fdc,dense,branch_diagnostic,preliminary_filtered,literal-citation questions after preliminary technical screening,186,category,911,Налог на профессиональный доход,20,240,191,186,49,2,2,0,1.000000000000,1.000000000000,1.000000000000,0.815464876786
berta,embedding,sergeyzh/BERTA,914c8c8aed14042ed890fc2c662d5e9e66b2faa7,624bf7d5d8e5cc7d5bd4cd590ce5da41157051eaae95b8c1bf5e4c8f09558fdc,dense,branch_diagnostic,literal_citation_all,all literal-citation questions,191,category,911,Налог на профессиональный доход,50,240,191,186,49,2,2,0,1.000000000000,1.000000000000,1.000000000000,0.815464876786
berta,embedding,sergeyzh/BERTA,914c8c8aed14042ed890fc2c662d5e9e66b2faa7,624bf7d5d8e5cc7d5bd4cd590ce5da41157051eaae95b8c1bf5e4c8f09558fdc,dense,branch_diagnostic,preliminary_filtered,literal-citation questions after preliminary technical screening,186,category,911,Налог на профессиональный доход,50,240,191,186,49,2,2,0,1.000000000000,1.000000000000,1.000000000000,0.815464876786
berta,embedding,sergeyzh/BERTA,914c8c8aed14042ed890fc2c662d5e9e66b2faa7,624bf7d5d8e5cc7d5bd4cd590ce5da41157051eaae95b8c1bf5e4c8f09558fdc,hybrid,branch_diagnostic,literal_citation_all,all literal-citation questions,191,all,all,all,10,240,191,186,49,191,191,0,0.863874345550,0.790575916230,0.712041884817,0.650017476039
berta,embedding,sergeyzh/BERTA,914c8c8aed14042ed890fc2c662d5e9e66b2faa7,624bf7d5d8e5cc7d5bd4cd590ce5da41157051eaae95b8c1bf5e4c8f09558fdc,hybrid,branch_diagnostic,literal_citation_all,all literal-citation questions,191,multi,multi,multiple citations,10,240,191,186,49,52,52,0,0.923076923077,0.653846153846,0.365384615385,0.572271006146
berta,embedding,sergeyzh/BERTA,914c8c8aed14042ed890fc2c662d5e9e66b2faa7,624bf7d5d8e5cc7d5bd4cd590ce5da41157051eaae95b8c1bf5e4c8f09558fdc,hybrid,branch_diagnostic,literal_citation_all,all literal-citation questions,191,sensitivity,without_flagged_duplicate,all eligible except flagged duplicate,10,240,191,186,49,239,190,49,0.863157894737,0.789473684211,0.710526315789,0.648175462755
berta,embedding,sergeyzh/BERTA,914c8c8aed14042ed890fc2c662d5e9e66b2faa7,624bf7d5d8e5cc7d5bd4cd590ce5da41157051eaae95b8c1bf5e4c8f09558fdc,hybrid,branch_diagnostic,literal_citation_all,all literal-citation questions,191,category,267,УСН,10,240,191,186,49,17,17,0,0.823529411765,0.647058823529,0.470588235294,0.563625396599
berta,embedding,sergeyzh/BERTA,914c8c8aed14042ed890fc2c662d5e9e66b2faa7,624bf7d5d8e5cc7d5bd4cd590ce5da41157051eaae95b8c1bf5e4c8f09558fdc,hybrid,branch_diagnostic,preliminary_filtered,literal-citation questions after preliminary technical screening,186,all,all,all,10,240,191,186,49,191,186,5,0.876344086022,0.801075268817,0.720430107527,0.659426547975
berta,embedding,sergeyzh/BERTA,914c8c8aed14042ed890fc2c662d5e9e66b2faa7,624bf7d5d8e5cc7d5bd4cd590ce5da41157051eaae95b8c1bf5e4c8f09558fdc,hybrid,branch_diagnostic,preliminary_filtered,literal-citation questions after preliminary technical screening,186,multi,multi,multiple citations,10,240,191,186,49,52,51,1,0.941176470588,0.666666666667,0.372549019608,0.583492006267
berta,embedding,sergeyzh/BERTA,914c8c8aed14042ed890fc2c662d5e9e66b2faa7,624bf7d5d8e5cc7d5bd4cd590ce5da41157051eaae95b8c1bf5e4c8f09558fdc,hybrid,branch_diagnostic,preliminary_filtered,literal-citation questions after preliminary technical screening,186,sensitivity,without_flagged_duplicate,all eligible except flagged duplicate,10,240,191,186,49,239,185,54,0.875675675676,0.800000000000,0.718918918919,0.657585610397
berta,embedding,sergeyzh/BERTA,914c8c8aed14042ed890fc2c662d5e9e66b2faa7,624bf7d5d8e5cc7d5bd4cd590ce5da41157051eaae95b8c1bf5e4c8f09558fdc,hybrid,branch_diagnostic,preliminary_filtered,literal-citation questions after preliminary technical screening,186,category,267,УСН,10,240,191,186,49,17,16,1,0.875000000000,0.687500000000,0.500000000000,0.598851983887
berta,embedding,sergeyzh/BERTA,914c8c8aed14042ed890fc2c662d5e9e66b2faa7,624bf7d5d8e5cc7d5bd4cd590ce5da41157051eaae95b8c1bf5e4c8f09558fdc,hybrid,branch_diagnostic,literal_citation_all,all literal-citation questions,191,all,all,all,20,240,191,186,49,191,191,0,0.931937172775,0.878010471204,0.816753926702,0.675235719844
berta,embedding,sergeyzh/BERTA,914c8c8aed14042ed890fc2c662d5e9e66b2faa7,624bf7d5d8e5cc7d5bd4cd590ce5da41157051eaae95b8c1bf5e4c8f09558fdc,hybrid,branch_diagnostic,literal_citation_all,all literal-citation questions,191,multi,multi,multiple citations,20,240,191,186,49,52,52,0,0.980769230769,0.782692307692,0.557692307692,0.615541291665
berta,embedding,sergeyzh/BERTA,914c8c8aed14042ed890fc2c662d5e9e66b2faa7,624bf7d5d8e5cc7d5bd4cd590ce5da41157051eaae95b8c1bf5e4c8f09558fdc,hybrid,branch_diagnostic,literal_citation_all,all literal-citation questions,191,sensitivity,without_flagged_duplicate,all eligible except flagged duplicate,20,240,191,186,49,239,190,49,0.931578947368,0.877368421053,0.815789473684,0.673526434159
berta,embedding,sergeyzh/BERTA,914c8c8aed14042ed890fc2c662d5e9e66b2faa7,624bf7d5d8e5cc7d5bd4cd590ce5da41157051eaae95b8c1bf5e4c8f09558fdc,hybrid,branch_diagnostic,literal_citation_all,all literal-citation questions,191,category,267,УСН,20,240,191,186,49,17,17,0,0.941176470588,0.764705882353,0.588235294118,0.598652065638
berta,embedding,sergeyzh/BERTA,914c8c8aed14042ed890fc2c662d5e9e66b2faa7,624bf7d5d8e5cc7d5bd4cd590ce5da41157051eaae95b8c1bf5e4c8f09558fdc,hybrid,branch_diagnostic,preliminary_filtered,literal-citation questions after preliminary technical screening,186,all,all,all,20,240,191,186,49,191,186,5,0.930107526882,0.877419354839,0.817204301075,0.681710366302
berta,embedding,sergeyzh/BERTA,914c8c8aed14042ed890fc2c662d5e9e66b2faa7,624bf7d5d8e5cc7d5bd4cd590ce5da41157051eaae95b8c1bf5e4c8f09558fdc,hybrid,branch_diagnostic,preliminary_filtered,literal-citation questions after preliminary technical screening,186,multi,multi,multiple citations,20,240,191,186,49,52,51,1,0.980392156863,0.788235294118,0.568627450980,0.624605105263
berta,embedding,sergeyzh/BERTA,914c8c8aed14042ed890fc2c662d5e9e66b2faa7,624bf7d5d8e5cc7d5bd4cd590ce5da41157051eaae95b8c1bf5e4c8f09558fdc,hybrid,branch_diagnostic,preliminary_filtered,literal-citation questions after preliminary technical screening,186,sensitivity,without_flagged_duplicate,all eligible except flagged duplicate,20,240,191,186,49,239,185,54,0.929729729730,0.876756756757,0.816216216216,0.679989881795
berta,embedding,sergeyzh/BERTA,914c8c8aed14042ed890fc2c662d5e9e66b2faa7,624bf7d5d8e5cc7d5bd4cd590ce5da41157051eaae95b8c1bf5e4c8f09558fdc,hybrid,branch_diagnostic,preliminary_filtered,literal-citation questions after preliminary technical screening,186,category,267,УСН,20,240,191,186,49,17,16,1,0.937500000000,0.750000000000,0.562500000000,0.620070443190
berta,embedding,sergeyzh/BERTA,914c8c8aed14042ed890fc2c662d5e9e66b2faa7,624bf7d5d8e5cc7d5bd4cd590ce5da41157051eaae95b8c1bf5e4c8f09558fdc,hybrid,branch_diagnostic,literal_citation_all,all literal-citation questions,191,all,all,all,50,240,191,186,49,191,191,0,0.979057591623,0.935776614311,0.884816753927,0.687602116683
berta,embedding,sergeyzh/BERTA,914c8c8aed14042ed890fc2c662d5e9e66b2faa7,624bf7d5d8e5cc7d5bd4cd590ce5da41157051eaae95b8c1bf5e4c8f09558fdc,hybrid,branch_diagnostic,literal_citation_all,all literal-citation questions,191,multi,multi,multiple citations,50,240,191,186,49,52,52,0,1.000000000000,0.841025641026,0.653846153846,0.630713029279
berta,embedding,sergeyzh/BERTA,914c8c8aed14042ed890fc2c662d5e9e66b2faa7,624bf7d5d8e5cc7d5bd4cd590ce5da41157051eaae95b8c1bf5e4c8f09558fdc,hybrid,branch_diagnostic,literal_citation_all,all literal-citation questions,191,sensitivity,without_flagged_duplicate,all eligible except flagged duplicate,50,240,191,186,49,239,190,49,0.978947368421,0.935438596491,0.884210526316,0.685957917297
berta,embedding,sergeyzh/BERTA,914c8c8aed14042ed890fc2c662d5e9e66b2faa7,624bf7d5d8e5cc7d5bd4cd590ce5da41157051eaae95b8c1bf5e4c8f09558fdc,hybrid,branch_diagnostic,literal_citation_all,all literal-citation questions,191,category,267,УСН,50,240,191,186,49,17,17,0,1.000000000000,0.823529411765,0.647058823529,0.610525541319
berta,embedding,sergeyzh/BERTA,914c8c8aed14042ed890fc2c662d5e9e66b2faa7,624bf7d5d8e5cc7d5bd4cd590ce5da41157051eaae95b8c1bf5e4c8f09558fdc,hybrid,branch_diagnostic,preliminary_filtered,literal-citation questions after preliminary technical screening,186,all,all,all,50,240,191,186,49,191,186,5,0.978494623656,0.934050179211,0.881720430108,0.693707877865
berta,embedding,sergeyzh/BERTA,914c8c8aed14042ed890fc2c662d5e9e66b2faa7,624bf7d5d8e5cc7d5bd4cd590ce5da41157051eaae95b8c1bf5e4c8f09558fdc,hybrid,branch_diagnostic,preliminary_filtered,literal-citation questions after preliminary technical screening,186,multi,multi,multiple citations,50,240,191,186,49,52,51,1,1.000000000000,0.837908496732,0.647058823529,0.637516589780
berta,embedding,sergeyzh/BERTA,914c8c8aed14042ed890fc2c662d5e9e66b2faa7,624bf7d5d8e5cc7d5bd4cd590ce5da41157051eaae95b8c1bf5e4c8f09558fdc,hybrid,branch_diagnostic,preliminary_filtered,literal-citation questions after preliminary technical screening,186,sensitivity,without_flagged_duplicate,all eligible except flagged duplicate,50,240,191,186,49,239,185,54,0.978378378378,0.933693693694,0.881081081081,0.692052244773
berta,embedding,sergeyzh/BERTA,914c8c8aed14042ed890fc2c662d5e9e66b2faa7,624bf7d5d8e5cc7d5bd4cd590ce5da41157051eaae95b8c1bf5e4c8f09558fdc,hybrid,branch_diagnostic,preliminary_filtered,literal-citation questions after preliminary technical screening,186,category,267,УСН,50,240,191,186,49,17,16,1,1.000000000000,0.812500000000,0.625000000000,0.632686011101
berta,embedding,sergeyzh/BERTA,914c8c8aed14042ed890fc2c662d5e9e66b2faa7,624bf7d5d8e5cc7d5bd4cd590ce5da41157051eaae95b8c1bf5e4c8f09558fdc,hybrid,branch_diagnostic,literal_citation_all,all literal-citation questions,191,single,single,single citation,10,240,191,186,49,139,139,0,0.841726618705,0.841726618705,0.841726618705,0.679102486358
berta,embedding,sergeyzh/BERTA,914c8c8aed14042ed890fc2c662d5e9e66b2faa7,624bf7d5d8e5cc7d5bd4cd590ce5da41157051eaae95b8c1bf5e4c8f09558fdc,hybrid,branch_diagnostic,literal_citation_all,all literal-citation questions,191,category,705,Налоговый контроль,10,240,191,186,49,12,12,0,1.000000000000,0.958333333333,0.916666666667,0.815545444320
berta,embedding,sergeyzh/BERTA,914c8c8aed14042ed890fc2c662d5e9e66b2faa7,624bf7d5d8e5cc7d5bd4cd590ce5da41157051eaae95b8c1bf5e4c8f09558fdc,hybrid,branch_diagnostic,preliminary_filtered,literal-citation questions after preliminary technical screening,186,single,single,single citation,10,240,191,186,49,139,135,4,0.851851851852,0.851851851852,0.851851851852,0.688112930398
berta,embedding,sergeyzh/BERTA,914c8c8aed14042ed890fc2c662d5e9e66b2faa7,624bf7d5d8e5cc7d5bd4cd590ce5da41157051eaae95b8c1bf5e4c8f09558fdc,hybrid,branch_diagnostic,preliminary_filtered,literal-citation questions after preliminary technical screening,186,category,705,Налоговый контроль,10,240,191,186,49,12,12,0,1.000000000000,0.958333333333,0.916666666667,0.815545444320
berta,embedding,sergeyzh/BERTA,914c8c8aed14042ed890fc2c662d5e9e66b2faa7,624bf7d5d8e5cc7d5bd4cd590ce5da41157051eaae95b8c1bf5e4c8f09558fdc,hybrid,branch_diagnostic,literal_citation_all,all literal-citation questions,191,single,single,single citation,20,240,191,186,49,139,139,0,0.913669064748,0.913669064748,0.913669064748,0.697567448371
berta,embedding,sergeyzh/BERTA,914c8c8aed14042ed890fc2c662d5e9e66b2faa7,624bf7d5d8e5cc7d5bd4cd590ce5da41157051eaae95b8c1bf5e4c8f09558fdc,hybrid,branch_diagnostic,literal_citation_all,all literal-citation questions,191,category,705,Налоговый контроль,20,240,191,186,49,12,12,0,1.000000000000,0.958333333333,0.916666666667,0.815545444320
berta,embedding,sergeyzh/BERTA,914c8c8aed14042ed890fc2c662d5e9e66b2faa7,624bf7d5d8e5cc7d5bd4cd590ce5da41157051eaae95b8c1bf5e4c8f09558fdc,hybrid,branch_diagnostic,preliminary_filtered,literal-citation questions after preliminary technical screening,186,single,single,single citation,20,240,191,186,49,139,135,4,0.911111111111,0.911111111111,0.911111111111,0.703283464917
berta,embedding,sergeyzh/BERTA,914c8c8aed14042ed890fc2c662d5e9e66b2faa7,624bf7d5d8e5cc7d5bd4cd590ce5da41157051eaae95b8c1bf5e4c8f09558fdc,hybrid,branch_diagnostic,preliminary_filtered,literal-citation questions after preliminary technical screening,186,category,705,Налоговый контроль,20,240,191,186,49,12,12,0,1.000000000000,0.958333333333,0.916666666667,0.815545444320
berta,embedding,sergeyzh/BERTA,914c8c8aed14042ed890fc2c662d5e9e66b2faa7,624bf7d5d8e5cc7d5bd4cd590ce5da41157051eaae95b8c1bf5e4c8f09558fdc,hybrid,branch_diagnostic,literal_citation_all,all literal-citation questions,191,single,single,single citation,50,240,191,186,49,139,139,0,0.971223021583,0.971223021583,0.971223021583,0.708884365209
berta,embedding,sergeyzh/BERTA,914c8c8aed14042ed890fc2c662d5e9e66b2faa7,624bf7d5d8e5cc7d5bd4cd590ce5da41157051eaae95b8c1bf5e4c8f09558fdc,hybrid,branch_diagnostic,literal_citation_all,all literal-citation questions,191,category,705,Налоговый контроль,50,240,191,186,49,12,12,0,1.000000000000,0.958333333333,0.916666666667,0.815545444320
berta,embedding,sergeyzh/BERTA,914c8c8aed14042ed890fc2c662d5e9e66b2faa7,624bf7d5d8e5cc7d5bd4cd590ce5da41157051eaae95b8c1bf5e4c8f09558fdc,hybrid,branch_diagnostic,preliminary_filtered,literal-citation questions after preliminary technical screening,186,single,single,single citation,50,240,191,186,49,139,135,4,0.970370370370,0.970370370370,0.970370370370,0.714935697809
berta,embedding,sergeyzh/BERTA,914c8c8aed14042ed890fc2c662d5e9e66b2faa7,624bf7d5d8e5cc7d5bd4cd590ce5da41157051eaae95b8c1bf5e4c8f09558fdc,hybrid,branch_diagnostic,preliminary_filtered,literal-citation questions after preliminary technical screening,186,category,705,Налоговый контроль,50,240,191,186,49,12,12,0,1.000000000000,0.958333333333,0.916666666667,0.815545444320
berta,embedding,sergeyzh/BERTA,914c8c8aed14042ed890fc2c662d5e9e66b2faa7,624bf7d5d8e5cc7d5bd4cd590ce5da41157051eaae95b8c1bf5e4c8f09558fdc,hybrid,branch_diagnostic,literal_citation_all,all literal-citation questions,191,category,263,НДФЛ,10,240,191,186,49,15,15,0,0.933333333333,0.877777777778,0.800000000000,0.863199669025
berta,embedding,sergeyzh/BERTA,914c8c8aed14042ed890fc2c662d5e9e66b2faa7,624bf7d5d8e5cc7d5bd4cd590ce5da41157051eaae95b8c1bf5e4c8f09558fdc,hybrid,branch_diagnostic,preliminary_filtered,literal-citation questions after preliminary technical screening,186,category,263,НДФЛ,10,240,191,186,49,15,15,0,0.933333333333,0.877777777778,0.800000000000,0.863199669025
berta,embedding,sergeyzh/BERTA,914c8c8aed14042ed890fc2c662d5e9e66b2faa7,624bf7d5d8e5cc7d5bd4cd590ce5da41157051eaae95b8c1bf5e4c8f09558fdc,hybrid,branch_diagnostic,literal_citation_all,all literal-citation questions,191,category,263,НДФЛ,20,240,191,186,49,15,15,0,1.000000000000,0.911111111111,0.800000000000,0.876541545766
berta,embedding,sergeyzh/BERTA,914c8c8aed14042ed890fc2c662d5e9e66b2faa7,624bf7d5d8e5cc7d5bd4cd590ce5da41157051eaae95b8c1bf5e4c8f09558fdc,hybrid,branch_diagnostic,preliminary_filtered,literal-citation questions after preliminary technical screening,186,category,263,НДФЛ,20,240,191,186,49,15,15,0,1.000000000000,0.911111111111,0.800000000000,0.876541545766
berta,embedding,sergeyzh/BERTA,914c8c8aed14042ed890fc2c662d5e9e66b2faa7,624bf7d5d8e5cc7d5bd4cd590ce5da41157051eaae95b8c1bf5e4c8f09558fdc,hybrid,branch_diagnostic,literal_citation_all,all literal-citation questions,191,category,263,НДФЛ,50,240,191,186,49,15,15,0,1.000000000000,0.911111111111,0.800000000000,0.876541545766
berta,embedding,sergeyzh/BERTA,914c8c8aed14042ed890fc2c662d5e9e66b2faa7,624bf7d5d8e5cc7d5bd4cd590ce5da41157051eaae95b8c1bf5e4c8f09558fdc,hybrid,branch_diagnostic,preliminary_filtered,literal-citation questions after preliminary technical screening,186,category,263,НДФЛ,50,240,191,186,49,15,15,0,1.000000000000,0.911111111111,0.800000000000,0.876541545766
berta,embedding,sergeyzh/BERTA,914c8c8aed14042ed890fc2c662d5e9e66b2faa7,624bf7d5d8e5cc7d5bd4cd590ce5da41157051eaae95b8c1bf5e4c8f09558fdc,hybrid,branch_diagnostic,literal_citation_all,all literal-citation questions,191,category,704,Трансфертное ценообразование,10,240,191,186,49,17,17,0,1.000000000000,1.000000000000,1.000000000000,0.857616162835
berta,embedding,sergeyzh/BERTA,914c8c8aed14042ed890fc2c662d5e9e66b2faa7,624bf7d5d8e5cc7d5bd4cd590ce5da41157051eaae95b8c1bf5e4c8f09558fdc,hybrid,branch_diagnostic,preliminary_filtered,literal-citation questions after preliminary technical screening,186,category,704,Трансфертное ценообразование,10,240,191,186,49,17,17,0,1.000000000000,1.000000000000,1.000000000000,0.857616162835
berta,embedding,sergeyzh/BERTA,914c8c8aed14042ed890fc2c662d5e9e66b2faa7,624bf7d5d8e5cc7d5bd4cd590ce5da41157051eaae95b8c1bf5e4c8f09558fdc,hybrid,branch_diagnostic,literal_citation_all,all literal-citation questions,191,category,704,Трансфертное ценообразование,20,240,191,186,49,17,17,0,1.000000000000,1.000000000000,1.000000000000,0.857616162835
berta,embedding,sergeyzh/BERTA,914c8c8aed14042ed890fc2c662d5e9e66b2faa7,624bf7d5d8e5cc7d5bd4cd590ce5da41157051eaae95b8c1bf5e4c8f09558fdc,hybrid,branch_diagnostic,preliminary_filtered,literal-citation questions after preliminary technical screening,186,category,704,Трансфертное ценообразование,20,240,191,186,49,17,17,0,1.000000000000,1.000000000000,1.000000000000,0.857616162835
berta,embedding,sergeyzh/BERTA,914c8c8aed14042ed890fc2c662d5e9e66b2faa7,624bf7d5d8e5cc7d5bd4cd590ce5da41157051eaae95b8c1bf5e4c8f09558fdc,hybrid,branch_diagnostic,literal_citation_all,all literal-citation questions,191,category,704,Трансфертное ценообразование,50,240,191,186,49,17,17,0,1.000000000000,1.000000000000,1.000000000000,0.857616162835
berta,embedding,sergeyzh/BERTA,914c8c8aed14042ed890fc2c662d5e9e66b2faa7,624bf7d5d8e5cc7d5bd4cd590ce5da41157051eaae95b8c1bf5e4c8f09558fdc,hybrid,branch_diagnostic,preliminary_filtered,literal-citation questions after preliminary technical screening,186,category,704,Трансфертное ценообразование,50,240,191,186,49,17,17,0,1.000000000000,1.000000000000,1.000000000000,0.857616162835
berta,embedding,sergeyzh/BERTA,914c8c8aed14042ed890fc2c662d5e9e66b2faa7,624bf7d5d8e5cc7d5bd4cd590ce5da41157051eaae95b8c1bf5e4c8f09558fdc,hybrid,branch_diagnostic,literal_citation_all,all literal-citation questions,191,category,246,Урегулирование задолженности,10,240,191,186,49,9,9,0,0.888888888889,0.833333333333,0.777777777778,0.645321319268
berta,embedding,sergeyzh/BERTA,914c8c8aed14042ed890fc2c662d5e9e66b2faa7,624bf7d5d8e5cc7d5bd4cd590ce5da41157051eaae95b8c1bf5e4c8f09558fdc,hybrid,branch_diagnostic,preliminary_filtered,literal-citation questions after preliminary technical screening,186,category,246,Урегулирование задолженности,10,240,191,186,49,9,9,0,0.888888888889,0.833333333333,0.777777777778,0.645321319268
berta,embedding,sergeyzh/BERTA,914c8c8aed14042ed890fc2c662d5e9e66b2faa7,624bf7d5d8e5cc7d5bd4cd590ce5da41157051eaae95b8c1bf5e4c8f09558fdc,hybrid,branch_diagnostic,literal_citation_all,all literal-citation questions,191,category,246,Урегулирование задолженности,20,240,191,186,49,9,9,0,0.888888888889,0.888888888889,0.888888888889,0.661988740724
berta,embedding,sergeyzh/BERTA,914c8c8aed14042ed890fc2c662d5e9e66b2faa7,624bf7d5d8e5cc7d5bd4cd590ce5da41157051eaae95b8c1bf5e4c8f09558fdc,hybrid,branch_diagnostic,preliminary_filtered,literal-citation questions after preliminary technical screening,186,category,246,Урегулирование задолженности,20,240,191,186,49,9,9,0,0.888888888889,0.888888888889,0.888888888889,0.661988740724
berta,embedding,sergeyzh/BERTA,914c8c8aed14042ed890fc2c662d5e9e66b2faa7,624bf7d5d8e5cc7d5bd4cd590ce5da41157051eaae95b8c1bf5e4c8f09558fdc,hybrid,branch_diagnostic,literal_citation_all,all literal-citation questions,191,category,246,Урегулирование задолженности,50,240,191,186,49,9,9,0,0.888888888889,0.888888888889,0.888888888889,0.661988740724
berta,embedding,sergeyzh/BERTA,914c8c8aed14042ed890fc2c662d5e9e66b2faa7,624bf7d5d8e5cc7d5bd4cd590ce5da41157051eaae95b8c1bf5e4c8f09558fdc,hybrid,branch_diagnostic,preliminary_filtered,literal-citation questions after preliminary technical screening,186,category,246,Урегулирование задолженности,50,240,191,186,49,9,9,0,0.888888888889,0.888888888889,0.888888888889,0.661988740724
berta,embedding,sergeyzh/BERTA,914c8c8aed14042ed890fc2c662d5e9e66b2faa7,624bf7d5d8e5cc7d5bd4cd590ce5da41157051eaae95b8c1bf5e4c8f09558fdc,hybrid,branch_diagnostic,literal_citation_all,all literal-citation questions,191,category,1028,Единый налоговый счет,10,240,191,186,49,14,14,0,0.571428571429,0.440476190476,0.285714285714,0.349904483549
berta,embedding,sergeyzh/BERTA,914c8c8aed14042ed890fc2c662d5e9e66b2faa7,624bf7d5d8e5cc7d5bd4cd590ce5da41157051eaae95b8c1bf5e4c8f09558fdc,hybrid,branch_diagnostic,preliminary_filtered,literal-citation questions after preliminary technical screening,186,category,1028,Единый налоговый счет,10,240,191,186,49,14,13,1,0.615384615385,0.474358974359,0.307692307692,0.376820213052
berta,embedding,sergeyzh/BERTA,914c8c8aed14042ed890fc2c662d5e9e66b2faa7,624bf7d5d8e5cc7d5bd4cd590ce5da41157051eaae95b8c1bf5e4c8f09558fdc,hybrid,branch_diagnostic,literal_citation_all,all literal-citation questions,191,category,1028,Единый налоговый счет,20,240,191,186,49,14,14,0,0.857142857143,0.690476190476,0.500000000000,0.413873145432
berta,embedding,sergeyzh/BERTA,914c8c8aed14042ed890fc2c662d5e9e66b2faa7,624bf7d5d8e5cc7d5bd4cd590ce5da41157051eaae95b8c1bf5e4c8f09558fdc,hybrid,branch_diagnostic,preliminary_filtered,literal-citation questions after preliminary technical screening,186,category,1028,Единый налоговый счет,20,240,191,186,49,14,13,1,0.846153846154,0.705128205128,0.538461538462,0.433918249066
berta,embedding,sergeyzh/BERTA,914c8c8aed14042ed890fc2c662d5e9e66b2faa7,624bf7d5d8e5cc7d5bd4cd590ce5da41157051eaae95b8c1bf5e4c8f09558fdc,hybrid,branch_diagnostic,literal_citation_all,all literal-citation questions,191,category,1028,Единый налоговый счет,50,240,191,186,49,14,14,0,0.928571428571,0.869047619048,0.785714285714,0.458198997229
berta,embedding,sergeyzh/BERTA,914c8c8aed14042ed890fc2c662d5e9e66b2faa7,624bf7d5d8e5cc7d5bd4cd590ce5da41157051eaae95b8c1bf5e4c8f09558fdc,hybrid,branch_diagnostic,preliminary_filtered,literal-citation questions after preliminary technical screening,186,category,1028,Единый налоговый счет,50,240,191,186,49,14,13,1,0.923076923077,0.858974358974,0.769230769231,0.471619578270
berta,embedding,sergeyzh/BERTA,914c8c8aed14042ed890fc2c662d5e9e66b2faa7,624bf7d5d8e5cc7d5bd4cd590ce5da41157051eaae95b8c1bf5e4c8f09558fdc,hybrid,branch_diagnostic,literal_citation_all,all literal-citation questions,191,category,746,Патентная система,10,240,191,186,49,16,16,0,0.875000000000,0.679166666667,0.562500000000,0.506035672866
berta,embedding,sergeyzh/BERTA,914c8c8aed14042ed890fc2c662d5e9e66b2faa7,624bf7d5d8e5cc7d5bd4cd590ce5da41157051eaae95b8c1bf5e4c8f09558fdc,hybrid,branch_diagnostic,preliminary_filtered,literal-citation questions after preliminary technical screening,186,category,746,Патентная система,10,240,191,186,49,16,16,0,0.875000000000,0.679166666667,0.562500000000,0.506035672866
berta,embedding,sergeyzh/BERTA,914c8c8aed14042ed890fc2c662d5e9e66b2faa7,624bf7d5d8e5cc7d5bd4cd590ce5da41157051eaae95b8c1bf5e4c8f09558fdc,hybrid,branch_diagnostic,literal_citation_all,all literal-citation questions,191,category,746,Патентная система,20,240,191,186,49,16,16,0,0.937500000000,0.835416666667,0.750000000000,0.556878232047
berta,embedding,sergeyzh/BERTA,914c8c8aed14042ed890fc2c662d5e9e66b2faa7,624bf7d5d8e5cc7d5bd4cd590ce5da41157051eaae95b8c1bf5e4c8f09558fdc,hybrid,branch_diagnostic,preliminary_filtered,literal-citation questions after preliminary technical screening,186,category,746,Патентная система,20,240,191,186,49,16,16,0,0.937500000000,0.835416666667,0.750000000000,0.556878232047
berta,embedding,sergeyzh/BERTA,914c8c8aed14042ed890fc2c662d5e9e66b2faa7,624bf7d5d8e5cc7d5bd4cd590ce5da41157051eaae95b8c1bf5e4c8f09558fdc,hybrid,branch_diagnostic,literal_citation_all,all literal-citation questions,191,category,746,Патентная система,50,240,191,186,49,16,16,0,1.000000000000,0.931250000000,0.875000000000,0.580545628835
berta,embedding,sergeyzh/BERTA,914c8c8aed14042ed890fc2c662d5e9e66b2faa7,624bf7d5d8e5cc7d5bd4cd590ce5da41157051eaae95b8c1bf5e4c8f09558fdc,hybrid,branch_diagnostic,preliminary_filtered,literal-citation questions after preliminary technical screening,186,category,746,Патентная система,50,240,191,186,49,16,16,0,1.000000000000,0.931250000000,0.875000000000,0.580545628835
berta,embedding,sergeyzh/BERTA,914c8c8aed14042ed890fc2c662d5e9e66b2faa7,624bf7d5d8e5cc7d5bd4cd590ce5da41157051eaae95b8c1bf5e4c8f09558fdc,hybrid,branch_diagnostic,literal_citation_all,all literal-citation questions,191,category,882,Страховые взносы,10,240,191,186,49,14,14,0,0.857142857143,0.821428571429,0.785714285714,0.751279216437
berta,embedding,sergeyzh/BERTA,914c8c8aed14042ed890fc2c662d5e9e66b2faa7,624bf7d5d8e5cc7d5bd4cd590ce5da41157051eaae95b8c1bf5e4c8f09558fdc,hybrid,branch_diagnostic,preliminary_filtered,literal-citation questions after preliminary technical screening,186,category,882,Страховые взносы,10,240,191,186,49,14,13,1,0.846153846154,0.807692307692,0.769230769231,0.732146848470
berta,embedding,sergeyzh/BERTA,914c8c8aed14042ed890fc2c662d5e9e66b2faa7,624bf7d5d8e5cc7d5bd4cd590ce5da41157051eaae95b8c1bf5e4c8f09558fdc,hybrid,branch_diagnostic,literal_citation_all,all literal-citation questions,191,category,882,Страховые взносы,20,240,191,186,49,14,14,0,0.928571428571,0.892857142857,0.857142857143,0.770581941753
berta,embedding,sergeyzh/BERTA,914c8c8aed14042ed890fc2c662d5e9e66b2faa7,624bf7d5d8e5cc7d5bd4cd590ce5da41157051eaae95b8c1bf5e4c8f09558fdc,hybrid,branch_diagnostic,preliminary_filtered,literal-citation questions after preliminary technical screening,186,category,882,Страховые взносы,20,240,191,186,49,14,13,1,0.923076923077,0.884615384615,0.846153846154,0.752934398811
berta,embedding,sergeyzh/BERTA,914c8c8aed14042ed890fc2c662d5e9e66b2faa7,624bf7d5d8e5cc7d5bd4cd590ce5da41157051eaae95b8c1bf5e4c8f09558fdc,hybrid,branch_diagnostic,literal_citation_all,all literal-citation questions,191,category,882,Страховые взносы,50,240,191,186,49,14,14,0,1.000000000000,0.964285714286,0.928571428571,0.785604078743
berta,embedding,sergeyzh/BERTA,914c8c8aed14042ed890fc2c662d5e9e66b2faa7,624bf7d5d8e5cc7d5bd4cd590ce5da41157051eaae95b8c1bf5e4c8f09558fdc,hybrid,branch_diagnostic,preliminary_filtered,literal-citation questions after preliminary technical screening,186,category,882,Страховые взносы,50,240,191,186,49,14,13,1,1.000000000000,0.961538461538,0.923076923077,0.769112084800
berta,embedding,sergeyzh/BERTA,914c8c8aed14042ed890fc2c662d5e9e66b2faa7,624bf7d5d8e5cc7d5bd4cd590ce5da41157051eaae95b8c1bf5e4c8f09558fdc,hybrid,branch_diagnostic,literal_citation_all,all literal-citation questions,191,category,268,Акцизы,10,240,191,186,49,14,14,0,0.857142857143,0.807142857143,0.714285714286,0.617973870082
berta,embedding,sergeyzh/BERTA,914c8c8aed14042ed890fc2c662d5e9e66b2faa7,624bf7d5d8e5cc7d5bd4cd590ce5da41157051eaae95b8c1bf5e4c8f09558fdc,hybrid,branch_diagnostic,preliminary_filtered,literal-citation questions after preliminary technical screening,186,category,268,Акцизы,10,240,191,186,49,14,14,0,0.857142857143,0.807142857143,0.714285714286,0.617973870082
berta,embedding,sergeyzh/BERTA,914c8c8aed14042ed890fc2c662d5e9e66b2faa7,624bf7d5d8e5cc7d5bd4cd590ce5da41157051eaae95b8c1bf5e4c8f09558fdc,hybrid,branch_diagnostic,literal_citation_all,all literal-citation questions,191,category,268,Акцизы,20,240,191,186,49,14,14,0,0.928571428571,0.892857142857,0.857142857143,0.643014182333
berta,embedding,sergeyzh/BERTA,914c8c8aed14042ed890fc2c662d5e9e66b2faa7,624bf7d5d8e5cc7d5bd4cd590ce5da41157051eaae95b8c1bf5e4c8f09558fdc,hybrid,branch_diagnostic,preliminary_filtered,literal-citation questions after preliminary technical screening,186,category,268,Акцизы,20,240,191,186,49,14,14,0,0.928571428571,0.892857142857,0.857142857143,0.643014182333
berta,embedding,sergeyzh/BERTA,914c8c8aed14042ed890fc2c662d5e9e66b2faa7,624bf7d5d8e5cc7d5bd4cd590ce5da41157051eaae95b8c1bf5e4c8f09558fdc,hybrid,branch_diagnostic,literal_citation_all,all literal-citation questions,191,category,268,Акцизы,50,240,191,186,49,14,14,0,1.000000000000,0.964285714286,0.928571428571,0.655803627458
berta,embedding,sergeyzh/BERTA,914c8c8aed14042ed890fc2c662d5e9e66b2faa7,624bf7d5d8e5cc7d5bd4cd590ce5da41157051eaae95b8c1bf5e4c8f09558fdc,hybrid,branch_diagnostic,preliminary_filtered,literal-citation questions after preliminary technical screening,186,category,268,Акцизы,50,240,191,186,49,14,14,0,1.000000000000,0.964285714286,0.928571428571,0.655803627458
berta,embedding,sergeyzh/BERTA,914c8c8aed14042ed890fc2c662d5e9e66b2faa7,624bf7d5d8e5cc7d5bd4cd590ce5da41157051eaae95b8c1bf5e4c8f09558fdc,hybrid,branch_diagnostic,literal_citation_all,all literal-citation questions,191,category,270,ЕСХН,10,240,191,186,49,16,16,0,0.875000000000,0.875000000000,0.875000000000,0.723815234008
berta,embedding,sergeyzh/BERTA,914c8c8aed14042ed890fc2c662d5e9e66b2faa7,624bf7d5d8e5cc7d5bd4cd590ce5da41157051eaae95b8c1bf5e4c8f09558fdc,hybrid,branch_diagnostic,preliminary_filtered,literal-citation questions after preliminary technical screening,186,category,270,ЕСХН,10,240,191,186,49,16,16,0,0.875000000000,0.875000000000,0.875000000000,0.723815234008
berta,embedding,sergeyzh/BERTA,914c8c8aed14042ed890fc2c662d5e9e66b2faa7,624bf7d5d8e5cc7d5bd4cd590ce5da41157051eaae95b8c1bf5e4c8f09558fdc,hybrid,branch_diagnostic,literal_citation_all,all literal-citation questions,191,category,270,ЕСХН,20,240,191,186,49,16,16,0,1.000000000000,1.000000000000,1.000000000000,0.755103269441
berta,embedding,sergeyzh/BERTA,914c8c8aed14042ed890fc2c662d5e9e66b2faa7,624bf7d5d8e5cc7d5bd4cd590ce5da41157051eaae95b8c1bf5e4c8f09558fdc,hybrid,branch_diagnostic,preliminary_filtered,literal-citation questions after preliminary technical screening,186,category,270,ЕСХН,20,240,191,186,49,16,16,0,1.000000000000,1.000000000000,1.000000000000,0.755103269441
berta,embedding,sergeyzh/BERTA,914c8c8aed14042ed890fc2c662d5e9e66b2faa7,624bf7d5d8e5cc7d5bd4cd590ce5da41157051eaae95b8c1bf5e4c8f09558fdc,hybrid,branch_diagnostic,literal_citation_all,all literal-citation questions,191,category,270,ЕСХН,50,240,191,186,49,16,16,0,1.000000000000,1.000000000000,1.000000000000,0.755103269441
berta,embedding,sergeyzh/BERTA,914c8c8aed14042ed890fc2c662d5e9e66b2faa7,624bf7d5d8e5cc7d5bd4cd590ce5da41157051eaae95b8c1bf5e4c8f09558fdc,hybrid,branch_diagnostic,preliminary_filtered,literal-citation questions after preliminary technical screening,186,category,270,ЕСХН,50,240,191,186,49,16,16,0,1.000000000000,1.000000000000,1.000000000000,0.755103269441
berta,embedding,sergeyzh/BERTA,914c8c8aed14042ed890fc2c662d5e9e66b2faa7,624bf7d5d8e5cc7d5bd4cd590ce5da41157051eaae95b8c1bf5e4c8f09558fdc,hybrid,branch_diagnostic,literal_citation_all,all literal-citation questions,191,category,264,Налог на прибыль,10,240,191,186,49,17,17,0,0.882352941176,0.823529411765,0.764705882353,0.689102917838
berta,embedding,sergeyzh/BERTA,914c8c8aed14042ed890fc2c662d5e9e66b2faa7,624bf7d5d8e5cc7d5bd4cd590ce5da41157051eaae95b8c1bf5e4c8f09558fdc,hybrid,branch_diagnostic,preliminary_filtered,literal-citation questions after preliminary technical screening,186,category,264,Налог на прибыль,10,240,191,186,49,17,17,0,0.882352941176,0.823529411765,0.764705882353,0.689102917838
berta,embedding,sergeyzh/BERTA,914c8c8aed14042ed890fc2c662d5e9e66b2faa7,624bf7d5d8e5cc7d5bd4cd590ce5da41157051eaae95b8c1bf5e4c8f09558fdc,hybrid,branch_diagnostic,literal_citation_all,all literal-citation questions,191,category,264,Налог на прибыль,20,240,191,186,49,17,17,0,0.882352941176,0.882352941176,0.882352941176,0.706750775850
berta,embedding,sergeyzh/BERTA,914c8c8aed14042ed890fc2c662d5e9e66b2faa7,624bf7d5d8e5cc7d5bd4cd590ce5da41157051eaae95b8c1bf5e4c8f09558fdc,hybrid,branch_diagnostic,preliminary_filtered,literal-citation questions after preliminary technical screening,186,category,264,Налог на прибыль,20,240,191,186,49,17,17,0,0.882352941176,0.882352941176,0.882352941176,0.706750775850
berta,embedding,sergeyzh/BERTA,914c8c8aed14042ed890fc2c662d5e9e66b2faa7,624bf7d5d8e5cc7d5bd4cd590ce5da41157051eaae95b8c1bf5e4c8f09558fdc,hybrid,branch_diagnostic,literal_citation_all,all literal-citation questions,191,category,264,Налог на прибыль,50,240,191,186,49,17,17,0,1.000000000000,1.000000000000,1.000000000000,0.728845709026
berta,embedding,sergeyzh/BERTA,914c8c8aed14042ed890fc2c662d5e9e66b2faa7,624bf7d5d8e5cc7d5bd4cd590ce5da41157051eaae95b8c1bf5e4c8f09558fdc,hybrid,branch_diagnostic,preliminary_filtered,literal-citation questions after preliminary technical screening,186,category,264,Налог на прибыль,50,240,191,186,49,17,17,0,1.000000000000,1.000000000000,1.000000000000,0.728845709026
berta,embedding,sergeyzh/BERTA,914c8c8aed14042ed890fc2c662d5e9e66b2faa7,624bf7d5d8e5cc7d5bd4cd590ce5da41157051eaae95b8c1bf5e4c8f09558fdc,hybrid,branch_diagnostic,literal_citation_all,all literal-citation questions,191,category,259,Налог на имущество,10,240,191,186,49,16,16,0,0.937500000000,0.875000000000,0.750000000000,0.612200723075
berta,embedding,sergeyzh/BERTA,914c8c8aed14042ed890fc2c662d5e9e66b2faa7,624bf7d5d8e5cc7d5bd4cd590ce5da41157051eaae95b8c1bf5e4c8f09558fdc,hybrid,branch_diagnostic,preliminary_filtered,literal-citation questions after preliminary technical screening,186,category,259,Налог на имущество,10,240,191,186,49,16,16,0,0.937500000000,0.875000000000,0.750000000000,0.612200723075
berta,embedding,sergeyzh/BERTA,914c8c8aed14042ed890fc2c662d5e9e66b2faa7,624bf7d5d8e5cc7d5bd4cd590ce5da41157051eaae95b8c1bf5e4c8f09558fdc,hybrid,branch_diagnostic,literal_citation_all,all literal-citation questions,191,category,259,Налог на имущество,20,240,191,186,49,16,16,0,0.937500000000,0.906250000000,0.812500000000,0.621576147644
berta,embedding,sergeyzh/BERTA,914c8c8aed14042ed890fc2c662d5e9e66b2faa7,624bf7d5d8e5cc7d5bd4cd590ce5da41157051eaae95b8c1bf5e4c8f09558fdc,hybrid,branch_diagnostic,preliminary_filtered,literal-citation questions after preliminary technical screening,186,category,259,Налог на имущество,20,240,191,186,49,16,16,0,0.937500000000,0.906250000000,0.812500000000,0.621576147644
berta,embedding,sergeyzh/BERTA,914c8c8aed14042ed890fc2c662d5e9e66b2faa7,624bf7d5d8e5cc7d5bd4cd590ce5da41157051eaae95b8c1bf5e4c8f09558fdc,hybrid,branch_diagnostic,literal_citation_all,all literal-citation questions,191,category,259,Налог на имущество,50,240,191,186,49,16,16,0,0.937500000000,0.906250000000,0.812500000000,0.621576147644
berta,embedding,sergeyzh/BERTA,914c8c8aed14042ed890fc2c662d5e9e66b2faa7,624bf7d5d8e5cc7d5bd4cd590ce5da41157051eaae95b8c1bf5e4c8f09558fdc,hybrid,branch_diagnostic,preliminary_filtered,literal-citation questions after preliminary technical screening,186,category,259,Налог на имущество,50,240,191,186,49,16,16,0,0.937500000000,0.906250000000,0.812500000000,0.621576147644
berta,embedding,sergeyzh/BERTA,914c8c8aed14042ed890fc2c662d5e9e66b2faa7,624bf7d5d8e5cc7d5bd4cd590ce5da41157051eaae95b8c1bf5e4c8f09558fdc,hybrid,branch_diagnostic,literal_citation_all,all literal-citation questions,191,category,265,НДС,10,240,191,186,49,12,12,0,0.666666666667,0.583333333333,0.500000000000,0.442735774057
berta,embedding,sergeyzh/BERTA,914c8c8aed14042ed890fc2c662d5e9e66b2faa7,624bf7d5d8e5cc7d5bd4cd590ce5da41157051eaae95b8c1bf5e4c8f09558fdc,hybrid,branch_diagnostic,preliminary_filtered,literal-citation questions after preliminary technical screening,186,category,265,НДС,10,240,191,186,49,12,10,2,0.700000000000,0.600000000000,0.500000000000,0.481282928869
berta,embedding,sergeyzh/BERTA,914c8c8aed14042ed890fc2c662d5e9e66b2faa7,624bf7d5d8e5cc7d5bd4cd590ce5da41157051eaae95b8c1bf5e4c8f09558fdc,hybrid,branch_diagnostic,literal_citation_all,all literal-citation questions,191,category,265,НДС,20,240,191,186,49,12,12,0,0.750000000000,0.750000000000,0.750000000000,0.491954321014
berta,embedding,sergeyzh/BERTA,914c8c8aed14042ed890fc2c662d5e9e66b2faa7,624bf7d5d8e5cc7d5bd4cd590ce5da41157051eaae95b8c1bf5e4c8f09558fdc,hybrid,branch_diagnostic,preliminary_filtered,literal-citation questions after preliminary technical screening,186,category,265,НДС,20,240,191,186,49,12,10,2,0.700000000000,0.700000000000,0.700000000000,0.514080231714
berta,embedding,sergeyzh/BERTA,914c8c8aed14042ed890fc2c662d5e9e66b2faa7,624bf7d5d8e5cc7d5bd4cd590ce5da41157051eaae95b8c1bf5e4c8f09558fdc,hybrid,branch_diagnostic,literal_citation_all,all literal-citation questions,191,category,265,НДС,50,240,191,186,49,12,12,0,0.916666666667,0.916666666667,0.916666666667,0.524947356213
berta,embedding,sergeyzh/BERTA,914c8c8aed14042ed890fc2c662d5e9e66b2faa7,624bf7d5d8e5cc7d5bd4cd590ce5da41157051eaae95b8c1bf5e4c8f09558fdc,hybrid,branch_diagnostic,preliminary_filtered,literal-citation questions after preliminary technical screening,186,category,265,НДС,50,240,191,186,49,12,10,2,0.900000000000,0.900000000000,0.900000000000,0.553671873952
berta,embedding,sergeyzh/BERTA,914c8c8aed14042ed890fc2c662d5e9e66b2faa7,624bf7d5d8e5cc7d5bd4cd590ce5da41157051eaae95b8c1bf5e4c8f09558fdc,hybrid,branch_diagnostic,literal_citation_all,all literal-citation questions,191,category,911,Налог на профессиональный доход,10,240,191,186,49,2,2,0,1.000000000000,1.000000000000,1.000000000000,0.440594110154
berta,embedding,sergeyzh/BERTA,914c8c8aed14042ed890fc2c662d5e9e66b2faa7,624bf7d5d8e5cc7d5bd4cd590ce5da41157051eaae95b8c1bf5e4c8f09558fdc,hybrid,branch_diagnostic,preliminary_filtered,literal-citation questions after preliminary technical screening,186,category,911,Налог на профессиональный доход,10,240,191,186,49,2,2,0,1.000000000000,1.000000000000,1.000000000000,0.440594110154
berta,embedding,sergeyzh/BERTA,914c8c8aed14042ed890fc2c662d5e9e66b2faa7,624bf7d5d8e5cc7d5bd4cd590ce5da41157051eaae95b8c1bf5e4c8f09558fdc,hybrid,branch_diagnostic,literal_citation_all,all literal-citation questions,191,category,911,Налог на профессиональный доход,20,240,191,186,49,2,2,0,1.000000000000,1.000000000000,1.000000000000,0.440594110154
berta,embedding,sergeyzh/BERTA,914c8c8aed14042ed890fc2c662d5e9e66b2faa7,624bf7d5d8e5cc7d5bd4cd590ce5da41157051eaae95b8c1bf5e4c8f09558fdc,hybrid,branch_diagnostic,preliminary_filtered,literal-citation questions after preliminary technical screening,186,category,911,Налог на профессиональный доход,20,240,191,186,49,2,2,0,1.000000000000,1.000000000000,1.000000000000,0.440594110154
berta,embedding,sergeyzh/BERTA,914c8c8aed14042ed890fc2c662d5e9e66b2faa7,624bf7d5d8e5cc7d5bd4cd590ce5da41157051eaae95b8c1bf5e4c8f09558fdc,hybrid,branch_diagnostic,literal_citation_all,all literal-citation questions,191,category,911,Налог на профессиональный доход,50,240,191,186,49,2,2,0,1.000000000000,1.000000000000,1.000000000000,0.440594110154
berta,embedding,sergeyzh/BERTA,914c8c8aed14042ed890fc2c662d5e9e66b2faa7,624bf7d5d8e5cc7d5bd4cd590ce5da41157051eaae95b8c1bf5e4c8f09558fdc,hybrid,branch_diagnostic,preliminary_filtered,literal-citation questions after preliminary technical screening,186,category,911,Налог на профессиональный доход,50,240,191,186,49,2,2,0,1.000000000000,1.000000000000,1.000000000000,0.440594110154
frida,embedding,ai-forever/FRIDA,aed004da8d09c33f6a51240fd9f5bcc625225b67,16c09d9bc507a5582aa466a506979f38db1b75303528ea9e8fb62a26c20e0d79,bm25,branch_diagnostic,literal_citation_all,all literal-citation questions,191,all,all,all,10,240,191,186,49,191,191,0,0.816753926702,0.732809773124,0.654450261780,0.590684761257
frida,embedding,ai-forever/FRIDA,aed004da8d09c33f6a51240fd9f5bcc625225b67,16c09d9bc507a5582aa466a506979f38db1b75303528ea9e8fb62a26c20e0d79,bm25,branch_diagnostic,literal_citation_all,all literal-citation questions,191,multi,multi,multiple citations,10,240,191,186,49,52,52,0,0.865384615385,0.557051282051,0.269230769231,0.481752241935
frida,embedding,ai-forever/FRIDA,aed004da8d09c33f6a51240fd9f5bcc625225b67,16c09d9bc507a5582aa466a506979f38db1b75303528ea9e8fb62a26c20e0d79,bm25,branch_diagnostic,literal_citation_all,all literal-citation questions,191,sensitivity,without_flagged_duplicate,all eligible except flagged duplicate,10,240,191,186,49,239,190,49,0.815789473684,0.731403508772,0.652631578947,0.588530470527
frida,embedding,ai-forever/FRIDA,aed004da8d09c33f6a51240fd9f5bcc625225b67,16c09d9bc507a5582aa466a506979f38db1b75303528ea9e8fb62a26c20e0d79,bm25,branch_diagnostic,literal_citation_all,all literal-citation questions,191,category,267,УСН,10,240,191,186,49,17,17,0,0.705882352941,0.529411764706,0.352941176471,0.449341508212
frida,embedding,ai-forever/FRIDA,aed004da8d09c33f6a51240fd9f5bcc625225b67,16c09d9bc507a5582aa466a506979f38db1b75303528ea9e8fb62a26c20e0d79,bm25,branch_diagnostic,preliminary_filtered,literal-citation questions after preliminary technical screening,186,all,all,all,10,240,191,186,49,191,186,5,0.822580645161,0.739068100358,0.661290322581,0.596842044945
frida,embedding,ai-forever/FRIDA,aed004da8d09c33f6a51240fd9f5bcc625225b67,16c09d9bc507a5582aa466a506979f38db1b75303528ea9e8fb62a26c20e0d79,bm25,branch_diagnostic,preliminary_filtered,literal-citation questions after preliminary technical screening,186,multi,multi,multiple citations,10,240,191,186,49,52,51,1,0.862745098039,0.558169934641,0.274509803922,0.487723084192
frida,embedding,ai-forever/FRIDA,aed004da8d09c33f6a51240fd9f5bcc625225b67,16c09d9bc507a5582aa466a506979f38db1b75303528ea9e8fb62a26c20e0d79,bm25,branch_diagnostic,preliminary_filtered,literal-citation questions after preliminary technical screening,186,sensitivity,without_flagged_duplicate,all eligible except flagged duplicate,10,240,191,186,49,239,185,54,0.821621621622,0.737657657658,0.659459459459,0.594662812756
frida,embedding,ai-forever/FRIDA,aed004da8d09c33f6a51240fd9f5bcc625225b67,16c09d9bc507a5582aa466a506979f38db1b75303528ea9e8fb62a26c20e0d79,bm25,branch_diagnostic,preliminary_filtered,literal-citation questions after preliminary technical screening,186,category,267,УСН,10,240,191,186,49,17,16,1,0.750000000000,0.562500000000,0.375000000000,0.477425352475
frida,embedding,ai-forever/FRIDA,aed004da8d09c33f6a51240fd9f5bcc625225b67,16c09d9bc507a5582aa466a506979f38db1b75303528ea9e8fb62a26c20e0d79,bm25,branch_diagnostic,literal_citation_all,all literal-citation questions,191,all,all,all,20,240,191,186,49,191,191,0,0.890052356021,0.827399650960,0.759162303665,0.617780504102
frida,embedding,ai-forever/FRIDA,aed004da8d09c33f6a51240fd9f5bcc625225b67,16c09d9bc507a5582aa466a506979f38db1b75303528ea9e8fb62a26c20e0d79,bm25,branch_diagnostic,literal_citation_all,all literal-citation questions,191,multi,multi,multiple citations,20,240,191,186,49,52,52,0,0.923076923077,0.692948717949,0.442307692308,0.527657890588
frida,embedding,ai-forever/FRIDA,aed004da8d09c33f6a51240fd9f5bcc625225b67,16c09d9bc507a5582aa466a506979f38db1b75303528ea9e8fb62a26c20e0d79,bm25,branch_diagnostic,literal_citation_all,all literal-citation questions,191,sensitivity,without_flagged_duplicate,all eligible except flagged duplicate,20,240,191,186,49,239,190,49,0.889473684211,0.826491228070,0.757894736842,0.615768822544
frida,embedding,ai-forever/FRIDA,aed004da8d09c33f6a51240fd9f5bcc625225b67,16c09d9bc507a5582aa466a506979f38db1b75303528ea9e8fb62a26c20e0d79,bm25,branch_diagnostic,literal_citation_all,all literal-citation questions,191,category,267,УСН,20,240,191,186,49,17,17,0,0.764705882353,0.598039215686,0.411764705882,0.473689592767
frida,embedding,ai-forever/FRIDA,aed004da8d09c33f6a51240fd9f5bcc625225b67,16c09d9bc507a5582aa466a506979f38db1b75303528ea9e8fb62a26c20e0d79,bm25,branch_diagnostic,preliminary_filtered,literal-citation questions after preliminary technical screening,186,all,all,all,20,240,191,186,49,191,186,5,0.897849462366,0.836200716846,0.768817204301,0.624666167974
frida,embedding,ai-forever/FRIDA,aed004da8d09c33f6a51240fd9f5bcc625225b67,16c09d9bc507a5582aa466a506979f38db1b75303528ea9e8fb62a26c20e0d79,bm25,branch_diagnostic,preliminary_filtered,literal-citation questions after preliminary technical screening,186,multi,multi,multiple citations,20,240,191,186,49,52,51,1,0.921568627451,0.696732026144,0.450980392157,0.534528843604
frida,embedding,ai-forever/FRIDA,aed004da8d09c33f6a51240fd9f5bcc625225b67,16c09d9bc507a5582aa466a506979f38db1b75303528ea9e8fb62a26c20e0d79,bm25,branch_diagnostic,preliminary_filtered,literal-citation questions after preliminary technical screening,186,sensitivity,without_flagged_duplicate,all eligible except flagged duplicate,20,240,191,186,49,239,185,54,0.897297297297,0.835315315315,0.767567567568,0.622637336449
frida,embedding,ai-forever/FRIDA,aed004da8d09c33f6a51240fd9f5bcc625225b67,16c09d9bc507a5582aa466a506979f38db1b75303528ea9e8fb62a26c20e0d79,bm25,branch_diagnostic,preliminary_filtered,literal-citation questions after preliminary technical screening,186,category,267,УСН,20,240,191,186,49,17,16,1,0.812500000000,0.635416666667,0.437500000000,0.503295192315
frida,embedding,ai-forever/FRIDA,aed004da8d09c33f6a51240fd9f5bcc625225b67,16c09d9bc507a5582aa466a506979f38db1b75303528ea9e8fb62a26c20e0d79,bm25,branch_diagnostic,literal_citation_all,all literal-citation questions,191,all,all,all,50,240,191,186,49,191,191,0,0.952879581152,0.902443280977,0.848167539267,0.634904367518
frida,embedding,ai-forever/FRIDA,aed004da8d09c33f6a51240fd9f5bcc625225b67,16c09d9bc507a5582aa466a506979f38db1b75303528ea9e8fb62a26c20e0d79,bm25,branch_diagnostic,literal_citation_all,all literal-citation questions,191,multi,multi,multiple citations,50,240,191,186,49,52,52,0,0.980769230769,0.795512820513,0.596153846154,0.554848853257
frida,embedding,ai-forever/FRIDA,aed004da8d09c33f6a51240fd9f5bcc625225b67,16c09d9bc507a5582aa466a506979f38db1b75303528ea9e8fb62a26c20e0d79,bm25,branch_diagnostic,literal_citation_all,all literal-citation questions,191,sensitivity,without_flagged_duplicate,all eligible except flagged duplicate,50,240,191,186,49,239,190,49,0.952631578947,0.901929824561,0.847368421053,0.632982811558
frida,embedding,ai-forever/FRIDA,aed004da8d09c33f6a51240fd9f5bcc625225b67,16c09d9bc507a5582aa466a506979f38db1b75303528ea9e8fb62a26c20e0d79,bm25,branch_diagnostic,literal_citation_all,all literal-citation questions,191,category,267,УСН,50,240,191,186,49,17,17,0,0.882352941176,0.725490196078,0.588235294118,0.503448245657
frida,embedding,ai-forever/FRIDA,aed004da8d09c33f6a51240fd9f5bcc625225b67,16c09d9bc507a5582aa466a506979f38db1b75303528ea9e8fb62a26c20e0d79,bm25,branch_diagnostic,preliminary_filtered,literal-citation questions after preliminary technical screening,186,all,all,all,50,240,191,186,49,191,186,5,0.951612903226,0.899820788530,0.844086021505,0.639364984905
frida,embedding,ai-forever/FRIDA,aed004da8d09c33f6a51240fd9f5bcc625225b67,16c09d9bc507a5582aa466a506979f38db1b75303528ea9e8fb62a26c20e0d79,bm25,branch_diagnostic,preliminary_filtered,literal-citation questions after preliminary technical screening,186,multi,multi,multiple citations,50,240,191,186,49,52,51,1,0.980392156863,0.791503267974,0.588235294118,0.559889801364
frida,embedding,ai-forever/FRIDA,aed004da8d09c33f6a51240fd9f5bcc625225b67,16c09d9bc507a5582aa466a506979f38db1b75303528ea9e8fb62a26c20e0d79,bm25,branch_diagnostic,preliminary_filtered,literal-citation questions after preliminary technical screening,186,sensitivity,without_flagged_duplicate,all eligible except flagged duplicate,50,240,191,186,49,239,185,54,0.951351351351,0.899279279279,0.843243243243,0.637415606445
frida,embedding,ai-forever/FRIDA,aed004da8d09c33f6a51240fd9f5bcc625225b67,16c09d9bc507a5582aa466a506979f38db1b75303528ea9e8fb62a26c20e0d79,bm25,branch_diagnostic,preliminary_filtered,literal-citation questions after preliminary technical screening,186,category,267,УСН,50,240,191,186,49,17,16,1,0.875000000000,0.708333333333,0.562500000000,0.521769391144
frida,embedding,ai-forever/FRIDA,aed004da8d09c33f6a51240fd9f5bcc625225b67,16c09d9bc507a5582aa466a506979f38db1b75303528ea9e8fb62a26c20e0d79,bm25,branch_diagnostic,literal_citation_all,all literal-citation questions,191,single,single,single citation,10,240,191,186,49,139,139,0,0.798561151079,0.798561151079,0.798561151079,0.631436495105
frida,embedding,ai-forever/FRIDA,aed004da8d09c33f6a51240fd9f5bcc625225b67,16c09d9bc507a5582aa466a506979f38db1b75303528ea9e8fb62a26c20e0d79,bm25,branch_diagnostic,literal_citation_all,all literal-citation questions,191,category,705,Налоговый контроль,10,240,191,186,49,12,12,0,1.000000000000,0.958333333333,0.916666666667,0.821533324212
frida,embedding,ai-forever/FRIDA,aed004da8d09c33f6a51240fd9f5bcc625225b67,16c09d9bc507a5582aa466a506979f38db1b75303528ea9e8fb62a26c20e0d79,bm25,branch_diagnostic,preliminary_filtered,literal-citation questions after preliminary technical screening,186,single,single,single citation,10,240,191,186,49,139,135,4,0.807407407407,0.807407407407,0.807407407407,0.638064763452
frida,embedding,ai-forever/FRIDA,aed004da8d09c33f6a51240fd9f5bcc625225b67,16c09d9bc507a5582aa466a506979f38db1b75303528ea9e8fb62a26c20e0d79,bm25,branch_diagnostic,preliminary_filtered,literal-citation questions after preliminary technical screening,186,category,705,Налоговый контроль,10,240,191,186,49,12,12,0,1.000000000000,0.958333333333,0.916666666667,0.821533324212
frida,embedding,ai-forever/FRIDA,aed004da8d09c33f6a51240fd9f5bcc625225b67,16c09d9bc507a5582aa466a506979f38db1b75303528ea9e8fb62a26c20e0d79,bm25,branch_diagnostic,literal_citation_all,all literal-citation questions,191,single,single,single citation,20,240,191,186,49,139,139,0,0.877697841727,0.877697841727,0.877697841727,0.651495438654
frida,embedding,ai-forever/FRIDA,aed004da8d09c33f6a51240fd9f5bcc625225b67,16c09d9bc507a5582aa466a506979f38db1b75303528ea9e8fb62a26c20e0d79,bm25,branch_diagnostic,literal_citation_all,all literal-citation questions,191,category,705,Налоговый контроль,20,240,191,186,49,12,12,0,1.000000000000,0.958333333333,0.916666666667,0.821533324212
frida,embedding,ai-forever/FRIDA,aed004da8d09c33f6a51240fd9f5bcc625225b67,16c09d9bc507a5582aa466a506979f38db1b75303528ea9e8fb62a26c20e0d79,bm25,branch_diagnostic,preliminary_filtered,literal-citation questions after preliminary technical screening,186,single,single,single citation,20,240,191,186,49,139,135,4,0.888888888889,0.888888888889,0.888888888889,0.658718046069
frida,embedding,ai-forever/FRIDA,aed004da8d09c33f6a51240fd9f5bcc625225b67,16c09d9bc507a5582aa466a506979f38db1b75303528ea9e8fb62a26c20e0d79,bm25,branch_diagnostic,preliminary_filtered,literal-citation questions after preliminary technical screening,186,category,705,Налоговый контроль,20,240,191,186,49,12,12,0,1.000000000000,0.958333333333,0.916666666667,0.821533324212
frida,embedding,ai-forever/FRIDA,aed004da8d09c33f6a51240fd9f5bcc625225b67,16c09d9bc507a5582aa466a506979f38db1b75303528ea9e8fb62a26c20e0d79,bm25,branch_diagnostic,literal_citation_all,all literal-citation questions,191,single,single,single citation,50,240,191,186,49,139,139,0,0.942446043165,0.942446043165,0.942446043165,0.664853192997
frida,embedding,ai-forever/FRIDA,aed004da8d09c33f6a51240fd9f5bcc625225b67,16c09d9bc507a5582aa466a506979f38db1b75303528ea9e8fb62a26c20e0d79,bm25,branch_diagnostic,literal_citation_all,all literal-citation questions,191,category,705,Налоговый контроль,50,240,191,186,49,12,12,0,1.000000000000,0.958333333333,0.916666666667,0.821533324212
frida,embedding,ai-forever/FRIDA,aed004da8d09c33f6a51240fd9f5bcc625225b67,16c09d9bc507a5582aa466a506979f38db1b75303528ea9e8fb62a26c20e0d79,bm25,branch_diagnostic,preliminary_filtered,literal-citation questions after preliminary technical screening,186,single,single,single citation,50,240,191,186,49,139,135,4,0.940740740741,0.940740740741,0.940740740741,0.669388943131
frida,embedding,ai-forever/FRIDA,aed004da8d09c33f6a51240fd9f5bcc625225b67,16c09d9bc507a5582aa466a506979f38db1b75303528ea9e8fb62a26c20e0d79,bm25,branch_diagnostic,preliminary_filtered,literal-citation questions after preliminary technical screening,186,category,705,Налоговый контроль,50,240,191,186,49,12,12,0,1.000000000000,0.958333333333,0.916666666667,0.821533324212
frida,embedding,ai-forever/FRIDA,aed004da8d09c33f6a51240fd9f5bcc625225b67,16c09d9bc507a5582aa466a506979f38db1b75303528ea9e8fb62a26c20e0d79,bm25,branch_diagnostic,literal_citation_all,all literal-citation questions,191,category,263,НДФЛ,10,240,191,186,49,15,15,0,0.933333333333,0.855555555556,0.800000000000,0.810847008643
frida,embedding,ai-forever/FRIDA,aed004da8d09c33f6a51240fd9f5bcc625225b67,16c09d9bc507a5582aa466a506979f38db1b75303528ea9e8fb62a26c20e0d79,bm25,branch_diagnostic,preliminary_filtered,literal-citation questions after preliminary technical screening,186,category,263,НДФЛ,10,240,191,186,49,15,15,0,0.933333333333,0.855555555556,0.800000000000,0.810847008643
frida,embedding,ai-forever/FRIDA,aed004da8d09c33f6a51240fd9f5bcc625225b67,16c09d9bc507a5582aa466a506979f38db1b75303528ea9e8fb62a26c20e0d79,bm25,branch_diagnostic,literal_citation_all,all literal-citation questions,191,category,263,НДФЛ,20,240,191,186,49,15,15,0,0.933333333333,0.877777777778,0.800000000000,0.819301476431
frida,embedding,ai-forever/FRIDA,aed004da8d09c33f6a51240fd9f5bcc625225b67,16c09d9bc507a5582aa466a506979f38db1b75303528ea9e8fb62a26c20e0d79,bm25,branch_diagnostic,preliminary_filtered,literal-citation questions after preliminary technical screening,186,category,263,НДФЛ,20,240,191,186,49,15,15,0,0.933333333333,0.877777777778,0.800000000000,0.819301476431
frida,embedding,ai-forever/FRIDA,aed004da8d09c33f6a51240fd9f5bcc625225b67,16c09d9bc507a5582aa466a506979f38db1b75303528ea9e8fb62a26c20e0d79,bm25,branch_diagnostic,literal_citation_all,all literal-citation questions,191,category,263,НДФЛ,50,240,191,186,49,15,15,0,1.000000000000,0.911111111111,0.800000000000,0.829293565778
frida,embedding,ai-forever/FRIDA,aed004da8d09c33f6a51240fd9f5bcc625225b67,16c09d9bc507a5582aa466a506979f38db1b75303528ea9e8fb62a26c20e0d79,bm25,branch_diagnostic,preliminary_filtered,literal-citation questions after preliminary technical screening,186,category,263,НДФЛ,50,240,191,186,49,15,15,0,1.000000000000,0.911111111111,0.800000000000,0.829293565778
frida,embedding,ai-forever/FRIDA,aed004da8d09c33f6a51240fd9f5bcc625225b67,16c09d9bc507a5582aa466a506979f38db1b75303528ea9e8fb62a26c20e0d79,bm25,branch_diagnostic,literal_citation_all,all literal-citation questions,191,category,704,Трансфертное ценообразование,10,240,191,186,49,17,17,0,0.941176470588,0.941176470588,0.941176470588,0.839059405377
frida,embedding,ai-forever/FRIDA,aed004da8d09c33f6a51240fd9f5bcc625225b67,16c09d9bc507a5582aa466a506979f38db1b75303528ea9e8fb62a26c20e0d79,bm25,branch_diagnostic,preliminary_filtered,literal-citation questions after preliminary technical screening,186,category,704,Трансфертное ценообразование,10,240,191,186,49,17,17,0,0.941176470588,0.941176470588,0.941176470588,0.839059405377
frida,embedding,ai-forever/FRIDA,aed004da8d09c33f6a51240fd9f5bcc625225b67,16c09d9bc507a5582aa466a506979f38db1b75303528ea9e8fb62a26c20e0d79,bm25,branch_diagnostic,literal_citation_all,all literal-citation questions,191,category,704,Трансфертное ценообразование,20,240,191,186,49,17,17,0,0.941176470588,0.941176470588,0.941176470588,0.839059405377
frida,embedding,ai-forever/FRIDA,aed004da8d09c33f6a51240fd9f5bcc625225b67,16c09d9bc507a5582aa466a506979f38db1b75303528ea9e8fb62a26c20e0d79,bm25,branch_diagnostic,preliminary_filtered,literal-citation questions after preliminary technical screening,186,category,704,Трансфертное ценообразование,20,240,191,186,49,17,17,0,0.941176470588,0.941176470588,0.941176470588,0.839059405377
frida,embedding,ai-forever/FRIDA,aed004da8d09c33f6a51240fd9f5bcc625225b67,16c09d9bc507a5582aa466a506979f38db1b75303528ea9e8fb62a26c20e0d79,bm25,branch_diagnostic,literal_citation_all,all literal-citation questions,191,category,704,Трансфертное ценообразование,50,240,191,186,49,17,17,0,1.000000000000,1.000000000000,1.000000000000,0.851889069611
frida,embedding,ai-forever/FRIDA,aed004da8d09c33f6a51240fd9f5bcc625225b67,16c09d9bc507a5582aa466a506979f38db1b75303528ea9e8fb62a26c20e0d79,bm25,branch_diagnostic,preliminary_filtered,literal-citation questions after preliminary technical screening,186,category,704,Трансфертное ценообразование,50,240,191,186,49,17,17,0,1.000000000000,1.000000000000,1.000000000000,0.851889069611
frida,embedding,ai-forever/FRIDA,aed004da8d09c33f6a51240fd9f5bcc625225b67,16c09d9bc507a5582aa466a506979f38db1b75303528ea9e8fb62a26c20e0d79,bm25,branch_diagnostic,literal_citation_all,all literal-citation questions,191,category,246,Урегулирование задолженности,10,240,191,186,49,9,9,0,0.777777777778,0.666666666667,0.555555555556,0.502096766216
frida,embedding,ai-forever/FRIDA,aed004da8d09c33f6a51240fd9f5bcc625225b67,16c09d9bc507a5582aa466a506979f38db1b75303528ea9e8fb62a26c20e0d79,bm25,branch_diagnostic,preliminary_filtered,literal-citation questions after preliminary technical screening,186,category,246,Урегулирование задолженности,10,240,191,186,49,9,9,0,0.777777777778,0.666666666667,0.555555555556,0.502096766216
frida,embedding,ai-forever/FRIDA,aed004da8d09c33f6a51240fd9f5bcc625225b67,16c09d9bc507a5582aa466a506979f38db1b75303528ea9e8fb62a26c20e0d79,bm25,branch_diagnostic,literal_citation_all,all literal-citation questions,191,category,246,Урегулирование задолженности,20,240,191,186,49,9,9,0,0.888888888889,0.833333333333,0.777777777778,0.547886439138
frida,embedding,ai-forever/FRIDA,aed004da8d09c33f6a51240fd9f5bcc625225b67,16c09d9bc507a5582aa466a506979f38db1b75303528ea9e8fb62a26c20e0d79,bm25,branch_diagnostic,preliminary_filtered,literal-citation questions after preliminary technical screening,186,category,246,Урегулирование задолженности,20,240,191,186,49,9,9,0,0.888888888889,0.833333333333,0.777777777778,0.547886439138
frida,embedding,ai-forever/FRIDA,aed004da8d09c33f6a51240fd9f5bcc625225b67,16c09d9bc507a5582aa466a506979f38db1b75303528ea9e8fb62a26c20e0d79,bm25,branch_diagnostic,literal_citation_all,all literal-citation questions,191,category,246,Урегулирование задолженности,50,240,191,186,49,9,9,0,0.888888888889,0.888888888889,0.888888888889,0.562214320887
frida,embedding,ai-forever/FRIDA,aed004da8d09c33f6a51240fd9f5bcc625225b67,16c09d9bc507a5582aa466a506979f38db1b75303528ea9e8fb62a26c20e0d79,bm25,branch_diagnostic,preliminary_filtered,literal-citation questions after preliminary technical screening,186,category,246,Урегулирование задолженности,50,240,191,186,49,9,9,0,0.888888888889,0.888888888889,0.888888888889,0.562214320887
frida,embedding,ai-forever/FRIDA,aed004da8d09c33f6a51240fd9f5bcc625225b67,16c09d9bc507a5582aa466a506979f38db1b75303528ea9e8fb62a26c20e0d79,bm25,branch_diagnostic,literal_citation_all,all literal-citation questions,191,category,1028,Единый налоговый счет,10,240,191,186,49,14,14,0,0.714285714286,0.559523809524,0.428571428571,0.365295743067
frida,embedding,ai-forever/FRIDA,aed004da8d09c33f6a51240fd9f5bcc625225b67,16c09d9bc507a5582aa466a506979f38db1b75303528ea9e8fb62a26c20e0d79,bm25,branch_diagnostic,preliminary_filtered,literal-citation questions after preliminary technical screening,186,category,1028,Единый налоговый счет,10,240,191,186,49,14,13,1,0.692307692308,0.564102564103,0.461538461538,0.379761624319
frida,embedding,ai-forever/FRIDA,aed004da8d09c33f6a51240fd9f5bcc625225b67,16c09d9bc507a5582aa466a506979f38db1b75303528ea9e8fb62a26c20e0d79,bm25,branch_diagnostic,literal_citation_all,all literal-citation questions,191,category,1028,Единый налоговый счет,20,240,191,186,49,14,14,0,0.857142857143,0.726190476190,0.571428571429,0.413942831905
frida,embedding,ai-forever/FRIDA,aed004da8d09c33f6a51240fd9f5bcc625225b67,16c09d9bc507a5582aa466a506979f38db1b75303528ea9e8fb62a26c20e0d79,bm25,branch_diagnostic,preliminary_filtered,literal-citation questions after preliminary technical screening,186,category,1028,Единый налоговый счет,20,240,191,186,49,14,13,1,0.846153846154,0.743589743590,0.615384615385,0.432150796914
frida,embedding,ai-forever/FRIDA,aed004da8d09c33f6a51240fd9f5bcc625225b67,16c09d9bc507a5582aa466a506979f38db1b75303528ea9e8fb62a26c20e0d79,bm25,branch_diagnostic,literal_citation_all,all literal-citation questions,191,category,1028,Единый налоговый счет,50,240,191,186,49,14,14,0,1.000000000000,0.904761904762,0.785714285714,0.451268269281
frida,embedding,ai-forever/FRIDA,aed004da8d09c33f6a51240fd9f5bcc625225b67,16c09d9bc507a5582aa466a506979f38db1b75303528ea9e8fb62a26c20e0d79,bm25,branch_diagnostic,preliminary_filtered,literal-citation questions after preliminary technical screening,186,category,1028,Единый налоговый счет,50,240,191,186,49,14,13,1,1.000000000000,0.897435897436,0.769230769231,0.463076559242
frida,embedding,ai-forever/FRIDA,aed004da8d09c33f6a51240fd9f5bcc625225b67,16c09d9bc507a5582aa466a506979f38db1b75303528ea9e8fb62a26c20e0d79,bm25,branch_diagnostic,literal_citation_all,all literal-citation questions,191,category,746,Патентная система,10,240,191,186,49,16,16,0,0.812500000000,0.611458333333,0.500000000000,0.493247367751
frida,embedding,ai-forever/FRIDA,aed004da8d09c33f6a51240fd9f5bcc625225b67,16c09d9bc507a5582aa466a506979f38db1b75303528ea9e8fb62a26c20e0d79,bm25,branch_diagnostic,preliminary_filtered,literal-citation questions after preliminary technical screening,186,category,746,Патентная система,10,240,191,186,49,16,16,0,0.812500000000,0.611458333333,0.500000000000,0.493247367751
frida,embedding,ai-forever/FRIDA,aed004da8d09c33f6a51240fd9f5bcc625225b67,16c09d9bc507a5582aa466a506979f38db1b75303528ea9e8fb62a26c20e0d79,bm25,branch_diagnostic,literal_citation_all,all literal-citation questions,191,category,746,Патентная система,20,240,191,186,49,16,16,0,0.875000000000,0.720833333333,0.625000000000,0.523302239839
frida,embedding,ai-forever/FRIDA,aed004da8d09c33f6a51240fd9f5bcc625225b67,16c09d9bc507a5582aa466a506979f38db1b75303528ea9e8fb62a26c20e0d79,bm25,branch_diagnostic,preliminary_filtered,literal-citation questions after preliminary technical screening,186,category,746,Патентная система,20,240,191,186,49,16,16,0,0.875000000000,0.720833333333,0.625000000000,0.523302239839
frida,embedding,ai-forever/FRIDA,aed004da8d09c33f6a51240fd9f5bcc625225b67,16c09d9bc507a5582aa466a506979f38db1b75303528ea9e8fb62a26c20e0d79,bm25,branch_diagnostic,literal_citation_all,all literal-citation questions,191,category,746,Патентная система,50,240,191,186,49,16,16,0,1.000000000000,0.918750000000,0.875000000000,0.571808542652
frida,embedding,ai-forever/FRIDA,aed004da8d09c33f6a51240fd9f5bcc625225b67,16c09d9bc507a5582aa466a506979f38db1b75303528ea9e8fb62a26c20e0d79,bm25,branch_diagnostic,preliminary_filtered,literal-citation questions after preliminary technical screening,186,category,746,Патентная система,50,240,191,186,49,16,16,0,1.000000000000,0.918750000000,0.875000000000,0.571808542652
frida,embedding,ai-forever/FRIDA,aed004da8d09c33f6a51240fd9f5bcc625225b67,16c09d9bc507a5582aa466a506979f38db1b75303528ea9e8fb62a26c20e0d79,bm25,branch_diagnostic,literal_citation_all,all literal-citation questions,191,category,882,Страховые взносы,10,240,191,186,49,14,14,0,1.000000000000,0.928571428571,0.857142857143,0.780581403486
frida,embedding,ai-forever/FRIDA,aed004da8d09c33f6a51240fd9f5bcc625225b67,16c09d9bc507a5582aa466a506979f38db1b75303528ea9e8fb62a26c20e0d79,bm25,branch_diagnostic,preliminary_filtered,literal-citation questions after preliminary technical screening,186,category,882,Страховые взносы,10,240,191,186,49,14,13,1,1.000000000000,0.923076923077,0.846153846154,0.763703049908
frida,embedding,ai-forever/FRIDA,aed004da8d09c33f6a51240fd9f5bcc625225b67,16c09d9bc507a5582aa466a506979f38db1b75303528ea9e8fb62a26c20e0d79,bm25,branch_diagnostic,literal_citation_all,all literal-citation questions,191,category,882,Страховые взносы,20,240,191,186,49,14,14,0,1.000000000000,0.928571428571,0.857142857143,0.780581403486
frida,embedding,ai-forever/FRIDA,aed004da8d09c33f6a51240fd9f5bcc625225b67,16c09d9bc507a5582aa466a506979f38db1b75303528ea9e8fb62a26c20e0d79,bm25,branch_diagnostic,preliminary_filtered,literal-citation questions after preliminary technical screening,186,category,882,Страховые взносы,20,240,191,186,49,14,13,1,1.000000000000,0.923076923077,0.846153846154,0.763703049908
frida,embedding,ai-forever/FRIDA,aed004da8d09c33f6a51240fd9f5bcc625225b67,16c09d9bc507a5582aa466a506979f38db1b75303528ea9e8fb62a26c20e0d79,bm25,branch_diagnostic,literal_citation_all,all literal-citation questions,191,category,882,Страховые взносы,50,240,191,186,49,14,14,0,1.000000000000,0.964285714286,0.928571428571,0.790133548797
frida,embedding,ai-forever/FRIDA,aed004da8d09c33f6a51240fd9f5bcc625225b67,16c09d9bc507a5582aa466a506979f38db1b75303528ea9e8fb62a26c20e0d79,bm25,branch_diagnostic,preliminary_filtered,literal-citation questions after preliminary technical screening,186,category,882,Страховые взносы,50,240,191,186,49,14,13,1,1.000000000000,0.961538461538,0.923076923077,0.773989975628
frida,embedding,ai-forever/FRIDA,aed004da8d09c33f6a51240fd9f5bcc625225b67,16c09d9bc507a5582aa466a506979f38db1b75303528ea9e8fb62a26c20e0d79,bm25,branch_diagnostic,literal_citation_all,all literal-citation questions,191,category,268,Акцизы,10,240,191,186,49,14,14,0,0.785714285714,0.757142857143,0.714285714286,0.503894600476
frida,embedding,ai-forever/FRIDA,aed004da8d09c33f6a51240fd9f5bcc625225b67,16c09d9bc507a5582aa466a506979f38db1b75303528ea9e8fb62a26c20e0d79,bm25,branch_diagnostic,preliminary_filtered,literal-citation questions after preliminary technical screening,186,category,268,Акцизы,10,240,191,186,49,14,14,0,0.785714285714,0.757142857143,0.714285714286,0.503894600476
frida,embedding,ai-forever/FRIDA,aed004da8d09c33f6a51240fd9f5bcc625225b67,16c09d9bc507a5582aa466a506979f38db1b75303528ea9e8fb62a26c20e0d79,bm25,branch_diagnostic,literal_citation_all,all literal-citation questions,191,category,268,Акцизы,20,240,191,186,49,14,14,0,0.928571428571,0.892857142857,0.857142857143,0.545341149739
frida,embedding,ai-forever/FRIDA,aed004da8d09c33f6a51240fd9f5bcc625225b67,16c09d9bc507a5582aa466a506979f38db1b75303528ea9e8fb62a26c20e0d79,bm25,branch_diagnostic,preliminary_filtered,literal-citation questions after preliminary technical screening,186,category,268,Акцизы,20,240,191,186,49,14,14,0,0.928571428571,0.892857142857,0.857142857143,0.545341149739
frida,embedding,ai-forever/FRIDA,aed004da8d09c33f6a51240fd9f5bcc625225b67,16c09d9bc507a5582aa466a506979f38db1b75303528ea9e8fb62a26c20e0d79,bm25,branch_diagnostic,literal_citation_all,all literal-citation questions,191,category,268,Акцизы,50,240,191,186,49,14,14,0,0.928571428571,0.928571428571,0.928571428571,0.554023307996
frida,embedding,ai-forever/FRIDA,aed004da8d09c33f6a51240fd9f5bcc625225b67,16c09d9bc507a5582aa466a506979f38db1b75303528ea9e8fb62a26c20e0d79,bm25,branch_diagnostic,preliminary_filtered,literal-citation questions after preliminary technical screening,186,category,268,Акцизы,50,240,191,186,49,14,14,0,0.928571428571,0.928571428571,0.928571428571,0.554023307996
frida,embedding,ai-forever/FRIDA,aed004da8d09c33f6a51240fd9f5bcc625225b67,16c09d9bc507a5582aa466a506979f38db1b75303528ea9e8fb62a26c20e0d79,bm25,branch_diagnostic,literal_citation_all,all literal-citation questions,191,category,270,ЕСХН,10,240,191,186,49,16,16,0,0.750000000000,0.750000000000,0.750000000000,0.618299328795
frida,embedding,ai-forever/FRIDA,aed004da8d09c33f6a51240fd9f5bcc625225b67,16c09d9bc507a5582aa466a506979f38db1b75303528ea9e8fb62a26c20e0d79,bm25,branch_diagnostic,preliminary_filtered,literal-citation questions after preliminary technical screening,186,category,270,ЕСХН,10,240,191,186,49,16,16,0,0.750000000000,0.750000000000,0.750000000000,0.618299328795
frida,embedding,ai-forever/FRIDA,aed004da8d09c33f6a51240fd9f5bcc625225b67,16c09d9bc507a5582aa466a506979f38db1b75303528ea9e8fb62a26c20e0d79,bm25,branch_diagnostic,literal_citation_all,all literal-citation questions,191,category,270,ЕСХН,20,240,191,186,49,16,16,0,0.812500000000,0.812500000000,0.812500000000,0.632760467117
frida,embedding,ai-forever/FRIDA,aed004da8d09c33f6a51240fd9f5bcc625225b67,16c09d9bc507a5582aa466a506979f38db1b75303528ea9e8fb62a26c20e0d79,bm25,branch_diagnostic,preliminary_filtered,literal-citation questions after preliminary technical screening,186,category,270,ЕСХН,20,240,191,186,49,16,16,0,0.812500000000,0.812500000000,0.812500000000,0.632760467117
frida,embedding,ai-forever/FRIDA,aed004da8d09c33f6a51240fd9f5bcc625225b67,16c09d9bc507a5582aa466a506979f38db1b75303528ea9e8fb62a26c20e0d79,bm25,branch_diagnostic,literal_citation_all,all literal-citation questions,191,category,270,ЕСХН,50,240,191,186,49,16,16,0,0.812500000000,0.812500000000,0.812500000000,0.632760467117
frida,embedding,ai-forever/FRIDA,aed004da8d09c33f6a51240fd9f5bcc625225b67,16c09d9bc507a5582aa466a506979f38db1b75303528ea9e8fb62a26c20e0d79,bm25,branch_diagnostic,preliminary_filtered,literal-citation questions after preliminary technical screening,186,category,270,ЕСХН,50,240,191,186,49,16,16,0,0.812500000000,0.812500000000,0.812500000000,0.632760467117
frida,embedding,ai-forever/FRIDA,aed004da8d09c33f6a51240fd9f5bcc625225b67,16c09d9bc507a5582aa466a506979f38db1b75303528ea9e8fb62a26c20e0d79,bm25,branch_diagnostic,literal_citation_all,all literal-citation questions,191,category,264,Налог на прибыль,10,240,191,186,49,17,17,0,0.764705882353,0.705882352941,0.647058823529,0.530723800921
frida,embedding,ai-forever/FRIDA,aed004da8d09c33f6a51240fd9f5bcc625225b67,16c09d9bc507a5582aa466a506979f38db1b75303528ea9e8fb62a26c20e0d79,bm25,branch_diagnostic,preliminary_filtered,literal-citation questions after preliminary technical screening,186,category,264,Налог на прибыль,10,240,191,186,49,17,17,0,0.764705882353,0.705882352941,0.647058823529,0.530723800921
frida,embedding,ai-forever/FRIDA,aed004da8d09c33f6a51240fd9f5bcc625225b67,16c09d9bc507a5582aa466a506979f38db1b75303528ea9e8fb62a26c20e0d79,bm25,branch_diagnostic,literal_citation_all,all literal-citation questions,191,category,264,Налог на прибыль,20,240,191,186,49,17,17,0,0.941176470588,0.911764705882,0.882352941176,0.587495414645
frida,embedding,ai-forever/FRIDA,aed004da8d09c33f6a51240fd9f5bcc625225b67,16c09d9bc507a5582aa466a506979f38db1b75303528ea9e8fb62a26c20e0d79,bm25,branch_diagnostic,preliminary_filtered,literal-citation questions after preliminary technical screening,186,category,264,Налог на прибыль,20,240,191,186,49,17,17,0,0.941176470588,0.911764705882,0.882352941176,0.587495414645
frida,embedding,ai-forever/FRIDA,aed004da8d09c33f6a51240fd9f5bcc625225b67,16c09d9bc507a5582aa466a506979f38db1b75303528ea9e8fb62a26c20e0d79,bm25,branch_diagnostic,literal_citation_all,all literal-citation questions,191,category,264,Налог на прибыль,50,240,191,186,49,17,17,0,1.000000000000,0.970588235294,0.941176470588,0.599866586284
frida,embedding,ai-forever/FRIDA,aed004da8d09c33f6a51240fd9f5bcc625225b67,16c09d9bc507a5582aa466a506979f38db1b75303528ea9e8fb62a26c20e0d79,bm25,branch_diagnostic,preliminary_filtered,literal-citation questions after preliminary technical screening,186,category,264,Налог на прибыль,50,240,191,186,49,17,17,0,1.000000000000,0.970588235294,0.941176470588,0.599866586284
frida,embedding,ai-forever/FRIDA,aed004da8d09c33f6a51240fd9f5bcc625225b67,16c09d9bc507a5582aa466a506979f38db1b75303528ea9e8fb62a26c20e0d79,bm25,branch_diagnostic,literal_citation_all,all literal-citation questions,191,category,259,Налог на имущество,10,240,191,186,49,16,16,0,0.875000000000,0.776041666667,0.625000000000,0.581195148886
frida,embedding,ai-forever/FRIDA,aed004da8d09c33f6a51240fd9f5bcc625225b67,16c09d9bc507a5582aa466a506979f38db1b75303528ea9e8fb62a26c20e0d79,bm25,branch_diagnostic,preliminary_filtered,literal-citation questions after preliminary technical screening,186,category,259,Налог на имущество,10,240,191,186,49,16,16,0,0.875000000000,0.776041666667,0.625000000000,0.581195148886
frida,embedding,ai-forever/FRIDA,aed004da8d09c33f6a51240fd9f5bcc625225b67,16c09d9bc507a5582aa466a506979f38db1b75303528ea9e8fb62a26c20e0d79,bm25,branch_diagnostic,literal_citation_all,all literal-citation questions,191,category,259,Налог на имущество,20,240,191,186,49,16,16,0,0.937500000000,0.875000000000,0.750000000000,0.609580864100
frida,embedding,ai-forever/FRIDA,aed004da8d09c33f6a51240fd9f5bcc625225b67,16c09d9bc507a5582aa466a506979f38db1b75303528ea9e8fb62a26c20e0d79,bm25,branch_diagnostic,preliminary_filtered,literal-citation questions after preliminary technical screening,186,category,259,Налог на имущество,20,240,191,186,49,16,16,0,0.937500000000,0.875000000000,0.750000000000,0.609580864100
frida,embedding,ai-forever/FRIDA,aed004da8d09c33f6a51240fd9f5bcc625225b67,16c09d9bc507a5582aa466a506979f38db1b75303528ea9e8fb62a26c20e0d79,bm25,branch_diagnostic,literal_citation_all,all literal-citation questions,191,category,259,Налог на имущество,50,240,191,186,49,16,16,0,0.937500000000,0.875000000000,0.750000000000,0.609580864100
frida,embedding,ai-forever/FRIDA,aed004da8d09c33f6a51240fd9f5bcc625225b67,16c09d9bc507a5582aa466a506979f38db1b75303528ea9e8fb62a26c20e0d79,bm25,branch_diagnostic,preliminary_filtered,literal-citation questions after preliminary technical screening,186,category,259,Налог на имущество,50,240,191,186,49,16,16,0,0.937500000000,0.875000000000,0.750000000000,0.609580864100
frida,embedding,ai-forever/FRIDA,aed004da8d09c33f6a51240fd9f5bcc625225b67,16c09d9bc507a5582aa466a506979f38db1b75303528ea9e8fb62a26c20e0d79,bm25,branch_diagnostic,literal_citation_all,all literal-citation questions,191,category,265,НДС,10,240,191,186,49,12,12,0,0.583333333333,0.541666666667,0.500000000000,0.415870304603
frida,embedding,ai-forever/FRIDA,aed004da8d09c33f6a51240fd9f5bcc625225b67,16c09d9bc507a5582aa466a506979f38db1b75303528ea9e8fb62a26c20e0d79,bm25,branch_diagnostic,preliminary_filtered,literal-citation questions after preliminary technical screening,186,category,265,НДС,10,240,191,186,49,12,10,2,0.600000000000,0.550000000000,0.500000000000,0.435951390166
frida,embedding,ai-forever/FRIDA,aed004da8d09c33f6a51240fd9f5bcc625225b67,16c09d9bc507a5582aa466a506979f38db1b75303528ea9e8fb62a26c20e0d79,bm25,branch_diagnostic,literal_citation_all,all literal-citation questions,191,category,265,НДС,20,240,191,186,49,12,12,0,0.750000000000,0.750000000000,0.750000000000,0.471924425574
frida,embedding,ai-forever/FRIDA,aed004da8d09c33f6a51240fd9f5bcc625225b67,16c09d9bc507a5582aa466a506979f38db1b75303528ea9e8fb62a26c20e0d79,bm25,branch_diagnostic,preliminary_filtered,literal-citation questions after preliminary technical screening,186,category,265,НДС,20,240,191,186,49,12,10,2,0.800000000000,0.800000000000,0.800000000000,0.503216335332
frida,embedding,ai-forever/FRIDA,aed004da8d09c33f6a51240fd9f5bcc625225b67,16c09d9bc507a5582aa466a506979f38db1b75303528ea9e8fb62a26c20e0d79,bm25,branch_diagnostic,literal_citation_all,all literal-citation questions,191,category,265,НДС,50,240,191,186,49,12,12,0,0.916666666667,0.875000000000,0.833333333333,0.498886574137
frida,embedding,ai-forever/FRIDA,aed004da8d09c33f6a51240fd9f5bcc625225b67,16c09d9bc507a5582aa466a506979f38db1b75303528ea9e8fb62a26c20e0d79,bm25,branch_diagnostic,preliminary_filtered,literal-citation questions after preliminary technical screening,186,category,265,НДС,50,240,191,186,49,12,10,2,0.900000000000,0.850000000000,0.800000000000,0.514986230362
frida,embedding,ai-forever/FRIDA,aed004da8d09c33f6a51240fd9f5bcc625225b67,16c09d9bc507a5582aa466a506979f38db1b75303528ea9e8fb62a26c20e0d79,bm25,branch_diagnostic,literal_citation_all,all literal-citation questions,191,category,911,Налог на профессиональный доход,10,240,191,186,49,2,2,0,0.500000000000,0.250000000000,0.000000000000,0.092287848390
frida,embedding,ai-forever/FRIDA,aed004da8d09c33f6a51240fd9f5bcc625225b67,16c09d9bc507a5582aa466a506979f38db1b75303528ea9e8fb62a26c20e0d79,bm25,branch_diagnostic,preliminary_filtered,literal-citation questions after preliminary technical screening,186,category,911,Налог на профессиональный доход,10,240,191,186,49,2,2,0,0.500000000000,0.250000000000,0.000000000000,0.092287848390
frida,embedding,ai-forever/FRIDA,aed004da8d09c33f6a51240fd9f5bcc625225b67,16c09d9bc507a5582aa466a506979f38db1b75303528ea9e8fb62a26c20e0d79,bm25,branch_diagnostic,literal_citation_all,all literal-citation questions,191,category,911,Налог на профессиональный доход,20,240,191,186,49,2,2,0,0.500000000000,0.500000000000,0.500000000000,0.170757820579
frida,embedding,ai-forever/FRIDA,aed004da8d09c33f6a51240fd9f5bcc625225b67,16c09d9bc507a5582aa466a506979f38db1b75303528ea9e8fb62a26c20e0d79,bm25,branch_diagnostic,preliminary_filtered,literal-citation questions after preliminary technical screening,186,category,911,Налог на профессиональный доход,20,240,191,186,49,2,2,0,0.500000000000,0.500000000000,0.500000000000,0.170757820579
frida,embedding,ai-forever/FRIDA,aed004da8d09c33f6a51240fd9f5bcc625225b67,16c09d9bc507a5582aa466a506979f38db1b75303528ea9e8fb62a26c20e0d79,bm25,branch_diagnostic,literal_citation_all,all literal-citation questions,191,category,911,Налог на профессиональный доход,50,240,191,186,49,2,2,0,1.000000000000,1.000000000000,1.000000000000,0.260773483907
frida,embedding,ai-forever/FRIDA,aed004da8d09c33f6a51240fd9f5bcc625225b67,16c09d9bc507a5582aa466a506979f38db1b75303528ea9e8fb62a26c20e0d79,bm25,branch_diagnostic,preliminary_filtered,literal-citation questions after preliminary technical screening,186,category,911,Налог на профессиональный доход,50,240,191,186,49,2,2,0,1.000000000000,1.000000000000,1.000000000000,0.260773483907
frida,embedding,ai-forever/FRIDA,aed004da8d09c33f6a51240fd9f5bcc625225b67,16c09d9bc507a5582aa466a506979f38db1b75303528ea9e8fb62a26c20e0d79,dense,branch_diagnostic,literal_citation_all,all literal-citation questions,191,all,all,all,10,240,191,186,49,191,191,0,0.890052356021,0.816928446771,0.738219895288,0.686986332872
frida,embedding,ai-forever/FRIDA,aed004da8d09c33f6a51240fd9f5bcc625225b67,16c09d9bc507a5582aa466a506979f38db1b75303528ea9e8fb62a26c20e0d79,dense,branch_diagnostic,literal_citation_all,all literal-citation questions,191,multi,multi,multiple citations,10,240,191,186,49,52,52,0,0.923076923077,0.654487179487,0.365384615385,0.612431875172
frida,embedding,ai-forever/FRIDA,aed004da8d09c33f6a51240fd9f5bcc625225b67,16c09d9bc507a5582aa466a506979f38db1b75303528ea9e8fb62a26c20e0d79,dense,branch_diagnostic,literal_citation_all,all literal-citation questions,191,sensitivity,without_flagged_duplicate,all eligible except flagged duplicate,10,240,191,186,49,239,190,49,0.889473684211,0.815964912281,0.736842105263,0.685338892519
frida,embedding,ai-forever/FRIDA,aed004da8d09c33f6a51240fd9f5bcc625225b67,16c09d9bc507a5582aa466a506979f38db1b75303528ea9e8fb62a26c20e0d79,dense,branch_diagnostic,literal_citation_all,all literal-citation questions,191,category,267,УСН,10,240,191,186,49,17,17,0,1.000000000000,0.774509803922,0.529411764706,0.630096860243
frida,embedding,ai-forever/FRIDA,aed004da8d09c33f6a51240fd9f5bcc625225b67,16c09d9bc507a5582aa466a506979f38db1b75303528ea9e8fb62a26c20e0d79,dense,branch_diagnostic,preliminary_filtered,literal-citation questions after preliminary technical screening,186,all,all,all,10,240,191,186,49,191,186,5,0.892473118280,0.817383512545,0.736559139785,0.692785926836
frida,embedding,ai-forever/FRIDA,aed004da8d09c33f6a51240fd9f5bcc625225b67,16c09d9bc507a5582aa466a506979f38db1b75303528ea9e8fb62a26c20e0d79,dense,branch_diagnostic,preliminary_filtered,literal-citation questions after preliminary technical screening,186,multi,multi,multiple citations,10,240,191,186,49,52,51,1,0.941176470588,0.667320261438,0.372549019608,0.624440343313
frida,embedding,ai-forever/FRIDA,aed004da8d09c33f6a51240fd9f5bcc625225b67,16c09d9bc507a5582aa466a506979f38db1b75303528ea9e8fb62a26c20e0d79,dense,branch_diagnostic,preliminary_filtered,literal-citation questions after preliminary technical screening,186,sensitivity,without_flagged_duplicate,all eligible except flagged duplicate,10,240,191,186,49,239,185,54,0.891891891892,0.816396396396,0.735135135135,0.691125310224
frida,embedding,ai-forever/FRIDA,aed004da8d09c33f6a51240fd9f5bcc625225b67,16c09d9bc507a5582aa466a506979f38db1b75303528ea9e8fb62a26c20e0d79,dense,branch_diagnostic,preliminary_filtered,literal-citation questions after preliminary technical screening,186,category,267,УСН,10,240,191,186,49,17,16,1,1.000000000000,0.760416666667,0.500000000000,0.638227914008
frida,embedding,ai-forever/FRIDA,aed004da8d09c33f6a51240fd9f5bcc625225b67,16c09d9bc507a5582aa466a506979f38db1b75303528ea9e8fb62a26c20e0d79,dense,branch_diagnostic,literal_citation_all,all literal-citation questions,191,all,all,all,20,240,191,186,49,191,191,0,0.931937172775,0.874956369983,0.806282722513,0.702542539802
frida,embedding,ai-forever/FRIDA,aed004da8d09c33f6a51240fd9f5bcc625225b67,16c09d9bc507a5582aa466a506979f38db1b75303528ea9e8fb62a26c20e0d79,dense,branch_diagnostic,literal_citation_all,all literal-citation questions,191,multi,multi,multiple citations,20,240,191,186,49,52,52,0,0.923076923077,0.713782051282,0.461538461538,0.632435347405
frida,embedding,ai-forever/FRIDA,aed004da8d09c33f6a51240fd9f5bcc625225b67,16c09d9bc507a5582aa466a506979f38db1b75303528ea9e8fb62a26c20e0d79,dense,branch_diagnostic,literal_citation_all,all literal-citation questions,191,sensitivity,without_flagged_duplicate,all eligible except flagged duplicate,20,240,191,186,49,239,190,49,0.931578947368,0.874298245614,0.805263157895,0.700976974222
frida,embedding,ai-forever/FRIDA,aed004da8d09c33f6a51240fd9f5bcc625225b67,16c09d9bc507a5582aa466a506979f38db1b75303528ea9e8fb62a26c20e0d79,dense,branch_diagnostic,literal_citation_all,all literal-citation questions,191,category,267,УСН,20,240,191,186,49,17,17,0,1.000000000000,0.813725490196,0.588235294118,0.643943794945
frida,embedding,ai-forever/FRIDA,aed004da8d09c33f6a51240fd9f5bcc625225b67,16c09d9bc507a5582aa466a506979f38db1b75303528ea9e8fb62a26c20e0d79,dense,branch_diagnostic,preliminary_filtered,literal-citation questions after preliminary technical screening,186,all,all,all,20,240,191,186,49,191,186,5,0.935483870968,0.876971326165,0.806451612903,0.708760311371
frida,embedding,ai-forever/FRIDA,aed004da8d09c33f6a51240fd9f5bcc625225b67,16c09d9bc507a5582aa466a506979f38db1b75303528ea9e8fb62a26c20e0d79,dense,branch_diagnostic,preliminary_filtered,literal-citation questions after preliminary technical screening,186,multi,multi,multiple citations,20,240,191,186,49,52,51,1,0.941176470588,0.727777777778,0.470588235294,0.644836040491
frida,embedding,ai-forever/FRIDA,aed004da8d09c33f6a51240fd9f5bcc625225b67,16c09d9bc507a5582aa466a506979f38db1b75303528ea9e8fb62a26c20e0d79,dense,branch_diagnostic,preliminary_filtered,literal-citation questions after preliminary technical screening,186,sensitivity,without_flagged_duplicate,all eligible except flagged duplicate,20,240,191,186,49,239,185,54,0.935135135135,0.876306306306,0.805405405405,0.707186042784
frida,embedding,ai-forever/FRIDA,aed004da8d09c33f6a51240fd9f5bcc625225b67,16c09d9bc507a5582aa466a506979f38db1b75303528ea9e8fb62a26c20e0d79,dense,branch_diagnostic,preliminary_filtered,literal-citation questions after preliminary technical screening,186,category,267,УСН,20,240,191,186,49,17,16,1,1.000000000000,0.802083333333,0.562500000000,0.652940282129
frida,embedding,ai-forever/FRIDA,aed004da8d09c33f6a51240fd9f5bcc625225b67,16c09d9bc507a5582aa466a506979f38db1b75303528ea9e8fb62a26c20e0d79,dense,branch_diagnostic,literal_citation_all,all literal-citation questions,191,all,all,all,50,240,191,186,49,191,191,0,0.968586387435,0.932286212914,0.890052356021,0.716424054336
frida,embedding,ai-forever/FRIDA,aed004da8d09c33f6a51240fd9f5bcc625225b67,16c09d9bc507a5582aa466a506979f38db1b75303528ea9e8fb62a26c20e0d79,dense,branch_diagnostic,literal_citation_all,all literal-citation questions,191,multi,multi,multiple citations,50,240,191,186,49,52,52,0,0.980769230769,0.847435897436,0.692307692308,0.668120643496
frida,embedding,ai-forever/FRIDA,aed004da8d09c33f6a51240fd9f5bcc625225b67,16c09d9bc507a5582aa466a506979f38db1b75303528ea9e8fb62a26c20e0d79,dense,branch_diagnostic,literal_citation_all,all literal-citation questions,191,sensitivity,without_flagged_duplicate,all eligible except flagged duplicate,50,240,191,186,49,239,190,49,0.968421052632,0.931929824561,0.889473684211,0.714931549359
frida,embedding,ai-forever/FRIDA,aed004da8d09c33f6a51240fd9f5bcc625225b67,16c09d9bc507a5582aa466a506979f38db1b75303528ea9e8fb62a26c20e0d79,dense,branch_diagnostic,literal_citation_all,all literal-citation questions,191,category,267,УСН,50,240,191,186,49,17,17,0,1.000000000000,0.960784313725,0.882352941176,0.683067047314
frida,embedding,ai-forever/FRIDA,aed004da8d09c33f6a51240fd9f5bcc625225b67,16c09d9bc507a5582aa466a506979f38db1b75303528ea9e8fb62a26c20e0d79,dense,branch_diagnostic,preliminary_filtered,literal-citation questions after preliminary technical screening,186,all,all,all,50,240,191,186,49,191,186,5,0.973118279570,0.935842293907,0.892473118280,0.723014984899
frida,embedding,ai-forever/FRIDA,aed004da8d09c33f6a51240fd9f5bcc625225b67,16c09d9bc507a5582aa466a506979f38db1b75303528ea9e8fb62a26c20e0d79,dense,branch_diagnostic,preliminary_filtered,literal-citation questions after preliminary technical screening,186,multi,multi,multiple citations,50,240,191,186,49,52,51,1,1.000000000000,0.864052287582,0.705882352941,0.681221048271
frida,embedding,ai-forever/FRIDA,aed004da8d09c33f6a51240fd9f5bcc625225b67,16c09d9bc507a5582aa466a506979f38db1b75303528ea9e8fb62a26c20e0d79,dense,branch_diagnostic,preliminary_filtered,literal-citation questions after preliminary technical screening,186,sensitivity,without_flagged_duplicate,all eligible except flagged duplicate,50,240,191,186,49,239,185,54,0.972972972973,0.935495495495,0.891891891892,0.721517768601
frida,embedding,ai-forever/FRIDA,aed004da8d09c33f6a51240fd9f5bcc625225b67,16c09d9bc507a5582aa466a506979f38db1b75303528ea9e8fb62a26c20e0d79,dense,branch_diagnostic,preliminary_filtered,literal-citation questions after preliminary technical screening,186,category,267,УСН,50,240,191,186,49,17,16,1,1.000000000000,0.958333333333,0.875000000000,0.694508737771
frida,embedding,ai-forever/FRIDA,aed004da8d09c33f6a51240fd9f5bcc625225b67,16c09d9bc507a5582aa466a506979f38db1b75303528ea9e8fb62a26c20e0d79,dense,branch_diagnostic,literal_citation_all,all literal-citation questions,191,single,single,single citation,10,240,191,186,49,139,139,0,0.877697841727,0.877697841727,0.877697841727,0.714877209134
frida,embedding,ai-forever/FRIDA,aed004da8d09c33f6a51240fd9f5bcc625225b67,16c09d9bc507a5582aa466a506979f38db1b75303528ea9e8fb62a26c20e0d79,dense,branch_diagnostic,literal_citation_all,all literal-citation questions,191,category,705,Налоговый контроль,10,240,191,186,49,12,12,0,0.833333333333,0.736111111111,0.666666666667,0.684446306030
frida,embedding,ai-forever/FRIDA,aed004da8d09c33f6a51240fd9f5bcc625225b67,16c09d9bc507a5582aa466a506979f38db1b75303528ea9e8fb62a26c20e0d79,dense,branch_diagnostic,preliminary_filtered,literal-citation questions after preliminary technical screening,186,single,single,single citation,10,240,191,186,49,139,135,4,0.874074074074,0.874074074074,0.874074074074,0.718605369500
frida,embedding,ai-forever/FRIDA,aed004da8d09c33f6a51240fd9f5bcc625225b67,16c09d9bc507a5582aa466a506979f38db1b75303528ea9e8fb62a26c20e0d79,dense,branch_diagnostic,preliminary_filtered,literal-citation questions after preliminary technical screening,186,category,705,Налоговый контроль,10,240,191,186,49,12,12,0,0.833333333333,0.736111111111,0.666666666667,0.684446306030
frida,embedding,ai-forever/FRIDA,aed004da8d09c33f6a51240fd9f5bcc625225b67,16c09d9bc507a5582aa466a506979f38db1b75303528ea9e8fb62a26c20e0d79,dense,branch_diagnostic,literal_citation_all,all literal-citation questions,191,single,single,single citation,20,240,191,186,49,139,139,0,0.935251798561,0.935251798561,0.935251798561,0.728769690914
frida,embedding,ai-forever/FRIDA,aed004da8d09c33f6a51240fd9f5bcc625225b67,16c09d9bc507a5582aa466a506979f38db1b75303528ea9e8fb62a26c20e0d79,dense,branch_diagnostic,literal_citation_all,all literal-citation questions,191,category,705,Налоговый контроль,20,240,191,186,49,12,12,0,0.916666666667,0.847222222222,0.750000000000,0.714679541786
frida,embedding,ai-forever/FRIDA,aed004da8d09c33f6a51240fd9f5bcc625225b67,16c09d9bc507a5582aa466a506979f38db1b75303528ea9e8fb62a26c20e0d79,dense,branch_diagnostic,preliminary_filtered,literal-citation questions after preliminary technical screening,186,single,single,single citation,20,240,191,186,49,139,135,4,0.933333333333,0.933333333333,0.933333333333,0.732909480370
frida,embedding,ai-forever/FRIDA,aed004da8d09c33f6a51240fd9f5bcc625225b67,16c09d9bc507a5582aa466a506979f38db1b75303528ea9e8fb62a26c20e0d79,dense,branch_diagnostic,preliminary_filtered,literal-citation questions after preliminary technical screening,186,category,705,Налоговый контроль,20,240,191,186,49,12,12,0,0.916666666667,0.847222222222,0.750000000000,0.714679541786
frida,embedding,ai-forever/FRIDA,aed004da8d09c33f6a51240fd9f5bcc625225b67,16c09d9bc507a5582aa466a506979f38db1b75303528ea9e8fb62a26c20e0d79,dense,branch_diagnostic,literal_citation_all,all literal-citation questions,191,single,single,single citation,50,240,191,186,49,139,139,0,0.964028776978,0.964028776978,0.964028776978,0.734494395082
frida,embedding,ai-forever/FRIDA,aed004da8d09c33f6a51240fd9f5bcc625225b67,16c09d9bc507a5582aa466a506979f38db1b75303528ea9e8fb62a26c20e0d79,dense,branch_diagnostic,literal_citation_all,all literal-citation questions,191,category,705,Налоговый контроль,50,240,191,186,49,12,12,0,0.916666666667,0.875000000000,0.833333333333,0.722243783142
frida,embedding,ai-forever/FRIDA,aed004da8d09c33f6a51240fd9f5bcc625225b67,16c09d9bc507a5582aa466a506979f38db1b75303528ea9e8fb62a26c20e0d79,dense,branch_diagnostic,preliminary_filtered,literal-citation questions after preliminary technical screening,186,single,single,single citation,50,240,191,186,49,139,135,4,0.962962962963,0.962962962963,0.962962962963,0.738803805402
frida,embedding,ai-forever/FRIDA,aed004da8d09c33f6a51240fd9f5bcc625225b67,16c09d9bc507a5582aa466a506979f38db1b75303528ea9e8fb62a26c20e0d79,dense,branch_diagnostic,preliminary_filtered,literal-citation questions after preliminary technical screening,186,category,705,Налоговый контроль,50,240,191,186,49,12,12,0,0.916666666667,0.875000000000,0.833333333333,0.722243783142
frida,embedding,ai-forever/FRIDA,aed004da8d09c33f6a51240fd9f5bcc625225b67,16c09d9bc507a5582aa466a506979f38db1b75303528ea9e8fb62a26c20e0d79,dense,branch_diagnostic,literal_citation_all,all literal-citation questions,191,category,263,НДФЛ,10,240,191,186,49,15,15,0,0.933333333333,0.877777777778,0.800000000000,0.882452404730
frida,embedding,ai-forever/FRIDA,aed004da8d09c33f6a51240fd9f5bcc625225b67,16c09d9bc507a5582aa466a506979f38db1b75303528ea9e8fb62a26c20e0d79,dense,branch_diagnostic,preliminary_filtered,literal-citation questions after preliminary technical screening,186,category,263,НДФЛ,10,240,191,186,49,15,15,0,0.933333333333,0.877777777778,0.800000000000,0.882452404730
frida,embedding,ai-forever/FRIDA,aed004da8d09c33f6a51240fd9f5bcc625225b67,16c09d9bc507a5582aa466a506979f38db1b75303528ea9e8fb62a26c20e0d79,dense,branch_diagnostic,literal_citation_all,all literal-citation questions,191,category,263,НДФЛ,20,240,191,186,49,15,15,0,0.933333333333,0.877777777778,0.800000000000,0.882452404730
frida,embedding,ai-forever/FRIDA,aed004da8d09c33f6a51240fd9f5bcc625225b67,16c09d9bc507a5582aa466a506979f38db1b75303528ea9e8fb62a26c20e0d79,dense,branch_diagnostic,preliminary_filtered,literal-citation questions after preliminary technical screening,186,category,263,НДФЛ,20,240,191,186,49,15,15,0,0.933333333333,0.877777777778,0.800000000000,0.882452404730
frida,embedding,ai-forever/FRIDA,aed004da8d09c33f6a51240fd9f5bcc625225b67,16c09d9bc507a5582aa466a506979f38db1b75303528ea9e8fb62a26c20e0d79,dense,branch_diagnostic,literal_citation_all,all literal-citation questions,191,category,263,НДФЛ,50,240,191,186,49,15,15,0,1.000000000000,0.894444444444,0.800000000000,0.887376407784
frida,embedding,ai-forever/FRIDA,aed004da8d09c33f6a51240fd9f5bcc625225b67,16c09d9bc507a5582aa466a506979f38db1b75303528ea9e8fb62a26c20e0d79,dense,branch_diagnostic,preliminary_filtered,literal-citation questions after preliminary technical screening,186,category,263,НДФЛ,50,240,191,186,49,15,15,0,1.000000000000,0.894444444444,0.800000000000,0.887376407784
frida,embedding,ai-forever/FRIDA,aed004da8d09c33f6a51240fd9f5bcc625225b67,16c09d9bc507a5582aa466a506979f38db1b75303528ea9e8fb62a26c20e0d79,dense,branch_diagnostic,literal_citation_all,all literal-citation questions,191,category,704,Трансфертное ценообразование,10,240,191,186,49,17,17,0,0.941176470588,0.941176470588,0.941176470588,0.809067198639
frida,embedding,ai-forever/FRIDA,aed004da8d09c33f6a51240fd9f5bcc625225b67,16c09d9bc507a5582aa466a506979f38db1b75303528ea9e8fb62a26c20e0d79,dense,branch_diagnostic,preliminary_filtered,literal-citation questions after preliminary technical screening,186,category,704,Трансфертное ценообразование,10,240,191,186,49,17,17,0,0.941176470588,0.941176470588,0.941176470588,0.809067198639
frida,embedding,ai-forever/FRIDA,aed004da8d09c33f6a51240fd9f5bcc625225b67,16c09d9bc507a5582aa466a506979f38db1b75303528ea9e8fb62a26c20e0d79,dense,branch_diagnostic,literal_citation_all,all literal-citation questions,191,category,704,Трансфертное ценообразование,20,240,191,186,49,17,17,0,1.000000000000,1.000000000000,1.000000000000,0.822459566209
frida,embedding,ai-forever/FRIDA,aed004da8d09c33f6a51240fd9f5bcc625225b67,16c09d9bc507a5582aa466a506979f38db1b75303528ea9e8fb62a26c20e0d79,dense,branch_diagnostic,preliminary_filtered,literal-citation questions after preliminary technical screening,186,category,704,Трансфертное ценообразование,20,240,191,186,49,17,17,0,1.000000000000,1.000000000000,1.000000000000,0.822459566209
frida,embedding,ai-forever/FRIDA,aed004da8d09c33f6a51240fd9f5bcc625225b67,16c09d9bc507a5582aa466a506979f38db1b75303528ea9e8fb62a26c20e0d79,dense,branch_diagnostic,literal_citation_all,all literal-citation questions,191,category,704,Трансфертное ценообразование,50,240,191,186,49,17,17,0,1.000000000000,1.000000000000,1.000000000000,0.822459566209
frida,embedding,ai-forever/FRIDA,aed004da8d09c33f6a51240fd9f5bcc625225b67,16c09d9bc507a5582aa466a506979f38db1b75303528ea9e8fb62a26c20e0d79,dense,branch_diagnostic,preliminary_filtered,literal-citation questions after preliminary technical screening,186,category,704,Трансфертное ценообразование,50,240,191,186,49,17,17,0,1.000000000000,1.000000000000,1.000000000000,0.822459566209
frida,embedding,ai-forever/FRIDA,aed004da8d09c33f6a51240fd9f5bcc625225b67,16c09d9bc507a5582aa466a506979f38db1b75303528ea9e8fb62a26c20e0d79,dense,branch_diagnostic,literal_citation_all,all literal-citation questions,191,category,246,Урегулирование задолженности,10,240,191,186,49,9,9,0,1.000000000000,0.944444444444,0.888888888889,0.813305747455
frida,embedding,ai-forever/FRIDA,aed004da8d09c33f6a51240fd9f5bcc625225b67,16c09d9bc507a5582aa466a506979f38db1b75303528ea9e8fb62a26c20e0d79,dense,branch_diagnostic,preliminary_filtered,literal-citation questions after preliminary technical screening,186,category,246,Урегулирование задолженности,10,240,191,186,49,9,9,0,1.000000000000,0.944444444444,0.888888888889,0.813305747455
frida,embedding,ai-forever/FRIDA,aed004da8d09c33f6a51240fd9f5bcc625225b67,16c09d9bc507a5582aa466a506979f38db1b75303528ea9e8fb62a26c20e0d79,dense,branch_diagnostic,literal_citation_all,all literal-citation questions,191,category,246,Урегулирование задолженности,20,240,191,186,49,9,9,0,1.000000000000,1.000000000000,1.000000000000,0.831716388096
frida,embedding,ai-forever/FRIDA,aed004da8d09c33f6a51240fd9f5bcc625225b67,16c09d9bc507a5582aa466a506979f38db1b75303528ea9e8fb62a26c20e0d79,dense,branch_diagnostic,preliminary_filtered,literal-citation questions after preliminary technical screening,186,category,246,Урегулирование задолженности,20,240,191,186,49,9,9,0,1.000000000000,1.000000000000,1.000000000000,0.831716388096
frida,embedding,ai-forever/FRIDA,aed004da8d09c33f6a51240fd9f5bcc625225b67,16c09d9bc507a5582aa466a506979f38db1b75303528ea9e8fb62a26c20e0d79,dense,branch_diagnostic,literal_citation_all,all literal-citation questions,191,category,246,Урегулирование задолженности,50,240,191,186,49,9,9,0,1.000000000000,1.000000000000,1.000000000000,0.831716388096
frida,embedding,ai-forever/FRIDA,aed004da8d09c33f6a51240fd9f5bcc625225b67,16c09d9bc507a5582aa466a506979f38db1b75303528ea9e8fb62a26c20e0d79,dense,branch_diagnostic,preliminary_filtered,literal-citation questions after preliminary technical screening,186,category,246,Урегулирование задолженности,50,240,191,186,49,9,9,0,1.000000000000,1.000000000000,1.000000000000,0.831716388096
frida,embedding,ai-forever/FRIDA,aed004da8d09c33f6a51240fd9f5bcc625225b67,16c09d9bc507a5582aa466a506979f38db1b75303528ea9e8fb62a26c20e0d79,dense,branch_diagnostic,literal_citation_all,all literal-citation questions,191,category,1028,Единый налоговый счет,10,240,191,186,49,14,14,0,0.642857142857,0.547619047619,0.428571428571,0.391437132574
frida,embedding,ai-forever/FRIDA,aed004da8d09c33f6a51240fd9f5bcc625225b67,16c09d9bc507a5582aa466a506979f38db1b75303528ea9e8fb62a26c20e0d79,dense,branch_diagnostic,preliminary_filtered,literal-citation questions after preliminary technical screening,186,category,1028,Единый налоговый счет,10,240,191,186,49,14,13,1,0.692307692308,0.589743589744,0.461538461538,0.421547681233
frida,embedding,ai-forever/FRIDA,aed004da8d09c33f6a51240fd9f5bcc625225b67,16c09d9bc507a5582aa466a506979f38db1b75303528ea9e8fb62a26c20e0d79,dense,branch_diagnostic,literal_citation_all,all literal-citation questions,191,category,1028,Единый налоговый счет,20,240,191,186,49,14,14,0,0.642857142857,0.547619047619,0.428571428571,0.391437132574
frida,embedding,ai-forever/FRIDA,aed004da8d09c33f6a51240fd9f5bcc625225b67,16c09d9bc507a5582aa466a506979f38db1b75303528ea9e8fb62a26c20e0d79,dense,branch_diagnostic,preliminary_filtered,literal-citation questions after preliminary technical screening,186,category,1028,Единый налоговый счет,20,240,191,186,49,14,13,1,0.692307692308,0.589743589744,0.461538461538,0.421547681233
frida,embedding,ai-forever/FRIDA,aed004da8d09c33f6a51240fd9f5bcc625225b67,16c09d9bc507a5582aa466a506979f38db1b75303528ea9e8fb62a26c20e0d79,dense,branch_diagnostic,literal_citation_all,all literal-citation questions,191,category,1028,Единый налоговый счет,50,240,191,186,49,14,14,0,0.857142857143,0.761904761905,0.642857142857,0.441811473963
frida,embedding,ai-forever/FRIDA,aed004da8d09c33f6a51240fd9f5bcc625225b67,16c09d9bc507a5582aa466a506979f38db1b75303528ea9e8fb62a26c20e0d79,dense,branch_diagnostic,preliminary_filtered,literal-citation questions after preliminary technical screening,186,category,1028,Единый налоговый счет,50,240,191,186,49,14,13,1,0.923076923077,0.820512820513,0.692307692308,0.475796971960
frida,embedding,ai-forever/FRIDA,aed004da8d09c33f6a51240fd9f5bcc625225b67,16c09d9bc507a5582aa466a506979f38db1b75303528ea9e8fb62a26c20e0d79,dense,branch_diagnostic,literal_citation_all,all literal-citation questions,191,category,746,Патентная система,10,240,191,186,49,16,16,0,1.000000000000,0.825000000000,0.687500000000,0.723966781724
frida,embedding,ai-forever/FRIDA,aed004da8d09c33f6a51240fd9f5bcc625225b67,16c09d9bc507a5582aa466a506979f38db1b75303528ea9e8fb62a26c20e0d79,dense,branch_diagnostic,preliminary_filtered,literal-citation questions after preliminary technical screening,186,category,746,Патентная система,10,240,191,186,49,16,16,0,1.000000000000,0.825000000000,0.687500000000,0.723966781724
frida,embedding,ai-forever/FRIDA,aed004da8d09c33f6a51240fd9f5bcc625225b67,16c09d9bc507a5582aa466a506979f38db1b75303528ea9e8fb62a26c20e0d79,dense,branch_diagnostic,literal_citation_all,all literal-citation questions,191,category,746,Патентная система,20,240,191,186,49,16,16,0,1.000000000000,0.861458333333,0.750000000000,0.738698705343
frida,embedding,ai-forever/FRIDA,aed004da8d09c33f6a51240fd9f5bcc625225b67,16c09d9bc507a5582aa466a506979f38db1b75303528ea9e8fb62a26c20e0d79,dense,branch_diagnostic,preliminary_filtered,literal-citation questions after preliminary technical screening,186,category,746,Патентная система,20,240,191,186,49,16,16,0,1.000000000000,0.861458333333,0.750000000000,0.738698705343
frida,embedding,ai-forever/FRIDA,aed004da8d09c33f6a51240fd9f5bcc625225b67,16c09d9bc507a5582aa466a506979f38db1b75303528ea9e8fb62a26c20e0d79,dense,branch_diagnostic,literal_citation_all,all literal-citation questions,191,category,746,Патентная система,50,240,191,186,49,16,16,0,1.000000000000,0.915625000000,0.812500000000,0.754588490976
frida,embedding,ai-forever/FRIDA,aed004da8d09c33f6a51240fd9f5bcc625225b67,16c09d9bc507a5582aa466a506979f38db1b75303528ea9e8fb62a26c20e0d79,dense,branch_diagnostic,preliminary_filtered,literal-citation questions after preliminary technical screening,186,category,746,Патентная система,50,240,191,186,49,16,16,0,1.000000000000,0.915625000000,0.812500000000,0.754588490976
frida,embedding,ai-forever/FRIDA,aed004da8d09c33f6a51240fd9f5bcc625225b67,16c09d9bc507a5582aa466a506979f38db1b75303528ea9e8fb62a26c20e0d79,dense,branch_diagnostic,literal_citation_all,all literal-citation questions,191,category,882,Страховые взносы,10,240,191,186,49,14,14,0,0.857142857143,0.821428571429,0.785714285714,0.777632343374
frida,embedding,ai-forever/FRIDA,aed004da8d09c33f6a51240fd9f5bcc625225b67,16c09d9bc507a5582aa466a506979f38db1b75303528ea9e8fb62a26c20e0d79,dense,branch_diagnostic,preliminary_filtered,literal-citation questions after preliminary technical screening,186,category,882,Страховые взносы,10,240,191,186,49,14,13,1,0.846153846154,0.807692307692,0.769230769231,0.760527139018
frida,embedding,ai-forever/FRIDA,aed004da8d09c33f6a51240fd9f5bcc625225b67,16c09d9bc507a5582aa466a506979f38db1b75303528ea9e8fb62a26c20e0d79,dense,branch_diagnostic,literal_citation_all,all literal-citation questions,191,category,882,Страховые взносы,20,240,191,186,49,14,14,0,0.928571428571,0.892857142857,0.857142857143,0.796393024448
frida,embedding,ai-forever/FRIDA,aed004da8d09c33f6a51240fd9f5bcc625225b67,16c09d9bc507a5582aa466a506979f38db1b75303528ea9e8fb62a26c20e0d79,dense,branch_diagnostic,preliminary_filtered,literal-citation questions after preliminary technical screening,186,category,882,Страховые взносы,20,240,191,186,49,14,13,1,0.923076923077,0.884615384615,0.846153846154,0.780730949406
frida,embedding,ai-forever/FRIDA,aed004da8d09c33f6a51240fd9f5bcc625225b67,16c09d9bc507a5582aa466a506979f38db1b75303528ea9e8fb62a26c20e0d79,dense,branch_diagnostic,literal_citation_all,all literal-citation questions,191,category,882,Страховые взносы,50,240,191,186,49,14,14,0,1.000000000000,0.964285714286,0.928571428571,0.809725339536
frida,embedding,ai-forever/FRIDA,aed004da8d09c33f6a51240fd9f5bcc625225b67,16c09d9bc507a5582aa466a506979f38db1b75303528ea9e8fb62a26c20e0d79,dense,branch_diagnostic,preliminary_filtered,literal-citation questions after preliminary technical screening,186,category,882,Страховые взносы,50,240,191,186,49,14,13,1,1.000000000000,0.961538461538,0.923076923077,0.795088827193
frida,embedding,ai-forever/FRIDA,aed004da8d09c33f6a51240fd9f5bcc625225b67,16c09d9bc507a5582aa466a506979f38db1b75303528ea9e8fb62a26c20e0d79,dense,branch_diagnostic,literal_citation_all,all literal-citation questions,191,category,268,Акцизы,10,240,191,186,49,14,14,0,0.857142857143,0.821428571429,0.785714285714,0.637104442336
frida,embedding,ai-forever/FRIDA,aed004da8d09c33f6a51240fd9f5bcc625225b67,16c09d9bc507a5582aa466a506979f38db1b75303528ea9e8fb62a26c20e0d79,dense,branch_diagnostic,preliminary_filtered,literal-citation questions after preliminary technical screening,186,category,268,Акцизы,10,240,191,186,49,14,14,0,0.857142857143,0.821428571429,0.785714285714,0.637104442336
frida,embedding,ai-forever/FRIDA,aed004da8d09c33f6a51240fd9f5bcc625225b67,16c09d9bc507a5582aa466a506979f38db1b75303528ea9e8fb62a26c20e0d79,dense,branch_diagnostic,literal_citation_all,all literal-citation questions,191,category,268,Акцизы,20,240,191,186,49,14,14,0,1.000000000000,0.964285714286,0.928571428571,0.669893618183
frida,embedding,ai-forever/FRIDA,aed004da8d09c33f6a51240fd9f5bcc625225b67,16c09d9bc507a5582aa466a506979f38db1b75303528ea9e8fb62a26c20e0d79,dense,branch_diagnostic,preliminary_filtered,literal-citation questions after preliminary technical screening,186,category,268,Акцизы,20,240,191,186,49,14,14,0,1.000000000000,0.964285714286,0.928571428571,0.669893618183
frida,embedding,ai-forever/FRIDA,aed004da8d09c33f6a51240fd9f5bcc625225b67,16c09d9bc507a5582aa466a506979f38db1b75303528ea9e8fb62a26c20e0d79,dense,branch_diagnostic,literal_citation_all,all literal-citation questions,191,category,268,Акцизы,50,240,191,186,49,14,14,0,1.000000000000,0.964285714286,0.928571428571,0.669893618183
frida,embedding,ai-forever/FRIDA,aed004da8d09c33f6a51240fd9f5bcc625225b67,16c09d9bc507a5582aa466a506979f38db1b75303528ea9e8fb62a26c20e0d79,dense,branch_diagnostic,preliminary_filtered,literal-citation questions after preliminary technical screening,186,category,268,Акцизы,50,240,191,186,49,14,14,0,1.000000000000,0.964285714286,0.928571428571,0.669893618183
frida,embedding,ai-forever/FRIDA,aed004da8d09c33f6a51240fd9f5bcc625225b67,16c09d9bc507a5582aa466a506979f38db1b75303528ea9e8fb62a26c20e0d79,dense,branch_diagnostic,literal_citation_all,all literal-citation questions,191,category,270,ЕСХН,10,240,191,186,49,16,16,0,1.000000000000,1.000000000000,1.000000000000,0.775795137862
frida,embedding,ai-forever/FRIDA,aed004da8d09c33f6a51240fd9f5bcc625225b67,16c09d9bc507a5582aa466a506979f38db1b75303528ea9e8fb62a26c20e0d79,dense,branch_diagnostic,preliminary_filtered,literal-citation questions after preliminary technical screening,186,category,270,ЕСХН,10,240,191,186,49,16,16,0,1.000000000000,1.000000000000,1.000000000000,0.775795137862
frida,embedding,ai-forever/FRIDA,aed004da8d09c33f6a51240fd9f5bcc625225b67,16c09d9bc507a5582aa466a506979f38db1b75303528ea9e8fb62a26c20e0d79,dense,branch_diagnostic,literal_citation_all,all literal-citation questions,191,category,270,ЕСХН,20,240,191,186,49,16,16,0,1.000000000000,1.000000000000,1.000000000000,0.775795137862
frida,embedding,ai-forever/FRIDA,aed004da8d09c33f6a51240fd9f5bcc625225b67,16c09d9bc507a5582aa466a506979f38db1b75303528ea9e8fb62a26c20e0d79,dense,branch_diagnostic,preliminary_filtered,literal-citation questions after preliminary technical screening,186,category,270,ЕСХН,20,240,191,186,49,16,16,0,1.000000000000,1.000000000000,1.000000000000,0.775795137862
frida,embedding,ai-forever/FRIDA,aed004da8d09c33f6a51240fd9f5bcc625225b67,16c09d9bc507a5582aa466a506979f38db1b75303528ea9e8fb62a26c20e0d79,dense,branch_diagnostic,literal_citation_all,all literal-citation questions,191,category,270,ЕСХН,50,240,191,186,49,16,16,0,1.000000000000,1.000000000000,1.000000000000,0.775795137862
frida,embedding,ai-forever/FRIDA,aed004da8d09c33f6a51240fd9f5bcc625225b67,16c09d9bc507a5582aa466a506979f38db1b75303528ea9e8fb62a26c20e0d79,dense,branch_diagnostic,preliminary_filtered,literal-citation questions after preliminary technical screening,186,category,270,ЕСХН,50,240,191,186,49,16,16,0,1.000000000000,1.000000000000,1.000000000000,0.775795137862
frida,embedding,ai-forever/FRIDA,aed004da8d09c33f6a51240fd9f5bcc625225b67,16c09d9bc507a5582aa466a506979f38db1b75303528ea9e8fb62a26c20e0d79,dense,branch_diagnostic,literal_citation_all,all literal-citation questions,191,category,264,Налог на прибыль,10,240,191,186,49,17,17,0,0.882352941176,0.852941176471,0.823529411765,0.754744958305
frida,embedding,ai-forever/FRIDA,aed004da8d09c33f6a51240fd9f5bcc625225b67,16c09d9bc507a5582aa466a506979f38db1b75303528ea9e8fb62a26c20e0d79,dense,branch_diagnostic,preliminary_filtered,literal-citation questions after preliminary technical screening,186,category,264,Налог на прибыль,10,240,191,186,49,17,17,0,0.882352941176,0.852941176471,0.823529411765,0.754744958305
frida,embedding,ai-forever/FRIDA,aed004da8d09c33f6a51240fd9f5bcc625225b67,16c09d9bc507a5582aa466a506979f38db1b75303528ea9e8fb62a26c20e0d79,dense,branch_diagnostic,literal_citation_all,all literal-citation questions,191,category,264,Налог на прибыль,20,240,191,186,49,17,17,0,0.941176470588,0.911764705882,0.882352941176,0.768592541444
frida,embedding,ai-forever/FRIDA,aed004da8d09c33f6a51240fd9f5bcc625225b67,16c09d9bc507a5582aa466a506979f38db1b75303528ea9e8fb62a26c20e0d79,dense,branch_diagnostic,preliminary_filtered,literal-citation questions after preliminary technical screening,186,category,264,Налог на прибыль,20,240,191,186,49,17,17,0,0.941176470588,0.911764705882,0.882352941176,0.768592541444
frida,embedding,ai-forever/FRIDA,aed004da8d09c33f6a51240fd9f5bcc625225b67,16c09d9bc507a5582aa466a506979f38db1b75303528ea9e8fb62a26c20e0d79,dense,branch_diagnostic,literal_citation_all,all literal-citation questions,191,category,264,Налог на прибыль,50,240,191,186,49,17,17,0,1.000000000000,0.970588235294,0.941176470588,0.779242105961
frida,embedding,ai-forever/FRIDA,aed004da8d09c33f6a51240fd9f5bcc625225b67,16c09d9bc507a5582aa466a506979f38db1b75303528ea9e8fb62a26c20e0d79,dense,branch_diagnostic,preliminary_filtered,literal-citation questions after preliminary technical screening,186,category,264,Налог на прибыль,50,240,191,186,49,17,17,0,1.000000000000,0.970588235294,0.941176470588,0.779242105961
frida,embedding,ai-forever/FRIDA,aed004da8d09c33f6a51240fd9f5bcc625225b67,16c09d9bc507a5582aa466a506979f38db1b75303528ea9e8fb62a26c20e0d79,dense,branch_diagnostic,literal_citation_all,all literal-citation questions,191,category,259,Налог на имущество,10,240,191,186,49,16,16,0,0.812500000000,0.750000000000,0.625000000000,0.558193504840
frida,embedding,ai-forever/FRIDA,aed004da8d09c33f6a51240fd9f5bcc625225b67,16c09d9bc507a5582aa466a506979f38db1b75303528ea9e8fb62a26c20e0d79,dense,branch_diagnostic,preliminary_filtered,literal-citation questions after preliminary technical screening,186,category,259,Налог на имущество,10,240,191,186,49,16,16,0,0.812500000000,0.750000000000,0.625000000000,0.558193504840
frida,embedding,ai-forever/FRIDA,aed004da8d09c33f6a51240fd9f5bcc625225b67,16c09d9bc507a5582aa466a506979f38db1b75303528ea9e8fb62a26c20e0d79,dense,branch_diagnostic,literal_citation_all,all literal-citation questions,191,category,259,Налог на имущество,20,240,191,186,49,16,16,0,0.937500000000,0.875000000000,0.750000000000,0.588838491323
frida,embedding,ai-forever/FRIDA,aed004da8d09c33f6a51240fd9f5bcc625225b67,16c09d9bc507a5582aa466a506979f38db1b75303528ea9e8fb62a26c20e0d79,dense,branch_diagnostic,preliminary_filtered,literal-citation questions after preliminary technical screening,186,category,259,Налог на имущество,20,240,191,186,49,16,16,0,0.937500000000,0.875000000000,0.750000000000,0.588838491323
frida,embedding,ai-forever/FRIDA,aed004da8d09c33f6a51240fd9f5bcc625225b67,16c09d9bc507a5582aa466a506979f38db1b75303528ea9e8fb62a26c20e0d79,dense,branch_diagnostic,literal_citation_all,all literal-citation questions,191,category,259,Налог на имущество,50,240,191,186,49,16,16,0,1.000000000000,1.000000000000,1.000000000000,0.619742909207
frida,embedding,ai-forever/FRIDA,aed004da8d09c33f6a51240fd9f5bcc625225b67,16c09d9bc507a5582aa466a506979f38db1b75303528ea9e8fb62a26c20e0d79,dense,branch_diagnostic,preliminary_filtered,literal-citation questions after preliminary technical screening,186,category,259,Налог на имущество,50,240,191,186,49,16,16,0,1.000000000000,1.000000000000,1.000000000000,0.619742909207
frida,embedding,ai-forever/FRIDA,aed004da8d09c33f6a51240fd9f5bcc625225b67,16c09d9bc507a5582aa466a506979f38db1b75303528ea9e8fb62a26c20e0d79,dense,branch_diagnostic,literal_citation_all,all literal-citation questions,191,category,265,НДС,10,240,191,186,49,12,12,0,0.750000000000,0.666666666667,0.583333333333,0.485755077096
frida,embedding,ai-forever/FRIDA,aed004da8d09c33f6a51240fd9f5bcc625225b67,16c09d9bc507a5582aa466a506979f38db1b75303528ea9e8fb62a26c20e0d79,dense,branch_diagnostic,preliminary_filtered,literal-citation questions after preliminary technical screening,186,category,265,НДС,10,240,191,186,49,12,10,2,0.700000000000,0.600000000000,0.500000000000,0.497285373804
frida,embedding,ai-forever/FRIDA,aed004da8d09c33f6a51240fd9f5bcc625225b67,16c09d9bc507a5582aa466a506979f38db1b75303528ea9e8fb62a26c20e0d79,dense,branch_diagnostic,literal_citation_all,all literal-citation questions,191,category,265,НДС,20,240,191,186,49,12,12,0,0.750000000000,0.750000000000,0.750000000000,0.510466353616
frida,embedding,ai-forever/FRIDA,aed004da8d09c33f6a51240fd9f5bcc625225b67,16c09d9bc507a5582aa466a506979f38db1b75303528ea9e8fb62a26c20e0d79,dense,branch_diagnostic,preliminary_filtered,literal-citation questions after preliminary technical screening,186,category,265,НДС,20,240,191,186,49,12,10,2,0.700000000000,0.700000000000,0.700000000000,0.526938905628
frida,embedding,ai-forever/FRIDA,aed004da8d09c33f6a51240fd9f5bcc625225b67,16c09d9bc507a5582aa466a506979f38db1b75303528ea9e8fb62a26c20e0d79,dense,branch_diagnostic,literal_citation_all,all literal-citation questions,191,category,265,НДС,50,240,191,186,49,12,12,0,0.750000000000,0.750000000000,0.750000000000,0.510466353616
frida,embedding,ai-forever/FRIDA,aed004da8d09c33f6a51240fd9f5bcc625225b67,16c09d9bc507a5582aa466a506979f38db1b75303528ea9e8fb62a26c20e0d79,dense,branch_diagnostic,preliminary_filtered,literal-citation questions after preliminary technical screening,186,category,265,НДС,50,240,191,186,49,12,10,2,0.700000000000,0.700000000000,0.700000000000,0.526938905628
frida,embedding,ai-forever/FRIDA,aed004da8d09c33f6a51240fd9f5bcc625225b67,16c09d9bc507a5582aa466a506979f38db1b75303528ea9e8fb62a26c20e0d79,dense,branch_diagnostic,literal_citation_all,all literal-citation questions,191,category,911,Налог на профессиональный доход,10,240,191,186,49,2,2,0,1.000000000000,1.000000000000,1.000000000000,0.552630122026
frida,embedding,ai-forever/FRIDA,aed004da8d09c33f6a51240fd9f5bcc625225b67,16c09d9bc507a5582aa466a506979f38db1b75303528ea9e8fb62a26c20e0d79,dense,branch_diagnostic,preliminary_filtered,literal-citation questions after preliminary technical screening,186,category,911,Налог на профессиональный доход,10,240,191,186,49,2,2,0,1.000000000000,1.000000000000,1.000000000000,0.552630122026
frida,embedding,ai-forever/FRIDA,aed004da8d09c33f6a51240fd9f5bcc625225b67,16c09d9bc507a5582aa466a506979f38db1b75303528ea9e8fb62a26c20e0d79,dense,branch_diagnostic,literal_citation_all,all literal-citation questions,191,category,911,Налог на профессиональный доход,20,240,191,186,49,2,2,0,1.000000000000,1.000000000000,1.000000000000,0.552630122026
frida,embedding,ai-forever/FRIDA,aed004da8d09c33f6a51240fd9f5bcc625225b67,16c09d9bc507a5582aa466a506979f38db1b75303528ea9e8fb62a26c20e0d79,dense,branch_diagnostic,preliminary_filtered,literal-citation questions after preliminary technical screening,186,category,911,Налог на профессиональный доход,20,240,191,186,49,2,2,0,1.000000000000,1.000000000000,1.000000000000,0.552630122026
frida,embedding,ai-forever/FRIDA,aed004da8d09c33f6a51240fd9f5bcc625225b67,16c09d9bc507a5582aa466a506979f38db1b75303528ea9e8fb62a26c20e0d79,dense,branch_diagnostic,literal_citation_all,all literal-citation questions,191,category,911,Налог на профессиональный доход,50,240,191,186,49,2,2,0,1.000000000000,1.000000000000,1.000000000000,0.552630122026
frida,embedding,ai-forever/FRIDA,aed004da8d09c33f6a51240fd9f5bcc625225b67,16c09d9bc507a5582aa466a506979f38db1b75303528ea9e8fb62a26c20e0d79,dense,branch_diagnostic,preliminary_filtered,literal-citation questions after preliminary technical screening,186,category,911,Налог на профессиональный доход,50,240,191,186,49,2,2,0,1.000000000000,1.000000000000,1.000000000000,0.552630122026
frida,embedding,ai-forever/FRIDA,aed004da8d09c33f6a51240fd9f5bcc625225b67,16c09d9bc507a5582aa466a506979f38db1b75303528ea9e8fb62a26c20e0d79,hybrid,branch_diagnostic,literal_citation_all,all literal-citation questions,191,all,all,all,10,240,191,186,49,191,191,0,0.879581151832,0.820244328098,0.743455497382,0.674256266824
frida,embedding,ai-forever/FRIDA,aed004da8d09c33f6a51240fd9f5bcc625225b67,16c09d9bc507a5582aa466a506979f38db1b75303528ea9e8fb62a26c20e0d79,hybrid,branch_diagnostic,literal_citation_all,all literal-citation questions,191,multi,multi,multiple citations,10,240,191,186,49,52,52,0,0.884615384615,0.666666666667,0.384615384615,0.587153020464
frida,embedding,ai-forever/FRIDA,aed004da8d09c33f6a51240fd9f5bcc625225b67,16c09d9bc507a5582aa466a506979f38db1b75303528ea9e8fb62a26c20e0d79,hybrid,branch_diagnostic,literal_citation_all,all literal-citation questions,191,sensitivity,without_flagged_duplicate,all eligible except flagged duplicate,10,240,191,186,49,239,190,49,0.878947368421,0.819298245614,0.742105263158,0.672541826124
frida,embedding,ai-forever/FRIDA,aed004da8d09c33f6a51240fd9f5bcc625225b67,16c09d9bc507a5582aa466a506979f38db1b75303528ea9e8fb62a26c20e0d79,hybrid,branch_diagnostic,literal_citation_all,all literal-citation questions,191,category,267,УСН,10,240,191,186,49,17,17,0,0.764705882353,0.647058823529,0.470588235294,0.568460160729
frida,embedding,ai-forever/FRIDA,aed004da8d09c33f6a51240fd9f5bcc625225b67,16c09d9bc507a5582aa466a506979f38db1b75303528ea9e8fb62a26c20e0d79,hybrid,branch_diagnostic,preliminary_filtered,literal-citation questions after preliminary technical screening,186,all,all,all,10,240,191,186,49,191,186,5,0.887096774194,0.826164874552,0.747311827957,0.682401826755
frida,embedding,ai-forever/FRIDA,aed004da8d09c33f6a51240fd9f5bcc625225b67,16c09d9bc507a5582aa466a506979f38db1b75303528ea9e8fb62a26c20e0d79,hybrid,branch_diagnostic,preliminary_filtered,literal-citation questions after preliminary technical screening,186,multi,multi,multiple citations,10,240,191,186,49,52,51,1,0.901960784314,0.679738562092,0.392156862745,0.598665824787
frida,embedding,ai-forever/FRIDA,aed004da8d09c33f6a51240fd9f5bcc625225b67,16c09d9bc507a5582aa466a506979f38db1b75303528ea9e8fb62a26c20e0d79,hybrid,branch_diagnostic,preliminary_filtered,literal-citation questions after preliminary technical screening,186,sensitivity,without_flagged_duplicate,all eligible except flagged duplicate,10,240,191,186,49,239,185,54,0.886486486486,0.825225225225,0.745945945946,0.680685079872
frida,embedding,ai-forever/FRIDA,aed004da8d09c33f6a51240fd9f5bcc625225b67,16c09d9bc507a5582aa466a506979f38db1b75303528ea9e8fb62a26c20e0d79,hybrid,branch_diagnostic,preliminary_filtered,literal-citation questions after preliminary technical screening,186,category,267,УСН,10,240,191,186,49,17,16,1,0.812500000000,0.687500000000,0.500000000000,0.603988920775
frida,embedding,ai-forever/FRIDA,aed004da8d09c33f6a51240fd9f5bcc625225b67,16c09d9bc507a5582aa466a506979f38db1b75303528ea9e8fb62a26c20e0d79,hybrid,branch_diagnostic,literal_citation_all,all literal-citation questions,191,all,all,all,20,240,191,186,49,191,191,0,0.942408376963,0.892408376963,0.832460732984,0.695107011715
frida,embedding,ai-forever/FRIDA,aed004da8d09c33f6a51240fd9f5bcc625225b67,16c09d9bc507a5582aa466a506979f38db1b75303528ea9e8fb62a26c20e0d79,hybrid,branch_diagnostic,literal_citation_all,all literal-citation questions,191,multi,multi,multiple citations,20,240,191,186,49,52,52,0,0.942307692308,0.758653846154,0.538461538462,0.618469570299
frida,embedding,ai-forever/FRIDA,aed004da8d09c33f6a51240fd9f5bcc625225b67,16c09d9bc507a5582aa466a506979f38db1b75303528ea9e8fb62a26c20e0d79,hybrid,branch_diagnostic,literal_citation_all,all literal-citation questions,191,sensitivity,without_flagged_duplicate,all eligible except flagged duplicate,20,240,191,186,49,239,190,49,0.942105263158,0.891842105263,0.831578947368,0.693502311777
frida,embedding,ai-forever/FRIDA,aed004da8d09c33f6a51240fd9f5bcc625225b67,16c09d9bc507a5582aa466a506979f38db1b75303528ea9e8fb62a26c20e0d79,hybrid,branch_diagnostic,literal_citation_all,all literal-citation questions,191,category,267,УСН,20,240,191,186,49,17,17,0,0.941176470588,0.764705882353,0.588235294118,0.604540460375
frida,embedding,ai-forever/FRIDA,aed004da8d09c33f6a51240fd9f5bcc625225b67,16c09d9bc507a5582aa466a506979f38db1b75303528ea9e8fb62a26c20e0d79,hybrid,branch_diagnostic,preliminary_filtered,literal-citation questions after preliminary technical screening,186,all,all,all,20,240,191,186,49,191,186,5,0.946236559140,0.894892473118,0.833333333333,0.702360182237
frida,embedding,ai-forever/FRIDA,aed004da8d09c33f6a51240fd9f5bcc625225b67,16c09d9bc507a5582aa466a506979f38db1b75303528ea9e8fb62a26c20e0d79,hybrid,branch_diagnostic,preliminary_filtered,literal-citation questions after preliminary technical screening,186,multi,multi,multiple citations,20,240,191,186,49,52,51,1,0.960784313725,0.773529411765,0.549019607843,0.630596424618
frida,embedding,ai-forever/FRIDA,aed004da8d09c33f6a51240fd9f5bcc625225b67,16c09d9bc507a5582aa466a506979f38db1b75303528ea9e8fb62a26c20e0d79,hybrid,branch_diagnostic,preliminary_filtered,literal-citation questions after preliminary technical screening,186,sensitivity,without_flagged_duplicate,all eligible except flagged duplicate,20,240,191,186,49,239,185,54,0.945945945946,0.894324324324,0.832432432432,0.700751318357
frida,embedding,ai-forever/FRIDA,aed004da8d09c33f6a51240fd9f5bcc625225b67,16c09d9bc507a5582aa466a506979f38db1b75303528ea9e8fb62a26c20e0d79,hybrid,branch_diagnostic,preliminary_filtered,literal-citation questions after preliminary technical screening,186,category,267,УСН,20,240,191,186,49,17,16,1,0.937500000000,0.750000000000,0.562500000000,0.625434354497
frida,embedding,ai-forever/FRIDA,aed004da8d09c33f6a51240fd9f5bcc625225b67,16c09d9bc507a5582aa466a506979f38db1b75303528ea9e8fb62a26c20e0d79,hybrid,branch_diagnostic,literal_citation_all,all literal-citation questions,191,all,all,all,50,240,191,186,49,191,191,0,0.984293193717,0.951047120419,0.910994764398,0.708276722818
frida,embedding,ai-forever/FRIDA,aed004da8d09c33f6a51240fd9f5bcc625225b67,16c09d9bc507a5582aa466a506979f38db1b75303528ea9e8fb62a26c20e0d79,hybrid,branch_diagnostic,literal_citation_all,all literal-citation questions,191,multi,multi,multiple citations,50,240,191,186,49,52,52,0,0.980769230769,0.858653846154,0.711538461538,0.644638445185
frida,embedding,ai-forever/FRIDA,aed004da8d09c33f6a51240fd9f5bcc625225b67,16c09d9bc507a5582aa466a506979f38db1b75303528ea9e8fb62a26c20e0d79,hybrid,branch_diagnostic,literal_citation_all,all literal-citation questions,191,sensitivity,without_flagged_duplicate,all eligible except flagged duplicate,50,240,191,186,49,239,190,49,0.984210526316,0.950789473684,0.910526315789,0.706741337149
frida,embedding,ai-forever/FRIDA,aed004da8d09c33f6a51240fd9f5bcc625225b67,16c09d9bc507a5582aa466a506979f38db1b75303528ea9e8fb62a26c20e0d79,hybrid,branch_diagnostic,literal_citation_all,all literal-citation questions,191,category,267,УСН,50,240,191,186,49,17,17,0,1.000000000000,0.921568627451,0.823529411765,0.640861740818
frida,embedding,ai-forever/FRIDA,aed004da8d09c33f6a51240fd9f5bcc625225b67,16c09d9bc507a5582aa466a506979f38db1b75303528ea9e8fb62a26c20e0d79,hybrid,branch_diagnostic,preliminary_filtered,literal-citation questions after preliminary technical screening,186,all,all,all,50,240,191,186,49,191,186,5,0.983870967742,0.952419354839,0.913978494624,0.715198199732
frida,embedding,ai-forever/FRIDA,aed004da8d09c33f6a51240fd9f5bcc625225b67,16c09d9bc507a5582aa466a506979f38db1b75303528ea9e8fb62a26c20e0d79,hybrid,branch_diagnostic,preliminary_filtered,literal-citation questions after preliminary technical screening,186,multi,multi,multiple citations,50,240,191,186,49,52,51,1,0.980392156863,0.865686274510,0.725490196078,0.654777560451
frida,embedding,ai-forever/FRIDA,aed004da8d09c33f6a51240fd9f5bcc625225b67,16c09d9bc507a5582aa466a506979f38db1b75303528ea9e8fb62a26c20e0d79,hybrid,branch_diagnostic,preliminary_filtered,literal-citation questions after preliminary technical screening,186,sensitivity,without_flagged_duplicate,all eligible except flagged duplicate,50,240,191,186,49,239,185,54,0.983783783784,0.952162162162,0.913513513514,0.713658730541
frida,embedding,ai-forever/FRIDA,aed004da8d09c33f6a51240fd9f5bcc625225b67,16c09d9bc507a5582aa466a506979f38db1b75303528ea9e8fb62a26c20e0d79,hybrid,branch_diagnostic,preliminary_filtered,literal-citation questions after preliminary technical screening,186,category,267,УСН,50,240,191,186,49,17,16,1,1.000000000000,0.916666666667,0.812500000000,0.664025714967
frida,embedding,ai-forever/FRIDA,aed004da8d09c33f6a51240fd9f5bcc625225b67,16c09d9bc507a5582aa466a506979f38db1b75303528ea9e8fb62a26c20e0d79,hybrid,branch_diagnostic,literal_citation_all,all literal-citation questions,191,single,single,single citation,10,240,191,186,49,139,139,0,0.877697841727,0.877697841727,0.877697841727,0.706841653952
frida,embedding,ai-forever/FRIDA,aed004da8d09c33f6a51240fd9f5bcc625225b67,16c09d9bc507a5582aa466a506979f38db1b75303528ea9e8fb62a26c20e0d79,hybrid,branch_diagnostic,literal_citation_all,all literal-citation questions,191,category,705,Налоговый контроль,10,240,191,186,49,12,12,0,1.000000000000,0.958333333333,0.916666666667,0.827528178728
frida,embedding,ai-forever/FRIDA,aed004da8d09c33f6a51240fd9f5bcc625225b67,16c09d9bc507a5582aa466a506979f38db1b75303528ea9e8fb62a26c20e0d79,hybrid,branch_diagnostic,preliminary_filtered,literal-citation questions after preliminary technical screening,186,single,single,single citation,10,240,191,186,49,139,135,4,0.881481481481,0.881481481481,0.881481481481,0.714035427498
frida,embedding,ai-forever/FRIDA,aed004da8d09c33f6a51240fd9f5bcc625225b67,16c09d9bc507a5582aa466a506979f38db1b75303528ea9e8fb62a26c20e0d79,hybrid,branch_diagnostic,preliminary_filtered,literal-citation questions after preliminary technical screening,186,category,705,Налоговый контроль,10,240,191,186,49,12,12,0,1.000000000000,0.958333333333,0.916666666667,0.827528178728
frida,embedding,ai-forever/FRIDA,aed004da8d09c33f6a51240fd9f5bcc625225b67,16c09d9bc507a5582aa466a506979f38db1b75303528ea9e8fb62a26c20e0d79,hybrid,branch_diagnostic,literal_citation_all,all literal-citation questions,191,single,single,single citation,20,240,191,186,49,139,139,0,0.942446043165,0.942446043165,0.942446043165,0.723777133684
frida,embedding,ai-forever/FRIDA,aed004da8d09c33f6a51240fd9f5bcc625225b67,16c09d9bc507a5582aa466a506979f38db1b75303528ea9e8fb62a26c20e0d79,hybrid,branch_diagnostic,literal_citation_all,all literal-citation questions,191,category,705,Налоговый контроль,20,240,191,186,49,12,12,0,1.000000000000,0.958333333333,0.916666666667,0.827528178728
frida,embedding,ai-forever/FRIDA,aed004da8d09c33f6a51240fd9f5bcc625225b67,16c09d9bc507a5582aa466a506979f38db1b75303528ea9e8fb62a26c20e0d79,hybrid,branch_diagnostic,preliminary_filtered,literal-citation questions after preliminary technical screening,186,single,single,single citation,20,240,191,186,49,139,135,4,0.940740740741,0.940740740741,0.940740740741,0.729470935115
frida,embedding,ai-forever/FRIDA,aed004da8d09c33f6a51240fd9f5bcc625225b67,16c09d9bc507a5582aa466a506979f38db1b75303528ea9e8fb62a26c20e0d79,hybrid,branch_diagnostic,preliminary_filtered,literal-citation questions after preliminary technical screening,186,category,705,Налоговый контроль,20,240,191,186,49,12,12,0,1.000000000000,0.958333333333,0.916666666667,0.827528178728
frida,embedding,ai-forever/FRIDA,aed004da8d09c33f6a51240fd9f5bcc625225b67,16c09d9bc507a5582aa466a506979f38db1b75303528ea9e8fb62a26c20e0d79,hybrid,branch_diagnostic,literal_citation_all,all literal-citation questions,191,single,single,single citation,50,240,191,186,49,139,139,0,0.985611510791,0.985611510791,0.985611510791,0.732083848263
frida,embedding,ai-forever/FRIDA,aed004da8d09c33f6a51240fd9f5bcc625225b67,16c09d9bc507a5582aa466a506979f38db1b75303528ea9e8fb62a26c20e0d79,hybrid,branch_diagnostic,literal_citation_all,all literal-citation questions,191,category,705,Налоговый контроль,50,240,191,186,49,12,12,0,1.000000000000,0.958333333333,0.916666666667,0.827528178728
frida,embedding,ai-forever/FRIDA,aed004da8d09c33f6a51240fd9f5bcc625225b67,16c09d9bc507a5582aa466a506979f38db1b75303528ea9e8fb62a26c20e0d79,hybrid,branch_diagnostic,preliminary_filtered,literal-citation questions after preliminary technical screening,186,single,single,single citation,50,240,191,186,49,139,135,4,0.985185185185,0.985185185185,0.985185185185,0.738023774571
frida,embedding,ai-forever/FRIDA,aed004da8d09c33f6a51240fd9f5bcc625225b67,16c09d9bc507a5582aa466a506979f38db1b75303528ea9e8fb62a26c20e0d79,hybrid,branch_diagnostic,preliminary_filtered,literal-citation questions after preliminary technical screening,186,category,705,Налоговый контроль,50,240,191,186,49,12,12,0,1.000000000000,0.958333333333,0.916666666667,0.827528178728
frida,embedding,ai-forever/FRIDA,aed004da8d09c33f6a51240fd9f5bcc625225b67,16c09d9bc507a5582aa466a506979f38db1b75303528ea9e8fb62a26c20e0d79,hybrid,branch_diagnostic,literal_citation_all,all literal-citation questions,191,category,263,НДФЛ,10,240,191,186,49,15,15,0,0.933333333333,0.877777777778,0.800000000000,0.857847721635
frida,embedding,ai-forever/FRIDA,aed004da8d09c33f6a51240fd9f5bcc625225b67,16c09d9bc507a5582aa466a506979f38db1b75303528ea9e8fb62a26c20e0d79,hybrid,branch_diagnostic,preliminary_filtered,literal-citation questions after preliminary technical screening,186,category,263,НДФЛ,10,240,191,186,49,15,15,0,0.933333333333,0.877777777778,0.800000000000,0.857847721635
frida,embedding,ai-forever/FRIDA,aed004da8d09c33f6a51240fd9f5bcc625225b67,16c09d9bc507a5582aa466a506979f38db1b75303528ea9e8fb62a26c20e0d79,hybrid,branch_diagnostic,literal_citation_all,all literal-citation questions,191,category,263,НДФЛ,20,240,191,186,49,15,15,0,0.933333333333,0.877777777778,0.800000000000,0.857847721635
frida,embedding,ai-forever/FRIDA,aed004da8d09c33f6a51240fd9f5bcc625225b67,16c09d9bc507a5582aa466a506979f38db1b75303528ea9e8fb62a26c20e0d79,hybrid,branch_diagnostic,preliminary_filtered,literal-citation questions after preliminary technical screening,186,category,263,НДФЛ,20,240,191,186,49,15,15,0,0.933333333333,0.877777777778,0.800000000000,0.857847721635
frida,embedding,ai-forever/FRIDA,aed004da8d09c33f6a51240fd9f5bcc625225b67,16c09d9bc507a5582aa466a506979f38db1b75303528ea9e8fb62a26c20e0d79,hybrid,branch_diagnostic,literal_citation_all,all literal-citation questions,191,category,263,НДФЛ,50,240,191,186,49,15,15,0,0.933333333333,0.877777777778,0.800000000000,0.857847721635
frida,embedding,ai-forever/FRIDA,aed004da8d09c33f6a51240fd9f5bcc625225b67,16c09d9bc507a5582aa466a506979f38db1b75303528ea9e8fb62a26c20e0d79,hybrid,branch_diagnostic,preliminary_filtered,literal-citation questions after preliminary technical screening,186,category,263,НДФЛ,50,240,191,186,49,15,15,0,0.933333333333,0.877777777778,0.800000000000,0.857847721635
frida,embedding,ai-forever/FRIDA,aed004da8d09c33f6a51240fd9f5bcc625225b67,16c09d9bc507a5582aa466a506979f38db1b75303528ea9e8fb62a26c20e0d79,hybrid,branch_diagnostic,literal_citation_all,all literal-citation questions,191,category,704,Трансфертное ценообразование,10,240,191,186,49,17,17,0,1.000000000000,1.000000000000,1.000000000000,0.859089982536
frida,embedding,ai-forever/FRIDA,aed004da8d09c33f6a51240fd9f5bcc625225b67,16c09d9bc507a5582aa466a506979f38db1b75303528ea9e8fb62a26c20e0d79,hybrid,branch_diagnostic,preliminary_filtered,literal-citation questions after preliminary technical screening,186,category,704,Трансфертное ценообразование,10,240,191,186,49,17,17,0,1.000000000000,1.000000000000,1.000000000000,0.859089982536
frida,embedding,ai-forever/FRIDA,aed004da8d09c33f6a51240fd9f5bcc625225b67,16c09d9bc507a5582aa466a506979f38db1b75303528ea9e8fb62a26c20e0d79,hybrid,branch_diagnostic,literal_citation_all,all literal-citation questions,191,category,704,Трансфертное ценообразование,20,240,191,186,49,17,17,0,1.000000000000,1.000000000000,1.000000000000,0.859089982536
frida,embedding,ai-forever/FRIDA,aed004da8d09c33f6a51240fd9f5bcc625225b67,16c09d9bc507a5582aa466a506979f38db1b75303528ea9e8fb62a26c20e0d79,hybrid,branch_diagnostic,preliminary_filtered,literal-citation questions after preliminary technical screening,186,category,704,Трансфертное ценообразование,20,240,191,186,49,17,17,0,1.000000000000,1.000000000000,1.000000000000,0.859089982536
frida,embedding,ai-forever/FRIDA,aed004da8d09c33f6a51240fd9f5bcc625225b67,16c09d9bc507a5582aa466a506979f38db1b75303528ea9e8fb62a26c20e0d79,hybrid,branch_diagnostic,literal_citation_all,all literal-citation questions,191,category,704,Трансфертное ценообразование,50,240,191,186,49,17,17,0,1.000000000000,1.000000000000,1.000000000000,0.859089982536
frida,embedding,ai-forever/FRIDA,aed004da8d09c33f6a51240fd9f5bcc625225b67,16c09d9bc507a5582aa466a506979f38db1b75303528ea9e8fb62a26c20e0d79,hybrid,branch_diagnostic,preliminary_filtered,literal-citation questions after preliminary technical screening,186,category,704,Трансфертное ценообразование,50,240,191,186,49,17,17,0,1.000000000000,1.000000000000,1.000000000000,0.859089982536
frida,embedding,ai-forever/FRIDA,aed004da8d09c33f6a51240fd9f5bcc625225b67,16c09d9bc507a5582aa466a506979f38db1b75303528ea9e8fb62a26c20e0d79,hybrid,branch_diagnostic,literal_citation_all,all literal-citation questions,191,category,246,Урегулирование задолженности,10,240,191,186,49,9,9,0,0.888888888889,0.833333333333,0.777777777778,0.685319388432
frida,embedding,ai-forever/FRIDA,aed004da8d09c33f6a51240fd9f5bcc625225b67,16c09d9bc507a5582aa466a506979f38db1b75303528ea9e8fb62a26c20e0d79,hybrid,branch_diagnostic,preliminary_filtered,literal-citation questions after preliminary technical screening,186,category,246,Урегулирование задолженности,10,240,191,186,49,9,9,0,0.888888888889,0.833333333333,0.777777777778,0.685319388432
frida,embedding,ai-forever/FRIDA,aed004da8d09c33f6a51240fd9f5bcc625225b67,16c09d9bc507a5582aa466a506979f38db1b75303528ea9e8fb62a26c20e0d79,hybrid,branch_diagnostic,literal_citation_all,all literal-citation questions,191,category,246,Урегулирование задолженности,20,240,191,186,49,9,9,0,1.000000000000,1.000000000000,1.000000000000,0.733506346110
frida,embedding,ai-forever/FRIDA,aed004da8d09c33f6a51240fd9f5bcc625225b67,16c09d9bc507a5582aa466a506979f38db1b75303528ea9e8fb62a26c20e0d79,hybrid,branch_diagnostic,preliminary_filtered,literal-citation questions after preliminary technical screening,186,category,246,Урегулирование задолженности,20,240,191,186,49,9,9,0,1.000000000000,1.000000000000,1.000000000000,0.733506346110
frida,embedding,ai-forever/FRIDA,aed004da8d09c33f6a51240fd9f5bcc625225b67,16c09d9bc507a5582aa466a506979f38db1b75303528ea9e8fb62a26c20e0d79,hybrid,branch_diagnostic,literal_citation_all,all literal-citation questions,191,category,246,Урегулирование задолженности,50,240,191,186,49,9,9,0,1.000000000000,1.000000000000,1.000000000000,0.733506346110
frida,embedding,ai-forever/FRIDA,aed004da8d09c33f6a51240fd9f5bcc625225b67,16c09d9bc507a5582aa466a506979f38db1b75303528ea9e8fb62a26c20e0d79,hybrid,branch_diagnostic,preliminary_filtered,literal-citation questions after preliminary technical screening,186,category,246,Урегулирование задолженности,50,240,191,186,49,9,9,0,1.000000000000,1.000000000000,1.000000000000,0.733506346110
frida,embedding,ai-forever/FRIDA,aed004da8d09c33f6a51240fd9f5bcc625225b67,16c09d9bc507a5582aa466a506979f38db1b75303528ea9e8fb62a26c20e0d79,hybrid,branch_diagnostic,literal_citation_all,all literal-citation questions,191,category,1028,Единый налоговый счет,10,240,191,186,49,14,14,0,0.571428571429,0.476190476190,0.357142857143,0.329225943801
frida,embedding,ai-forever/FRIDA,aed004da8d09c33f6a51240fd9f5bcc625225b67,16c09d9bc507a5582aa466a506979f38db1b75303528ea9e8fb62a26c20e0d79,hybrid,branch_diagnostic,preliminary_filtered,literal-citation questions after preliminary technical screening,186,category,1028,Единый налоговый счет,10,240,191,186,49,14,13,1,0.615384615385,0.512820512821,0.384615384615,0.354551016401
frida,embedding,ai-forever/FRIDA,aed004da8d09c33f6a51240fd9f5bcc625225b67,16c09d9bc507a5582aa466a506979f38db1b75303528ea9e8fb62a26c20e0d79,hybrid,branch_diagnostic,literal_citation_all,all literal-citation questions,191,category,1028,Единый налоговый счет,20,240,191,186,49,14,14,0,0.785714285714,0.690476190476,0.571428571429,0.389085510513
frida,embedding,ai-forever/FRIDA,aed004da8d09c33f6a51240fd9f5bcc625225b67,16c09d9bc507a5582aa466a506979f38db1b75303528ea9e8fb62a26c20e0d79,hybrid,branch_diagnostic,preliminary_filtered,literal-citation questions after preliminary technical screening,186,category,1028,Единый налоговый счет,20,240,191,186,49,14,13,1,0.846153846154,0.743589743590,0.615384615385,0.419015165168
frida,embedding,ai-forever/FRIDA,aed004da8d09c33f6a51240fd9f5bcc625225b67,16c09d9bc507a5582aa466a506979f38db1b75303528ea9e8fb62a26c20e0d79,hybrid,branch_diagnostic,literal_citation_all,all literal-citation questions,191,category,1028,Единый налоговый счет,50,240,191,186,49,14,14,0,1.000000000000,0.904761904762,0.785714285714,0.437205885028
frida,embedding,ai-forever/FRIDA,aed004da8d09c33f6a51240fd9f5bcc625225b67,16c09d9bc507a5582aa466a506979f38db1b75303528ea9e8fb62a26c20e0d79,hybrid,branch_diagnostic,preliminary_filtered,literal-citation questions after preliminary technical screening,186,category,1028,Единый налоговый счет,50,240,191,186,49,14,13,1,1.000000000000,0.935897435897,0.846153846154,0.461026063367
frida,embedding,ai-forever/FRIDA,aed004da8d09c33f6a51240fd9f5bcc625225b67,16c09d9bc507a5582aa466a506979f38db1b75303528ea9e8fb62a26c20e0d79,hybrid,branch_diagnostic,literal_citation_all,all literal-citation questions,191,category,746,Патентная система,10,240,191,186,49,16,16,0,0.937500000000,0.783333333333,0.625000000000,0.573699117902
frida,embedding,ai-forever/FRIDA,aed004da8d09c33f6a51240fd9f5bcc625225b67,16c09d9bc507a5582aa466a506979f38db1b75303528ea9e8fb62a26c20e0d79,hybrid,branch_diagnostic,preliminary_filtered,literal-citation questions after preliminary technical screening,186,category,746,Патентная система,10,240,191,186,49,16,16,0,0.937500000000,0.783333333333,0.625000000000,0.573699117902
frida,embedding,ai-forever/FRIDA,aed004da8d09c33f6a51240fd9f5bcc625225b67,16c09d9bc507a5582aa466a506979f38db1b75303528ea9e8fb62a26c20e0d79,hybrid,branch_diagnostic,literal_citation_all,all literal-citation questions,191,category,746,Патентная система,20,240,191,186,49,16,16,0,1.000000000000,0.882291666667,0.750000000000,0.605114492993
frida,embedding,ai-forever/FRIDA,aed004da8d09c33f6a51240fd9f5bcc625225b67,16c09d9bc507a5582aa466a506979f38db1b75303528ea9e8fb62a26c20e0d79,hybrid,branch_diagnostic,preliminary_filtered,literal-citation questions after preliminary technical screening,186,category,746,Патентная система,20,240,191,186,49,16,16,0,1.000000000000,0.882291666667,0.750000000000,0.605114492993
frida,embedding,ai-forever/FRIDA,aed004da8d09c33f6a51240fd9f5bcc625225b67,16c09d9bc507a5582aa466a506979f38db1b75303528ea9e8fb62a26c20e0d79,hybrid,branch_diagnostic,literal_citation_all,all literal-citation questions,191,category,746,Патентная система,50,240,191,186,49,16,16,0,1.000000000000,0.915625000000,0.812500000000,0.615248414453
frida,embedding,ai-forever/FRIDA,aed004da8d09c33f6a51240fd9f5bcc625225b67,16c09d9bc507a5582aa466a506979f38db1b75303528ea9e8fb62a26c20e0d79,hybrid,branch_diagnostic,preliminary_filtered,literal-citation questions after preliminary technical screening,186,category,746,Патентная система,50,240,191,186,49,16,16,0,1.000000000000,0.915625000000,0.812500000000,0.615248414453
frida,embedding,ai-forever/FRIDA,aed004da8d09c33f6a51240fd9f5bcc625225b67,16c09d9bc507a5582aa466a506979f38db1b75303528ea9e8fb62a26c20e0d79,hybrid,branch_diagnostic,literal_citation_all,all literal-citation questions,191,category,882,Страховые взносы,10,240,191,186,49,14,14,0,0.928571428571,0.892857142857,0.857142857143,0.816332331651
frida,embedding,ai-forever/FRIDA,aed004da8d09c33f6a51240fd9f5bcc625225b67,16c09d9bc507a5582aa466a506979f38db1b75303528ea9e8fb62a26c20e0d79,hybrid,branch_diagnostic,preliminary_filtered,literal-citation questions after preliminary technical screening,186,category,882,Страховые взносы,10,240,191,186,49,14,13,1,0.923076923077,0.884615384615,0.846153846154,0.802204049470
frida,embedding,ai-forever/FRIDA,aed004da8d09c33f6a51240fd9f5bcc625225b67,16c09d9bc507a5582aa466a506979f38db1b75303528ea9e8fb62a26c20e0d79,hybrid,branch_diagnostic,literal_citation_all,all literal-citation questions,191,category,882,Страховые взносы,20,240,191,186,49,14,14,0,1.000000000000,0.964285714286,0.928571428571,0.836256827769
frida,embedding,ai-forever/FRIDA,aed004da8d09c33f6a51240fd9f5bcc625225b67,16c09d9bc507a5582aa466a506979f38db1b75303528ea9e8fb62a26c20e0d79,hybrid,branch_diagnostic,preliminary_filtered,literal-citation questions after preliminary technical screening,186,category,882,Страховые взносы,20,240,191,186,49,14,13,1,1.000000000000,0.961538461538,0.923076923077,0.823661199136
frida,embedding,ai-forever/FRIDA,aed004da8d09c33f6a51240fd9f5bcc625225b67,16c09d9bc507a5582aa466a506979f38db1b75303528ea9e8fb62a26c20e0d79,hybrid,branch_diagnostic,literal_citation_all,all literal-citation questions,191,category,882,Страховые взносы,50,240,191,186,49,14,14,0,1.000000000000,0.964285714286,0.928571428571,0.836256827769
frida,embedding,ai-forever/FRIDA,aed004da8d09c33f6a51240fd9f5bcc625225b67,16c09d9bc507a5582aa466a506979f38db1b75303528ea9e8fb62a26c20e0d79,hybrid,branch_diagnostic,preliminary_filtered,literal-citation questions after preliminary technical screening,186,category,882,Страховые взносы,50,240,191,186,49,14,13,1,1.000000000000,0.961538461538,0.923076923077,0.823661199136
frida,embedding,ai-forever/FRIDA,aed004da8d09c33f6a51240fd9f5bcc625225b67,16c09d9bc507a5582aa466a506979f38db1b75303528ea9e8fb62a26c20e0d79,hybrid,branch_diagnostic,literal_citation_all,all literal-citation questions,191,category,268,Акцизы,10,240,191,186,49,14,14,0,0.928571428571,0.878571428571,0.785714285714,0.632549895243
frida,embedding,ai-forever/FRIDA,aed004da8d09c33f6a51240fd9f5bcc625225b67,16c09d9bc507a5582aa466a506979f38db1b75303528ea9e8fb62a26c20e0d79,hybrid,branch_diagnostic,preliminary_filtered,literal-citation questions after preliminary technical screening,186,category,268,Акцизы,10,240,191,186,49,14,14,0,0.928571428571,0.878571428571,0.785714285714,0.632549895243
frida,embedding,ai-forever/FRIDA,aed004da8d09c33f6a51240fd9f5bcc625225b67,16c09d9bc507a5582aa466a506979f38db1b75303528ea9e8fb62a26c20e0d79,hybrid,branch_diagnostic,literal_citation_all,all literal-citation questions,191,category,268,Акцизы,20,240,191,186,49,14,14,0,0.928571428571,0.892857142857,0.857142857143,0.639307491437
frida,embedding,ai-forever/FRIDA,aed004da8d09c33f6a51240fd9f5bcc625225b67,16c09d9bc507a5582aa466a506979f38db1b75303528ea9e8fb62a26c20e0d79,hybrid,branch_diagnostic,preliminary_filtered,literal-citation questions after preliminary technical screening,186,category,268,Акцизы,20,240,191,186,49,14,14,0,0.928571428571,0.892857142857,0.857142857143,0.639307491437
frida,embedding,ai-forever/FRIDA,aed004da8d09c33f6a51240fd9f5bcc625225b67,16c09d9bc507a5582aa466a506979f38db1b75303528ea9e8fb62a26c20e0d79,hybrid,branch_diagnostic,literal_citation_all,all literal-citation questions,191,category,268,Акцизы,50,240,191,186,49,14,14,0,1.000000000000,0.964285714286,0.928571428571,0.652029176691
frida,embedding,ai-forever/FRIDA,aed004da8d09c33f6a51240fd9f5bcc625225b67,16c09d9bc507a5582aa466a506979f38db1b75303528ea9e8fb62a26c20e0d79,hybrid,branch_diagnostic,preliminary_filtered,literal-citation questions after preliminary technical screening,186,category,268,Акцизы,50,240,191,186,49,14,14,0,1.000000000000,0.964285714286,0.928571428571,0.652029176691
frida,embedding,ai-forever/FRIDA,aed004da8d09c33f6a51240fd9f5bcc625225b67,16c09d9bc507a5582aa466a506979f38db1b75303528ea9e8fb62a26c20e0d79,hybrid,branch_diagnostic,literal_citation_all,all literal-citation questions,191,category,270,ЕСХН,10,240,191,186,49,16,16,0,0.875000000000,0.875000000000,0.875000000000,0.766927292705
frida,embedding,ai-forever/FRIDA,aed004da8d09c33f6a51240fd9f5bcc625225b67,16c09d9bc507a5582aa466a506979f38db1b75303528ea9e8fb62a26c20e0d79,hybrid,branch_diagnostic,preliminary_filtered,literal-citation questions after preliminary technical screening,186,category,270,ЕСХН,10,240,191,186,49,16,16,0,0.875000000000,0.875000000000,0.875000000000,0.766927292705
frida,embedding,ai-forever/FRIDA,aed004da8d09c33f6a51240fd9f5bcc625225b67,16c09d9bc507a5582aa466a506979f38db1b75303528ea9e8fb62a26c20e0d79,hybrid,branch_diagnostic,literal_citation_all,all literal-citation questions,191,category,270,ЕСХН,20,240,191,186,49,16,16,0,1.000000000000,1.000000000000,1.000000000000,0.798633547528
frida,embedding,ai-forever/FRIDA,aed004da8d09c33f6a51240fd9f5bcc625225b67,16c09d9bc507a5582aa466a506979f38db1b75303528ea9e8fb62a26c20e0d79,hybrid,branch_diagnostic,preliminary_filtered,literal-citation questions after preliminary technical screening,186,category,270,ЕСХН,20,240,191,186,49,16,16,0,1.000000000000,1.000000000000,1.000000000000,0.798633547528
frida,embedding,ai-forever/FRIDA,aed004da8d09c33f6a51240fd9f5bcc625225b67,16c09d9bc507a5582aa466a506979f38db1b75303528ea9e8fb62a26c20e0d79,hybrid,branch_diagnostic,literal_citation_all,all literal-citation questions,191,category,270,ЕСХН,50,240,191,186,49,16,16,0,1.000000000000,1.000000000000,1.000000000000,0.798633547528
frida,embedding,ai-forever/FRIDA,aed004da8d09c33f6a51240fd9f5bcc625225b67,16c09d9bc507a5582aa466a506979f38db1b75303528ea9e8fb62a26c20e0d79,hybrid,branch_diagnostic,preliminary_filtered,literal-citation questions after preliminary technical screening,186,category,270,ЕСХН,50,240,191,186,49,16,16,0,1.000000000000,1.000000000000,1.000000000000,0.798633547528
frida,embedding,ai-forever/FRIDA,aed004da8d09c33f6a51240fd9f5bcc625225b67,16c09d9bc507a5582aa466a506979f38db1b75303528ea9e8fb62a26c20e0d79,hybrid,branch_diagnostic,literal_citation_all,all literal-citation questions,191,category,264,Налог на прибыль,10,240,191,186,49,17,17,0,0.882352941176,0.852941176471,0.823529411765,0.745570650748
frida,embedding,ai-forever/FRIDA,aed004da8d09c33f6a51240fd9f5bcc625225b67,16c09d9bc507a5582aa466a506979f38db1b75303528ea9e8fb62a26c20e0d79,hybrid,branch_diagnostic,preliminary_filtered,literal-citation questions after preliminary technical screening,186,category,264,Налог на прибыль,10,240,191,186,49,17,17,0,0.882352941176,0.852941176471,0.823529411765,0.745570650748
frida,embedding,ai-forever/FRIDA,aed004da8d09c33f6a51240fd9f5bcc625225b67,16c09d9bc507a5582aa466a506979f38db1b75303528ea9e8fb62a26c20e0d79,hybrid,branch_diagnostic,literal_citation_all,all literal-citation questions,191,category,264,Налог на прибыль,20,240,191,186,49,17,17,0,0.941176470588,0.941176470588,0.941176470588,0.769293403583
frida,embedding,ai-forever/FRIDA,aed004da8d09c33f6a51240fd9f5bcc625225b67,16c09d9bc507a5582aa466a506979f38db1b75303528ea9e8fb62a26c20e0d79,hybrid,branch_diagnostic,preliminary_filtered,literal-citation questions after preliminary technical screening,186,category,264,Налог на прибыль,20,240,191,186,49,17,17,0,0.941176470588,0.941176470588,0.941176470588,0.769293403583
frida,embedding,ai-forever/FRIDA,aed004da8d09c33f6a51240fd9f5bcc625225b67,16c09d9bc507a5582aa466a506979f38db1b75303528ea9e8fb62a26c20e0d79,hybrid,branch_diagnostic,literal_citation_all,all literal-citation questions,191,category,264,Налог на прибыль,50,240,191,186,49,17,17,0,1.000000000000,1.000000000000,1.000000000000,0.780954572005
frida,embedding,ai-forever/FRIDA,aed004da8d09c33f6a51240fd9f5bcc625225b67,16c09d9bc507a5582aa466a506979f38db1b75303528ea9e8fb62a26c20e0d79,hybrid,branch_diagnostic,preliminary_filtered,literal-citation questions after preliminary technical screening,186,category,264,Налог на прибыль,50,240,191,186,49,17,17,0,1.000000000000,1.000000000000,1.000000000000,0.780954572005
frida,embedding,ai-forever/FRIDA,aed004da8d09c33f6a51240fd9f5bcc625225b67,16c09d9bc507a5582aa466a506979f38db1b75303528ea9e8fb62a26c20e0d79,hybrid,branch_diagnostic,literal_citation_all,all literal-citation questions,191,category,259,Налог на имущество,10,240,191,186,49,16,16,0,0.937500000000,0.875000000000,0.750000000000,0.641494369035
frida,embedding,ai-forever/FRIDA,aed004da8d09c33f6a51240fd9f5bcc625225b67,16c09d9bc507a5582aa466a506979f38db1b75303528ea9e8fb62a26c20e0d79,hybrid,branch_diagnostic,preliminary_filtered,literal-citation questions after preliminary technical screening,186,category,259,Налог на имущество,10,240,191,186,49,16,16,0,0.937500000000,0.875000000000,0.750000000000,0.641494369035
frida,embedding,ai-forever/FRIDA,aed004da8d09c33f6a51240fd9f5bcc625225b67,16c09d9bc507a5582aa466a506979f38db1b75303528ea9e8fb62a26c20e0d79,hybrid,branch_diagnostic,literal_citation_all,all literal-citation questions,191,category,259,Налог на имущество,20,240,191,186,49,16,16,0,0.937500000000,0.875000000000,0.750000000000,0.641494369035
frida,embedding,ai-forever/FRIDA,aed004da8d09c33f6a51240fd9f5bcc625225b67,16c09d9bc507a5582aa466a506979f38db1b75303528ea9e8fb62a26c20e0d79,hybrid,branch_diagnostic,preliminary_filtered,literal-citation questions after preliminary technical screening,186,category,259,Налог на имущество,20,240,191,186,49,16,16,0,0.937500000000,0.875000000000,0.750000000000,0.641494369035
frida,embedding,ai-forever/FRIDA,aed004da8d09c33f6a51240fd9f5bcc625225b67,16c09d9bc507a5582aa466a506979f38db1b75303528ea9e8fb62a26c20e0d79,hybrid,branch_diagnostic,literal_citation_all,all literal-citation questions,191,category,259,Налог на имущество,50,240,191,186,49,16,16,0,0.937500000000,0.937500000000,0.937500000000,0.659234068830
frida,embedding,ai-forever/FRIDA,aed004da8d09c33f6a51240fd9f5bcc625225b67,16c09d9bc507a5582aa466a506979f38db1b75303528ea9e8fb62a26c20e0d79,hybrid,branch_diagnostic,preliminary_filtered,literal-citation questions after preliminary technical screening,186,category,259,Налог на имущество,50,240,191,186,49,16,16,0,0.937500000000,0.937500000000,0.937500000000,0.659234068830
frida,embedding,ai-forever/FRIDA,aed004da8d09c33f6a51240fd9f5bcc625225b67,16c09d9bc507a5582aa466a506979f38db1b75303528ea9e8fb62a26c20e0d79,hybrid,branch_diagnostic,literal_citation_all,all literal-citation questions,191,category,265,НДС,10,240,191,186,49,12,12,0,0.750000000000,0.666666666667,0.583333333333,0.454558816615
frida,embedding,ai-forever/FRIDA,aed004da8d09c33f6a51240fd9f5bcc625225b67,16c09d9bc507a5582aa466a506979f38db1b75303528ea9e8fb62a26c20e0d79,hybrid,branch_diagnostic,preliminary_filtered,literal-citation questions after preliminary technical screening,186,category,265,НДС,10,240,191,186,49,12,10,2,0.700000000000,0.600000000000,0.500000000000,0.459849861228
frida,embedding,ai-forever/FRIDA,aed004da8d09c33f6a51240fd9f5bcc625225b67,16c09d9bc507a5582aa466a506979f38db1b75303528ea9e8fb62a26c20e0d79,hybrid,branch_diagnostic,literal_citation_all,all literal-citation questions,191,category,265,НДС,20,240,191,186,49,12,12,0,0.750000000000,0.750000000000,0.750000000000,0.480444521443
frida,embedding,ai-forever/FRIDA,aed004da8d09c33f6a51240fd9f5bcc625225b67,16c09d9bc507a5582aa466a506979f38db1b75303528ea9e8fb62a26c20e0d79,hybrid,branch_diagnostic,preliminary_filtered,literal-citation questions after preliminary technical screening,186,category,265,НДС,20,240,191,186,49,12,10,2,0.700000000000,0.700000000000,0.700000000000,0.490912707021
frida,embedding,ai-forever/FRIDA,aed004da8d09c33f6a51240fd9f5bcc625225b67,16c09d9bc507a5582aa466a506979f38db1b75303528ea9e8fb62a26c20e0d79,hybrid,branch_diagnostic,literal_citation_all,all literal-citation questions,191,category,265,НДС,50,240,191,186,49,12,12,0,0.916666666667,0.916666666667,0.916666666667,0.513940055865
frida,embedding,ai-forever/FRIDA,aed004da8d09c33f6a51240fd9f5bcc625225b67,16c09d9bc507a5582aa466a506979f38db1b75303528ea9e8fb62a26c20e0d79,hybrid,branch_diagnostic,preliminary_filtered,literal-citation questions after preliminary technical screening,186,category,265,НДС,50,240,191,186,49,12,10,2,0.900000000000,0.900000000000,0.900000000000,0.531107348328
frida,embedding,ai-forever/FRIDA,aed004da8d09c33f6a51240fd9f5bcc625225b67,16c09d9bc507a5582aa466a506979f38db1b75303528ea9e8fb62a26c20e0d79,hybrid,branch_diagnostic,literal_citation_all,all literal-citation questions,191,category,911,Налог на профессиональный доход,10,240,191,186,49,2,2,0,1.000000000000,1.000000000000,1.000000000000,0.405906168348
frida,embedding,ai-forever/FRIDA,aed004da8d09c33f6a51240fd9f5bcc625225b67,16c09d9bc507a5582aa466a506979f38db1b75303528ea9e8fb62a26c20e0d79,hybrid,branch_diagnostic,preliminary_filtered,literal-citation questions after preliminary technical screening,186,category,911,Налог на профессиональный доход,10,240,191,186,49,2,2,0,1.000000000000,1.000000000000,1.000000000000,0.405906168348
frida,embedding,ai-forever/FRIDA,aed004da8d09c33f6a51240fd9f5bcc625225b67,16c09d9bc507a5582aa466a506979f38db1b75303528ea9e8fb62a26c20e0d79,hybrid,branch_diagnostic,literal_citation_all,all literal-citation questions,191,category,911,Налог на профессиональный доход,20,240,191,186,49,2,2,0,1.000000000000,1.000000000000,1.000000000000,0.405906168348
frida,embedding,ai-forever/FRIDA,aed004da8d09c33f6a51240fd9f5bcc625225b67,16c09d9bc507a5582aa466a506979f38db1b75303528ea9e8fb62a26c20e0d79,hybrid,branch_diagnostic,preliminary_filtered,literal-citation questions after preliminary technical screening,186,category,911,Налог на профессиональный доход,20,240,191,186,49,2,2,0,1.000000000000,1.000000000000,1.000000000000,0.405906168348
frida,embedding,ai-forever/FRIDA,aed004da8d09c33f6a51240fd9f5bcc625225b67,16c09d9bc507a5582aa466a506979f38db1b75303528ea9e8fb62a26c20e0d79,hybrid,branch_diagnostic,literal_citation_all,all literal-citation questions,191,category,911,Налог на профессиональный доход,50,240,191,186,49,2,2,0,1.000000000000,1.000000000000,1.000000000000,0.405906168348
frida,embedding,ai-forever/FRIDA,aed004da8d09c33f6a51240fd9f5bcc625225b67,16c09d9bc507a5582aa466a506979f38db1b75303528ea9e8fb62a26c20e0d79,hybrid,branch_diagnostic,preliminary_filtered,literal-citation questions after preliminary technical screening,186,category,911,Налог на профессиональный доход,50,240,191,186,49,2,2,0,1.000000000000,1.000000000000,1.000000000000,0.405906168348
qdrant-native-sparse,qdrant-bm25,qdrant/bm25,qdrant-java-client-1.19.0,60251c5d2720921f2a8bd66390dfcd98d649cddced432a748230c514446de8fd,nativeSparse,branch_diagnostic,literal_citation_all,all literal-citation questions,191,all,all,all,10,240,191,186,49,191,191,0,0.806282722513,0.733682373473,0.670157068063,0.583995880200
qdrant-native-sparse,qdrant-bm25,qdrant/bm25,qdrant-java-client-1.19.0,60251c5d2720921f2a8bd66390dfcd98d649cddced432a748230c514446de8fd,nativeSparse,branch_diagnostic,literal_citation_all,all literal-citation questions,191,multi,multi,multiple citations,10,240,191,186,49,52,52,0,0.807692307692,0.541025641026,0.307692307692,0.457403454518
qdrant-native-sparse,qdrant-bm25,qdrant/bm25,qdrant-java-client-1.19.0,60251c5d2720921f2a8bd66390dfcd98d649cddced432a748230c514446de8fd,nativeSparse,branch_diagnostic,literal_citation_all,all literal-citation questions,191,sensitivity,without_flagged_duplicate,all eligible except flagged duplicate,10,240,191,186,49,239,190,49,0.805263157895,0.732280701754,0.668421052632,0.581806384832
qdrant-native-sparse,qdrant-bm25,qdrant/bm25,qdrant-java-client-1.19.0,60251c5d2720921f2a8bd66390dfcd98d649cddced432a748230c514446de8fd,nativeSparse,branch_diagnostic,literal_citation_all,all literal-citation questions,191,category,267,УСН,10,240,191,186,49,17,17,0,0.705882352941,0.509803921569,0.352941176471,0.429951104144
qdrant-native-sparse,qdrant-bm25,qdrant/bm25,qdrant-java-client-1.19.0,60251c5d2720921f2a8bd66390dfcd98d649cddced432a748230c514446de8fd,nativeSparse,branch_diagnostic,preliminary_filtered,literal-citation questions after preliminary technical screening,186,all,all,all,10,240,191,186,49,191,186,5,0.811827956989,0.739964157706,0.677419354839,0.590637835599
qdrant-native-sparse,qdrant-bm25,qdrant/bm25,qdrant-java-client-1.19.0,60251c5d2720921f2a8bd66390dfcd98d649cddced432a748230c514446de8fd,nativeSparse,branch_diagnostic,preliminary_filtered,literal-citation questions after preliminary technical screening,186,multi,multi,multiple citations,10,240,191,186,49,52,51,1,0.803921568627,0.541830065359,0.313725490196,0.462753018395
qdrant-native-sparse,qdrant-bm25,qdrant/bm25,qdrant-java-client-1.19.0,60251c5d2720921f2a8bd66390dfcd98d649cddced432a748230c514446de8fd,nativeSparse,branch_diagnostic,preliminary_filtered,literal-citation questions after preliminary technical screening,186,sensitivity,without_flagged_duplicate,all eligible except flagged duplicate,10,240,191,186,49,239,185,54,0.810810810811,0.738558558559,0.675675675676,0.588425067142
qdrant-native-sparse,qdrant-bm25,qdrant/bm25,qdrant-java-client-1.19.0,60251c5d2720921f2a8bd66390dfcd98d649cddced432a748230c514446de8fd,nativeSparse,branch_diagnostic,preliminary_filtered,literal-citation questions after preliminary technical screening,186,category,267,УСН,10,240,191,186,49,17,16,1,0.750000000000,0.541666666667,0.375000000000,0.456823048153
qdrant-native-sparse,qdrant-bm25,qdrant/bm25,qdrant-java-client-1.19.0,60251c5d2720921f2a8bd66390dfcd98d649cddced432a748230c514446de8fd,nativeSparse,branch_diagnostic,literal_citation_all,all literal-citation questions,191,all,all,all,20,240,191,186,49,191,191,0,0.869109947644,0.798603839442,0.722513089005,0.603920682734
qdrant-native-sparse,qdrant-bm25,qdrant/bm25,qdrant-java-client-1.19.0,60251c5d2720921f2a8bd66390dfcd98d649cddced432a748230c514446de8fd,nativeSparse,branch_diagnostic,literal_citation_all,all literal-citation questions,191,multi,multi,multiple citations,20,240,191,186,49,52,52,0,0.923076923077,0.664102564103,0.384615384615,0.500081167291
qdrant-native-sparse,qdrant-bm25,qdrant/bm25,qdrant-java-client-1.19.0,60251c5d2720921f2a8bd66390dfcd98d649cddced432a748230c514446de8fd,nativeSparse,branch_diagnostic,literal_citation_all,all literal-citation questions,191,sensitivity,without_flagged_duplicate,all eligible except flagged duplicate,20,240,191,186,49,239,190,49,0.868421052632,0.797543859649,0.721052631579,0.601836054748
qdrant-native-sparse,qdrant-bm25,qdrant/bm25,qdrant-java-client-1.19.0,60251c5d2720921f2a8bd66390dfcd98d649cddced432a748230c514446de8fd,nativeSparse,branch_diagnostic,literal_citation_all,all literal-citation questions,191,category,267,УСН,20,240,191,186,49,17,17,0,0.764705882353,0.598039215686,0.411764705882,0.458745347789
qdrant-native-sparse,qdrant-bm25,qdrant/bm25,qdrant-java-client-1.19.0,60251c5d2720921f2a8bd66390dfcd98d649cddced432a748230c514446de8fd,nativeSparse,branch_diagnostic,preliminary_filtered,literal-citation questions after preliminary technical screening,186,all,all,all,20,240,191,186,49,191,186,5,0.876344086022,0.806630824373,0.731182795699,0.611098251104
qdrant-native-sparse,qdrant-bm25,qdrant/bm25,qdrant-java-client-1.19.0,60251c5d2720921f2a8bd66390dfcd98d649cddced432a748230c514446de8fd,nativeSparse,branch_diagnostic,preliminary_filtered,literal-citation questions after preliminary technical screening,186,multi,multi,multiple citations,20,240,191,186,49,52,51,1,0.921568627451,0.667320261438,0.392156862745,0.506267549066
qdrant-native-sparse,qdrant-bm25,qdrant/bm25,qdrant-java-client-1.19.0,60251c5d2720921f2a8bd66390dfcd98d649cddced432a748230c514446de8fd,nativeSparse,branch_diagnostic,preliminary_filtered,literal-citation questions after preliminary technical screening,186,sensitivity,without_flagged_duplicate,all eligible except flagged duplicate,20,240,191,186,49,239,185,54,0.875675675676,0.805585585586,0.729729729730,0.608996079488
qdrant-native-sparse,qdrant-bm25,qdrant/bm25,qdrant-java-client-1.19.0,60251c5d2720921f2a8bd66390dfcd98d649cddced432a748230c514446de8fd,nativeSparse,branch_diagnostic,preliminary_filtered,literal-citation questions after preliminary technical screening,186,category,267,УСН,20,240,191,186,49,17,16,1,0.812500000000,0.635416666667,0.437500000000,0.487416932025
qdrant-native-sparse,qdrant-bm25,qdrant/bm25,qdrant-java-client-1.19.0,60251c5d2720921f2a8bd66390dfcd98d649cddced432a748230c514446de8fd,nativeSparse,branch_diagnostic,literal_citation_all,all literal-citation questions,191,all,all,all,50,240,191,186,49,191,191,0,0.942408376963,0.884118673647,0.821989528796,0.622957666576
qdrant-native-sparse,qdrant-bm25,qdrant/bm25,qdrant-java-client-1.19.0,60251c5d2720921f2a8bd66390dfcd98d649cddced432a748230c514446de8fd,nativeSparse,branch_diagnostic,literal_citation_all,all literal-citation questions,191,multi,multi,multiple citations,50,240,191,186,49,52,52,0,1.000000000000,0.785897435897,0.557692307692,0.530988569336
qdrant-native-sparse,qdrant-bm25,qdrant/bm25,qdrant-java-client-1.19.0,60251c5d2720921f2a8bd66390dfcd98d649cddced432a748230c514446de8fd,nativeSparse,branch_diagnostic,literal_citation_all,all literal-citation questions,191,sensitivity,without_flagged_duplicate,all eligible except flagged duplicate,50,240,191,186,49,239,190,49,0.942105263158,0.883508771930,0.821052631579,0.620973233243
qdrant-native-sparse,qdrant-bm25,qdrant/bm25,qdrant-java-client-1.19.0,60251c5d2720921f2a8bd66390dfcd98d649cddced432a748230c514446de8fd,nativeSparse,branch_diagnostic,literal_citation_all,all literal-citation questions,191,category,267,УСН,50,240,191,186,49,17,17,0,0.941176470588,0.745098039216,0.588235294118,0.493182606514
qdrant-native-sparse,qdrant-bm25,qdrant/bm25,qdrant-java-client-1.19.0,60251c5d2720921f2a8bd66390dfcd98d649cddced432a748230c514446de8fd,nativeSparse,branch_diagnostic,preliminary_filtered,literal-citation questions after preliminary technical screening,186,all,all,all,50,240,191,186,49,191,186,5,0.940860215054,0.881003584229,0.817204301075,0.627838080461
qdrant-native-sparse,qdrant-bm25,qdrant/bm25,qdrant-java-client-1.19.0,60251c5d2720921f2a8bd66390dfcd98d649cddced432a748230c514446de8fd,nativeSparse,branch_diagnostic,preliminary_filtered,literal-citation questions after preliminary technical screening,186,multi,multi,multiple citations,50,240,191,186,49,52,51,1,1.000000000000,0.781699346405,0.549019607843,0.535473156047
qdrant-native-sparse,qdrant-bm25,qdrant/bm25,qdrant-java-client-1.19.0,60251c5d2720921f2a8bd66390dfcd98d649cddced432a748230c514446de8fd,nativeSparse,branch_diagnostic,preliminary_filtered,literal-citation questions after preliminary technical screening,186,sensitivity,without_flagged_duplicate,all eligible except flagged duplicate,50,240,191,186,49,239,185,54,0.940540540541,0.880360360360,0.816216216216,0.625826394410
qdrant-native-sparse,qdrant-bm25,qdrant/bm25,qdrant-java-client-1.19.0,60251c5d2720921f2a8bd66390dfcd98d649cddced432a748230c514446de8fd,nativeSparse,branch_diagnostic,preliminary_filtered,literal-citation questions after preliminary technical screening,186,category,267,УСН,50,240,191,186,49,17,16,1,0.937500000000,0.729166666667,0.562500000000,0.512340743719
qdrant-native-sparse,qdrant-bm25,qdrant/bm25,qdrant-java-client-1.19.0,60251c5d2720921f2a8bd66390dfcd98d649cddced432a748230c514446de8fd,nativeSparse,branch_diagnostic,literal_citation_all,all literal-citation questions,191,single,single,single citation,10,240,191,186,49,139,139,0,0.805755395683,0.805755395683,0.805755395683,0.631354197721
qdrant-native-sparse,qdrant-bm25,qdrant/bm25,qdrant-java-client-1.19.0,60251c5d2720921f2a8bd66390dfcd98d649cddced432a748230c514446de8fd,nativeSparse,branch_diagnostic,literal_citation_all,all literal-citation questions,191,category,705,Налоговый контроль,10,240,191,186,49,12,12,0,1.000000000000,0.958333333333,0.916666666667,0.790777470343
qdrant-native-sparse,qdrant-bm25,qdrant/bm25,qdrant-java-client-1.19.0,60251c5d2720921f2a8bd66390dfcd98d649cddced432a748230c514446de8fd,nativeSparse,branch_diagnostic,preliminary_filtered,literal-citation questions after preliminary technical screening,186,single,single,single citation,10,240,191,186,49,139,135,4,0.814814814815,0.814814814815,0.814814814815,0.638949877653
qdrant-native-sparse,qdrant-bm25,qdrant/bm25,qdrant-java-client-1.19.0,60251c5d2720921f2a8bd66390dfcd98d649cddced432a748230c514446de8fd,nativeSparse,branch_diagnostic,preliminary_filtered,literal-citation questions after preliminary technical screening,186,category,705,Налоговый контроль,10,240,191,186,49,12,12,0,1.000000000000,0.958333333333,0.916666666667,0.790777470343
qdrant-native-sparse,qdrant-bm25,qdrant/bm25,qdrant-java-client-1.19.0,60251c5d2720921f2a8bd66390dfcd98d649cddced432a748230c514446de8fd,nativeSparse,branch_diagnostic,literal_citation_all,all literal-citation questions,191,single,single,single citation,20,240,191,186,49,139,139,0,0.848920863309,0.848920863309,0.848920863309,0.642767120165
qdrant-native-sparse,qdrant-bm25,qdrant/bm25,qdrant-java-client-1.19.0,60251c5d2720921f2a8bd66390dfcd98d649cddced432a748230c514446de8fd,nativeSparse,branch_diagnostic,literal_citation_all,all literal-citation questions,191,category,705,Налоговый контроль,20,240,191,186,49,12,12,0,1.000000000000,0.958333333333,0.916666666667,0.790777470343
qdrant-native-sparse,qdrant-bm25,qdrant/bm25,qdrant-java-client-1.19.0,60251c5d2720921f2a8bd66390dfcd98d649cddced432a748230c514446de8fd,nativeSparse,branch_diagnostic,preliminary_filtered,literal-citation questions after preliminary technical screening,186,single,single,single citation,20,240,191,186,49,139,135,4,0.859259259259,0.859259259259,0.859259259259,0.650700960763
qdrant-native-sparse,qdrant-bm25,qdrant/bm25,qdrant-java-client-1.19.0,60251c5d2720921f2a8bd66390dfcd98d649cddced432a748230c514446de8fd,nativeSparse,branch_diagnostic,preliminary_filtered,literal-citation questions after preliminary technical screening,186,category,705,Налоговый контроль,20,240,191,186,49,12,12,0,1.000000000000,0.958333333333,0.916666666667,0.790777470343
qdrant-native-sparse,qdrant-bm25,qdrant/bm25,qdrant-java-client-1.19.0,60251c5d2720921f2a8bd66390dfcd98d649cddced432a748230c514446de8fd,nativeSparse,branch_diagnostic,literal_citation_all,all literal-citation questions,191,single,single,single citation,50,240,191,186,49,139,139,0,0.920863309353,0.920863309353,0.920863309353,0.657363372019
qdrant-native-sparse,qdrant-bm25,qdrant/bm25,qdrant-java-client-1.19.0,60251c5d2720921f2a8bd66390dfcd98d649cddced432a748230c514446de8fd,nativeSparse,branch_diagnostic,literal_citation_all,all literal-citation questions,191,category,705,Налоговый контроль,50,240,191,186,49,12,12,0,1.000000000000,0.958333333333,0.916666666667,0.790777470343
qdrant-native-sparse,qdrant-bm25,qdrant/bm25,qdrant-java-client-1.19.0,60251c5d2720921f2a8bd66390dfcd98d649cddced432a748230c514446de8fd,nativeSparse,branch_diagnostic,preliminary_filtered,literal-citation questions after preliminary technical screening,186,single,single,single citation,50,240,191,186,49,139,135,4,0.918518518519,0.918518518519,0.918518518519,0.662731496351
qdrant-native-sparse,qdrant-bm25,qdrant/bm25,qdrant-java-client-1.19.0,60251c5d2720921f2a8bd66390dfcd98d649cddced432a748230c514446de8fd,nativeSparse,branch_diagnostic,preliminary_filtered,literal-citation questions after preliminary technical screening,186,category,705,Налоговый контроль,50,240,191,186,49,12,12,0,1.000000000000,0.958333333333,0.916666666667,0.790777470343
qdrant-native-sparse,qdrant-bm25,qdrant/bm25,qdrant-java-client-1.19.0,60251c5d2720921f2a8bd66390dfcd98d649cddced432a748230c514446de8fd,nativeSparse,branch_diagnostic,literal_citation_all,all literal-citation questions,191,category,263,НДФЛ,10,240,191,186,49,15,15,0,0.933333333333,0.855555555556,0.800000000000,0.810847008643
qdrant-native-sparse,qdrant-bm25,qdrant/bm25,qdrant-java-client-1.19.0,60251c5d2720921f2a8bd66390dfcd98d649cddced432a748230c514446de8fd,nativeSparse,branch_diagnostic,preliminary_filtered,literal-citation questions after preliminary technical screening,186,category,263,НДФЛ,10,240,191,186,49,15,15,0,0.933333333333,0.855555555556,0.800000000000,0.810847008643
qdrant-native-sparse,qdrant-bm25,qdrant/bm25,qdrant-java-client-1.19.0,60251c5d2720921f2a8bd66390dfcd98d649cddced432a748230c514446de8fd,nativeSparse,branch_diagnostic,literal_citation_all,all literal-citation questions,191,category,263,НДФЛ,20,240,191,186,49,15,15,0,0.933333333333,0.877777777778,0.800000000000,0.818854719029
qdrant-native-sparse,qdrant-bm25,qdrant/bm25,qdrant-java-client-1.19.0,60251c5d2720921f2a8bd66390dfcd98d649cddced432a748230c514446de8fd,nativeSparse,branch_diagnostic,preliminary_filtered,literal-citation questions after preliminary technical screening,186,category,263,НДФЛ,20,240,191,186,49,15,15,0,0.933333333333,0.877777777778,0.800000000000,0.818854719029
qdrant-native-sparse,qdrant-bm25,qdrant/bm25,qdrant-java-client-1.19.0,60251c5d2720921f2a8bd66390dfcd98d649cddced432a748230c514446de8fd,nativeSparse,branch_diagnostic,literal_citation_all,all literal-citation questions,191,category,263,НДФЛ,50,240,191,186,49,15,15,0,1.000000000000,0.911111111111,0.800000000000,0.829724727324
qdrant-native-sparse,qdrant-bm25,qdrant/bm25,qdrant-java-client-1.19.0,60251c5d2720921f2a8bd66390dfcd98d649cddced432a748230c514446de8fd,nativeSparse,branch_diagnostic,preliminary_filtered,literal-citation questions after preliminary technical screening,186,category,263,НДФЛ,50,240,191,186,49,15,15,0,1.000000000000,0.911111111111,0.800000000000,0.829724727324
qdrant-native-sparse,qdrant-bm25,qdrant/bm25,qdrant-java-client-1.19.0,60251c5d2720921f2a8bd66390dfcd98d649cddced432a748230c514446de8fd,nativeSparse,branch_diagnostic,literal_citation_all,all literal-citation questions,191,category,704,Трансфертное ценообразование,10,240,191,186,49,17,17,0,0.941176470588,0.941176470588,0.941176470588,0.791085830522
qdrant-native-sparse,qdrant-bm25,qdrant/bm25,qdrant-java-client-1.19.0,60251c5d2720921f2a8bd66390dfcd98d649cddced432a748230c514446de8fd,nativeSparse,branch_diagnostic,preliminary_filtered,literal-citation questions after preliminary technical screening,186,category,704,Трансфертное ценообразование,10,240,191,186,49,17,17,0,0.941176470588,0.941176470588,0.941176470588,0.791085830522
qdrant-native-sparse,qdrant-bm25,qdrant/bm25,qdrant-java-client-1.19.0,60251c5d2720921f2a8bd66390dfcd98d649cddced432a748230c514446de8fd,nativeSparse,branch_diagnostic,literal_citation_all,all literal-citation questions,191,category,704,Трансфертное ценообразование,20,240,191,186,49,17,17,0,0.941176470588,0.941176470588,0.941176470588,0.791085830522
qdrant-native-sparse,qdrant-bm25,qdrant/bm25,qdrant-java-client-1.19.0,60251c5d2720921f2a8bd66390dfcd98d649cddced432a748230c514446de8fd,nativeSparse,branch_diagnostic,preliminary_filtered,literal-citation questions after preliminary technical screening,186,category,704,Трансфертное ценообразование,20,240,191,186,49,17,17,0,0.941176470588,0.941176470588,0.941176470588,0.791085830522
qdrant-native-sparse,qdrant-bm25,qdrant/bm25,qdrant-java-client-1.19.0,60251c5d2720921f2a8bd66390dfcd98d649cddced432a748230c514446de8fd,nativeSparse,branch_diagnostic,literal_citation_all,all literal-citation questions,191,category,704,Трансфертное ценообразование,50,240,191,186,49,17,17,0,1.000000000000,1.000000000000,1.000000000000,0.802138879035
qdrant-native-sparse,qdrant-bm25,qdrant/bm25,qdrant-java-client-1.19.0,60251c5d2720921f2a8bd66390dfcd98d649cddced432a748230c514446de8fd,nativeSparse,branch_diagnostic,preliminary_filtered,literal-citation questions after preliminary technical screening,186,category,704,Трансфертное ценообразование,50,240,191,186,49,17,17,0,1.000000000000,1.000000000000,1.000000000000,0.802138879035
qdrant-native-sparse,qdrant-bm25,qdrant/bm25,qdrant-java-client-1.19.0,60251c5d2720921f2a8bd66390dfcd98d649cddced432a748230c514446de8fd,nativeSparse,branch_diagnostic,literal_citation_all,all literal-citation questions,191,category,246,Урегулирование задолженности,10,240,191,186,49,9,9,0,0.777777777778,0.722222222222,0.666666666667,0.474373810850
qdrant-native-sparse,qdrant-bm25,qdrant/bm25,qdrant-java-client-1.19.0,60251c5d2720921f2a8bd66390dfcd98d649cddced432a748230c514446de8fd,nativeSparse,branch_diagnostic,preliminary_filtered,literal-citation questions after preliminary technical screening,186,category,246,Урегулирование задолженности,10,240,191,186,49,9,9,0,0.777777777778,0.722222222222,0.666666666667,0.474373810850
qdrant-native-sparse,qdrant-bm25,qdrant/bm25,qdrant-java-client-1.19.0,60251c5d2720921f2a8bd66390dfcd98d649cddced432a748230c514446de8fd,nativeSparse,branch_diagnostic,literal_citation_all,all literal-citation questions,191,category,246,Урегулирование задолженности,20,240,191,186,49,9,9,0,0.777777777778,0.722222222222,0.666666666667,0.474373810850
qdrant-native-sparse,qdrant-bm25,qdrant/bm25,qdrant-java-client-1.19.0,60251c5d2720921f2a8bd66390dfcd98d649cddced432a748230c514446de8fd,nativeSparse,branch_diagnostic,preliminary_filtered,literal-citation questions after preliminary technical screening,186,category,246,Урегулирование задолженности,20,240,191,186,49,9,9,0,0.777777777778,0.722222222222,0.666666666667,0.474373810850
qdrant-native-sparse,qdrant-bm25,qdrant/bm25,qdrant-java-client-1.19.0,60251c5d2720921f2a8bd66390dfcd98d649cddced432a748230c514446de8fd,nativeSparse,branch_diagnostic,literal_citation_all,all literal-citation questions,191,category,246,Урегулирование задолженности,50,240,191,186,49,9,9,0,0.777777777778,0.777777777778,0.777777777778,0.487089966625
qdrant-native-sparse,qdrant-bm25,qdrant/bm25,qdrant-java-client-1.19.0,60251c5d2720921f2a8bd66390dfcd98d649cddced432a748230c514446de8fd,nativeSparse,branch_diagnostic,preliminary_filtered,literal-citation questions after preliminary technical screening,186,category,246,Урегулирование задолженности,50,240,191,186,49,9,9,0,0.777777777778,0.777777777778,0.777777777778,0.487089966625
qdrant-native-sparse,qdrant-bm25,qdrant/bm25,qdrant-java-client-1.19.0,60251c5d2720921f2a8bd66390dfcd98d649cddced432a748230c514446de8fd,nativeSparse,branch_diagnostic,literal_citation_all,all literal-citation questions,191,category,1028,Единый налоговый счет,10,240,191,186,49,14,14,0,0.642857142857,0.523809523810,0.428571428571,0.366402708777
qdrant-native-sparse,qdrant-bm25,qdrant/bm25,qdrant-java-client-1.19.0,60251c5d2720921f2a8bd66390dfcd98d649cddced432a748230c514446de8fd,nativeSparse,branch_diagnostic,preliminary_filtered,literal-citation questions after preliminary technical screening,186,category,1028,Единый налоговый счет,10,240,191,186,49,14,13,1,0.615384615385,0.525641025641,0.461538461538,0.380389402007
qdrant-native-sparse,qdrant-bm25,qdrant/bm25,qdrant-java-client-1.19.0,60251c5d2720921f2a8bd66390dfcd98d649cddced432a748230c514446de8fd,nativeSparse,branch_diagnostic,literal_citation_all,all literal-citation questions,191,category,1028,Единый налоговый счет,20,240,191,186,49,14,14,0,0.857142857143,0.690476190476,0.500000000000,0.421476587864
qdrant-native-sparse,qdrant-bm25,qdrant/bm25,qdrant-java-client-1.19.0,60251c5d2720921f2a8bd66390dfcd98d649cddced432a748230c514446de8fd,nativeSparse,branch_diagnostic,preliminary_filtered,literal-citation questions after preliminary technical screening,186,category,1028,Единый налоговый счет,20,240,191,186,49,14,13,1,0.846153846154,0.705128205128,0.538461538462,0.439699733332
qdrant-native-sparse,qdrant-bm25,qdrant/bm25,qdrant-java-client-1.19.0,60251c5d2720921f2a8bd66390dfcd98d649cddced432a748230c514446de8fd,nativeSparse,branch_diagnostic,literal_citation_all,all literal-citation questions,191,category,1028,Единый налоговый счет,50,240,191,186,49,14,14,0,1.000000000000,0.904761904762,0.785714285714,0.467476793731
qdrant-native-sparse,qdrant-bm25,qdrant/bm25,qdrant-java-client-1.19.0,60251c5d2720921f2a8bd66390dfcd98d649cddced432a748230c514446de8fd,nativeSparse,branch_diagnostic,preliminary_filtered,literal-citation questions after preliminary technical screening,186,category,1028,Единый налоговый счет,50,240,191,186,49,14,13,1,1.000000000000,0.897435897436,0.769230769231,0.480184651166
qdrant-native-sparse,qdrant-bm25,qdrant/bm25,qdrant-java-client-1.19.0,60251c5d2720921f2a8bd66390dfcd98d649cddced432a748230c514446de8fd,nativeSparse,branch_diagnostic,literal_citation_all,all literal-citation questions,191,category,746,Патентная система,10,240,191,186,49,16,16,0,0.812500000000,0.627083333333,0.500000000000,0.533259146013
qdrant-native-sparse,qdrant-bm25,qdrant/bm25,qdrant-java-client-1.19.0,60251c5d2720921f2a8bd66390dfcd98d649cddced432a748230c514446de8fd,nativeSparse,branch_diagnostic,preliminary_filtered,literal-citation questions after preliminary technical screening,186,category,746,Патентная система,10,240,191,186,49,16,16,0,0.812500000000,0.627083333333,0.500000000000,0.533259146013
qdrant-native-sparse,qdrant-bm25,qdrant/bm25,qdrant-java-client-1.19.0,60251c5d2720921f2a8bd66390dfcd98d649cddced432a748230c514446de8fd,nativeSparse,branch_diagnostic,literal_citation_all,all literal-citation questions,191,category,746,Патентная система,20,240,191,186,49,16,16,0,0.875000000000,0.689583333333,0.562500000000,0.549256522564
qdrant-native-sparse,qdrant-bm25,qdrant/bm25,qdrant-java-client-1.19.0,60251c5d2720921f2a8bd66390dfcd98d649cddced432a748230c514446de8fd,nativeSparse,branch_diagnostic,preliminary_filtered,literal-citation questions after preliminary technical screening,186,category,746,Патентная система,20,240,191,186,49,16,16,0,0.875000000000,0.689583333333,0.562500000000,0.549256522564
qdrant-native-sparse,qdrant-bm25,qdrant/bm25,qdrant-java-client-1.19.0,60251c5d2720921f2a8bd66390dfcd98d649cddced432a748230c514446de8fd,nativeSparse,branch_diagnostic,literal_citation_all,all literal-citation questions,191,category,746,Патентная система,50,240,191,186,49,16,16,0,0.937500000000,0.804166666667,0.687500000000,0.576498784026
qdrant-native-sparse,qdrant-bm25,qdrant/bm25,qdrant-java-client-1.19.0,60251c5d2720921f2a8bd66390dfcd98d649cddced432a748230c514446de8fd,nativeSparse,branch_diagnostic,preliminary_filtered,literal-citation questions after preliminary technical screening,186,category,746,Патентная система,50,240,191,186,49,16,16,0,0.937500000000,0.804166666667,0.687500000000,0.576498784026
qdrant-native-sparse,qdrant-bm25,qdrant/bm25,qdrant-java-client-1.19.0,60251c5d2720921f2a8bd66390dfcd98d649cddced432a748230c514446de8fd,nativeSparse,branch_diagnostic,literal_citation_all,all literal-citation questions,191,category,882,Страховые взносы,10,240,191,186,49,14,14,0,1.000000000000,0.928571428571,0.857142857143,0.763264948095
qdrant-native-sparse,qdrant-bm25,qdrant/bm25,qdrant-java-client-1.19.0,60251c5d2720921f2a8bd66390dfcd98d649cddced432a748230c514446de8fd,nativeSparse,branch_diagnostic,preliminary_filtered,literal-citation questions after preliminary technical screening,186,category,882,Страховые взносы,10,240,191,186,49,14,13,1,1.000000000000,0.923076923077,0.846153846154,0.745054559487
qdrant-native-sparse,qdrant-bm25,qdrant/bm25,qdrant-java-client-1.19.0,60251c5d2720921f2a8bd66390dfcd98d649cddced432a748230c514446de8fd,nativeSparse,branch_diagnostic,literal_citation_all,all literal-citation questions,191,category,882,Страховые взносы,20,240,191,186,49,14,14,0,1.000000000000,0.928571428571,0.857142857143,0.763264948095
qdrant-native-sparse,qdrant-bm25,qdrant/bm25,qdrant-java-client-1.19.0,60251c5d2720921f2a8bd66390dfcd98d649cddced432a748230c514446de8fd,nativeSparse,branch_diagnostic,preliminary_filtered,literal-citation questions after preliminary technical screening,186,category,882,Страховые взносы,20,240,191,186,49,14,13,1,1.000000000000,0.923076923077,0.846153846154,0.745054559487
qdrant-native-sparse,qdrant-bm25,qdrant/bm25,qdrant-java-client-1.19.0,60251c5d2720921f2a8bd66390dfcd98d649cddced432a748230c514446de8fd,nativeSparse,branch_diagnostic,literal_citation_all,all literal-citation questions,191,category,882,Страховые взносы,50,240,191,186,49,14,14,0,1.000000000000,0.964285714286,0.928571428571,0.772695952473
qdrant-native-sparse,qdrant-bm25,qdrant/bm25,qdrant-java-client-1.19.0,60251c5d2720921f2a8bd66390dfcd98d649cddced432a748230c514446de8fd,nativeSparse,branch_diagnostic,preliminary_filtered,literal-citation questions after preliminary technical screening,186,category,882,Страховые взносы,50,240,191,186,49,14,13,1,1.000000000000,0.961538461538,0.923076923077,0.755211025740
qdrant-native-sparse,qdrant-bm25,qdrant/bm25,qdrant-java-client-1.19.0,60251c5d2720921f2a8bd66390dfcd98d649cddced432a748230c514446de8fd,nativeSparse,branch_diagnostic,literal_citation_all,all literal-citation questions,191,category,268,Акцизы,10,240,191,186,49,14,14,0,0.857142857143,0.828571428571,0.785714285714,0.547327164748
qdrant-native-sparse,qdrant-bm25,qdrant/bm25,qdrant-java-client-1.19.0,60251c5d2720921f2a8bd66390dfcd98d649cddced432a748230c514446de8fd,nativeSparse,branch_diagnostic,preliminary_filtered,literal-citation questions after preliminary technical screening,186,category,268,Акцизы,10,240,191,186,49,14,14,0,0.857142857143,0.828571428571,0.785714285714,0.547327164748
qdrant-native-sparse,qdrant-bm25,qdrant/bm25,qdrant-java-client-1.19.0,60251c5d2720921f2a8bd66390dfcd98d649cddced432a748230c514446de8fd,nativeSparse,branch_diagnostic,literal_citation_all,all literal-citation questions,191,category,268,Акцизы,20,240,191,186,49,14,14,0,0.928571428571,0.892857142857,0.857142857143,0.571303777683
qdrant-native-sparse,qdrant-bm25,qdrant/bm25,qdrant-java-client-1.19.0,60251c5d2720921f2a8bd66390dfcd98d649cddced432a748230c514446de8fd,nativeSparse,branch_diagnostic,preliminary_filtered,literal-citation questions after preliminary technical screening,186,category,268,Акцизы,20,240,191,186,49,14,14,0,0.928571428571,0.892857142857,0.857142857143,0.571303777683
qdrant-native-sparse,qdrant-bm25,qdrant/bm25,qdrant-java-client-1.19.0,60251c5d2720921f2a8bd66390dfcd98d649cddced432a748230c514446de8fd,nativeSparse,branch_diagnostic,literal_citation_all,all literal-citation questions,191,category,268,Акцизы,50,240,191,186,49,14,14,0,0.928571428571,0.928571428571,0.928571428571,0.579912435756
qdrant-native-sparse,qdrant-bm25,qdrant/bm25,qdrant-java-client-1.19.0,60251c5d2720921f2a8bd66390dfcd98d649cddced432a748230c514446de8fd,nativeSparse,branch_diagnostic,preliminary_filtered,literal-citation questions after preliminary technical screening,186,category,268,Акцизы,50,240,191,186,49,14,14,0,0.928571428571,0.928571428571,0.928571428571,0.579912435756
qdrant-native-sparse,qdrant-bm25,qdrant/bm25,qdrant-java-client-1.19.0,60251c5d2720921f2a8bd66390dfcd98d649cddced432a748230c514446de8fd,nativeSparse,branch_diagnostic,literal_citation_all,all literal-citation questions,191,category,270,ЕСХН,10,240,191,186,49,16,16,0,0.750000000000,0.750000000000,0.750000000000,0.620747484327
qdrant-native-sparse,qdrant-bm25,qdrant/bm25,qdrant-java-client-1.19.0,60251c5d2720921f2a8bd66390dfcd98d649cddced432a748230c514446de8fd,nativeSparse,branch_diagnostic,preliminary_filtered,literal-citation questions after preliminary technical screening,186,category,270,ЕСХН,10,240,191,186,49,16,16,0,0.750000000000,0.750000000000,0.750000000000,0.620747484327
qdrant-native-sparse,qdrant-bm25,qdrant/bm25,qdrant-java-client-1.19.0,60251c5d2720921f2a8bd66390dfcd98d649cddced432a748230c514446de8fd,nativeSparse,branch_diagnostic,literal_citation_all,all literal-citation questions,191,category,270,ЕСХН,20,240,191,186,49,16,16,0,0.750000000000,0.750000000000,0.750000000000,0.620747484327
qdrant-native-sparse,qdrant-bm25,qdrant/bm25,qdrant-java-client-1.19.0,60251c5d2720921f2a8bd66390dfcd98d649cddced432a748230c514446de8fd,nativeSparse,branch_diagnostic,preliminary_filtered,literal-citation questions after preliminary technical screening,186,category,270,ЕСХН,20,240,191,186,49,16,16,0,0.750000000000,0.750000000000,0.750000000000,0.620747484327
qdrant-native-sparse,qdrant-bm25,qdrant/bm25,qdrant-java-client-1.19.0,60251c5d2720921f2a8bd66390dfcd98d649cddced432a748230c514446de8fd,nativeSparse,branch_diagnostic,literal_citation_all,all literal-citation questions,191,category,270,ЕСХН,50,240,191,186,49,16,16,0,0.875000000000,0.875000000000,0.875000000000,0.643854849203
qdrant-native-sparse,qdrant-bm25,qdrant/bm25,qdrant-java-client-1.19.0,60251c5d2720921f2a8bd66390dfcd98d649cddced432a748230c514446de8fd,nativeSparse,branch_diagnostic,preliminary_filtered,literal-citation questions after preliminary technical screening,186,category,270,ЕСХН,50,240,191,186,49,16,16,0,0.875000000000,0.875000000000,0.875000000000,0.643854849203
qdrant-native-sparse,qdrant-bm25,qdrant/bm25,qdrant-java-client-1.19.0,60251c5d2720921f2a8bd66390dfcd98d649cddced432a748230c514446de8fd,nativeSparse,branch_diagnostic,literal_citation_all,all literal-citation questions,191,category,264,Налог на прибыль,10,240,191,186,49,17,17,0,0.764705882353,0.735294117647,0.705882352941,0.537681418060
qdrant-native-sparse,qdrant-bm25,qdrant/bm25,qdrant-java-client-1.19.0,60251c5d2720921f2a8bd66390dfcd98d649cddced432a748230c514446de8fd,nativeSparse,branch_diagnostic,preliminary_filtered,literal-citation questions after preliminary technical screening,186,category,264,Налог на прибыль,10,240,191,186,49,17,17,0,0.764705882353,0.735294117647,0.705882352941,0.537681418060
qdrant-native-sparse,qdrant-bm25,qdrant/bm25,qdrant-java-client-1.19.0,60251c5d2720921f2a8bd66390dfcd98d649cddced432a748230c514446de8fd,nativeSparse,branch_diagnostic,literal_citation_all,all literal-citation questions,191,category,264,Налог на прибыль,20,240,191,186,49,17,17,0,0.882352941176,0.823529411765,0.764705882353,0.563638549736
qdrant-native-sparse,qdrant-bm25,qdrant/bm25,qdrant-java-client-1.19.0,60251c5d2720921f2a8bd66390dfcd98d649cddced432a748230c514446de8fd,nativeSparse,branch_diagnostic,preliminary_filtered,literal-citation questions after preliminary technical screening,186,category,264,Налог на прибыль,20,240,191,186,49,17,17,0,0.882352941176,0.823529411765,0.764705882353,0.563638549736
qdrant-native-sparse,qdrant-bm25,qdrant/bm25,qdrant-java-client-1.19.0,60251c5d2720921f2a8bd66390dfcd98d649cddced432a748230c514446de8fd,nativeSparse,branch_diagnostic,literal_citation_all,all literal-citation questions,191,category,264,Налог на прибыль,50,240,191,186,49,17,17,0,1.000000000000,0.970588235294,0.941176470588,0.595977680231
qdrant-native-sparse,qdrant-bm25,qdrant/bm25,qdrant-java-client-1.19.0,60251c5d2720921f2a8bd66390dfcd98d649cddced432a748230c514446de8fd,nativeSparse,branch_diagnostic,preliminary_filtered,literal-citation questions after preliminary technical screening,186,category,264,Налог на прибыль,50,240,191,186,49,17,17,0,1.000000000000,0.970588235294,0.941176470588,0.595977680231
qdrant-native-sparse,qdrant-bm25,qdrant/bm25,qdrant-java-client-1.19.0,60251c5d2720921f2a8bd66390dfcd98d649cddced432a748230c514446de8fd,nativeSparse,branch_diagnostic,literal_citation_all,all literal-citation questions,191,category,259,Налог на имущество,10,240,191,186,49,16,16,0,0.750000000000,0.635416666667,0.500000000000,0.533736349745
qdrant-native-sparse,qdrant-bm25,qdrant/bm25,qdrant-java-client-1.19.0,60251c5d2720921f2a8bd66390dfcd98d649cddced432a748230c514446de8fd,nativeSparse,branch_diagnostic,preliminary_filtered,literal-citation questions after preliminary technical screening,186,category,259,Налог на имущество,10,240,191,186,49,16,16,0,0.750000000000,0.635416666667,0.500000000000,0.533736349745
qdrant-native-sparse,qdrant-bm25,qdrant/bm25,qdrant-java-client-1.19.0,60251c5d2720921f2a8bd66390dfcd98d649cddced432a748230c514446de8fd,nativeSparse,branch_diagnostic,literal_citation_all,all literal-citation questions,191,category,259,Налог на имущество,20,240,191,186,49,16,16,0,0.875000000000,0.812500000000,0.687500000000,0.586892028115
qdrant-native-sparse,qdrant-bm25,qdrant/bm25,qdrant-java-client-1.19.0,60251c5d2720921f2a8bd66390dfcd98d649cddced432a748230c514446de8fd,nativeSparse,branch_diagnostic,preliminary_filtered,literal-citation questions after preliminary technical screening,186,category,259,Налог на имущество,20,240,191,186,49,16,16,0,0.875000000000,0.812500000000,0.687500000000,0.586892028115
qdrant-native-sparse,qdrant-bm25,qdrant/bm25,qdrant-java-client-1.19.0,60251c5d2720921f2a8bd66390dfcd98d649cddced432a748230c514446de8fd,nativeSparse,branch_diagnostic,literal_citation_all,all literal-citation questions,191,category,259,Налог на имущество,50,240,191,186,49,16,16,0,0.875000000000,0.812500000000,0.687500000000,0.586892028115
qdrant-native-sparse,qdrant-bm25,qdrant/bm25,qdrant-java-client-1.19.0,60251c5d2720921f2a8bd66390dfcd98d649cddced432a748230c514446de8fd,nativeSparse,branch_diagnostic,preliminary_filtered,literal-citation questions after preliminary technical screening,186,category,259,Налог на имущество,50,240,191,186,49,16,16,0,0.875000000000,0.812500000000,0.687500000000,0.586892028115
qdrant-native-sparse,qdrant-bm25,qdrant/bm25,qdrant-java-client-1.19.0,60251c5d2720921f2a8bd66390dfcd98d649cddced432a748230c514446de8fd,nativeSparse,branch_diagnostic,literal_citation_all,all literal-citation questions,191,category,265,НДС,10,240,191,186,49,12,12,0,0.583333333333,0.583333333333,0.583333333333,0.402496085489
qdrant-native-sparse,qdrant-bm25,qdrant/bm25,qdrant-java-client-1.19.0,60251c5d2720921f2a8bd66390dfcd98d649cddced432a748230c514446de8fd,nativeSparse,branch_diagnostic,preliminary_filtered,literal-citation questions after preliminary technical screening,186,category,265,НДС,10,240,191,186,49,12,10,2,0.600000000000,0.600000000000,0.600000000000,0.432995302587
qdrant-native-sparse,qdrant-bm25,qdrant/bm25,qdrant-java-client-1.19.0,60251c5d2720921f2a8bd66390dfcd98d649cddced432a748230c514446de8fd,nativeSparse,branch_diagnostic,literal_citation_all,all literal-citation questions,191,category,265,НДС,20,240,191,186,49,12,12,0,0.750000000000,0.750000000000,0.750000000000,0.447628792213
qdrant-native-sparse,qdrant-bm25,qdrant/bm25,qdrant-java-client-1.19.0,60251c5d2720921f2a8bd66390dfcd98d649cddced432a748230c514446de8fd,nativeSparse,branch_diagnostic,preliminary_filtered,literal-citation questions after preliminary technical screening,186,category,265,НДС,20,240,191,186,49,12,10,2,0.800000000000,0.800000000000,0.800000000000,0.487154550656
qdrant-native-sparse,qdrant-bm25,qdrant/bm25,qdrant-java-client-1.19.0,60251c5d2720921f2a8bd66390dfcd98d649cddced432a748230c514446de8fd,nativeSparse,branch_diagnostic,literal_citation_all,all literal-citation questions,191,category,265,НДС,50,240,191,186,49,12,12,0,0.916666666667,0.875000000000,0.833333333333,0.475405106240
qdrant-native-sparse,qdrant-bm25,qdrant/bm25,qdrant-java-client-1.19.0,60251c5d2720921f2a8bd66390dfcd98d649cddced432a748230c514446de8fd,nativeSparse,branch_diagnostic,preliminary_filtered,literal-citation questions after preliminary technical screening,186,category,265,НДС,50,240,191,186,49,12,10,2,0.900000000000,0.850000000000,0.800000000000,0.498675698289
qdrant-native-sparse,qdrant-bm25,qdrant/bm25,qdrant-java-client-1.19.0,60251c5d2720921f2a8bd66390dfcd98d649cddced432a748230c514446de8fd,nativeSparse,branch_diagnostic,literal_citation_all,all literal-citation questions,191,category,911,Налог на профессиональный доход,10,240,191,186,49,2,2,0,0.500000000000,0.500000000000,0.500000000000,0.205916920218
qdrant-native-sparse,qdrant-bm25,qdrant/bm25,qdrant-java-client-1.19.0,60251c5d2720921f2a8bd66390dfcd98d649cddced432a748230c514446de8fd,nativeSparse,branch_diagnostic,preliminary_filtered,literal-citation questions after preliminary technical screening,186,category,911,Налог на профессиональный доход,10,240,191,186,49,2,2,0,0.500000000000,0.500000000000,0.500000000000,0.205916920218
qdrant-native-sparse,qdrant-bm25,qdrant/bm25,qdrant-java-client-1.19.0,60251c5d2720921f2a8bd66390dfcd98d649cddced432a748230c514446de8fd,nativeSparse,branch_diagnostic,literal_citation_all,all literal-citation questions,191,category,911,Налог на профессиональный доход,20,240,191,186,49,2,2,0,0.500000000000,0.500000000000,0.500000000000,0.205916920218
qdrant-native-sparse,qdrant-bm25,qdrant/bm25,qdrant-java-client-1.19.0,60251c5d2720921f2a8bd66390dfcd98d649cddced432a748230c514446de8fd,nativeSparse,branch_diagnostic,preliminary_filtered,literal-citation questions after preliminary technical screening,186,category,911,Налог на профессиональный доход,20,240,191,186,49,2,2,0,0.500000000000,0.500000000000,0.500000000000,0.205916920218
qdrant-native-sparse,qdrant-bm25,qdrant/bm25,qdrant-java-client-1.19.0,60251c5d2720921f2a8bd66390dfcd98d649cddced432a748230c514446de8fd,nativeSparse,branch_diagnostic,literal_citation_all,all literal-citation questions,191,category,911,Налог на профессиональный доход,50,240,191,186,49,2,2,0,0.500000000000,0.500000000000,0.500000000000,0.205916920218
qdrant-native-sparse,qdrant-bm25,qdrant/bm25,qdrant-java-client-1.19.0,60251c5d2720921f2a8bd66390dfcd98d649cddced432a748230c514446de8fd,nativeSparse,branch_diagnostic,preliminary_filtered,literal-citation questions after preliminary technical screening,186,category,911,Налог на профессиональный доход,50,240,191,186,49,2,2,0,0.500000000000,0.500000000000,0.500000000000,0.205916920218
qdrant-native-hybrid-rrf,qdrant-1.19-native-hybrid-rrf-parity,sergeyzh/BERTA+qdrant/bm25,914c8c8aed14042ed890fc2c662d5e9e66b2faa7+qdrant-java-client-1.19.0,276b496e965c9e9123c0538b70eb0a538ee95047c903080ffb482cc651ca5b2a,dense,branch_diagnostic,literal_citation_all,all literal-citation questions,191,all,all,all,10,240,191,186,49,191,191,0,0.869109947644,0.790575916230,0.706806282723,0.655506374388
qdrant-native-hybrid-rrf,qdrant-1.19-native-hybrid-rrf-parity,sergeyzh/BERTA+qdrant/bm25,914c8c8aed14042ed890fc2c662d5e9e66b2faa7+qdrant-java-client-1.19.0,276b496e965c9e9123c0538b70eb0a538ee95047c903080ffb482cc651ca5b2a,dense,branch_diagnostic,literal_citation_all,all literal-citation questions,191,multi,multi,multiple citations,10,240,191,186,49,52,52,0,0.923076923077,0.634615384615,0.326923076923,0.611284342299
qdrant-native-hybrid-rrf,qdrant-1.19-native-hybrid-rrf-parity,sergeyzh/BERTA+qdrant/bm25,914c8c8aed14042ed890fc2c662d5e9e66b2faa7+qdrant-java-client-1.19.0,276b496e965c9e9123c0538b70eb0a538ee95047c903080ffb482cc651ca5b2a,dense,branch_diagnostic,literal_citation_all,all literal-citation questions,191,sensitivity,without_flagged_duplicate,all eligible except flagged duplicate,10,240,191,186,49,239,190,49,0.868421052632,0.789473684211,0.705263157895,0.653693250043
qdrant-native-hybrid-rrf,qdrant-1.19-native-hybrid-rrf-parity,sergeyzh/BERTA+qdrant/bm25,914c8c8aed14042ed890fc2c662d5e9e66b2faa7+qdrant-java-client-1.19.0,276b496e965c9e9123c0538b70eb0a538ee95047c903080ffb482cc651ca5b2a,dense,branch_diagnostic,literal_citation_all,all literal-citation questions,191,category,267,УСН,10,240,191,186,49,17,17,0,1.000000000000,0.754901960784,0.529411764706,0.591919007673
qdrant-native-hybrid-rrf,qdrant-1.19-native-hybrid-rrf-parity,sergeyzh/BERTA+qdrant/bm25,914c8c8aed14042ed890fc2c662d5e9e66b2faa7+qdrant-java-client-1.19.0,276b496e965c9e9123c0538b70eb0a538ee95047c903080ffb482cc651ca5b2a,dense,branch_diagnostic,preliminary_filtered,literal-citation questions after preliminary technical screening,186,all,all,all,10,240,191,186,49,191,186,5,0.870967741935,0.790322580645,0.704301075269,0.661902170792
qdrant-native-hybrid-rrf,qdrant-1.19-native-hybrid-rrf-parity,sergeyzh/BERTA+qdrant/bm25,914c8c8aed14042ed890fc2c662d5e9e66b2faa7+qdrant-java-client-1.19.0,276b496e965c9e9123c0538b70eb0a538ee95047c903080ffb482cc651ca5b2a,dense,branch_diagnostic,preliminary_filtered,literal-citation questions after preliminary technical screening,186,multi,multi,multiple citations,10,240,191,186,49,52,51,1,0.941176470588,0.647058823529,0.333333333333,0.623270309795
qdrant-native-hybrid-rrf,qdrant-1.19-native-hybrid-rrf-parity,sergeyzh/BERTA+qdrant/bm25,914c8c8aed14042ed890fc2c662d5e9e66b2faa7+qdrant-java-client-1.19.0,276b496e965c9e9123c0538b70eb0a538ee95047c903080ffb482cc651ca5b2a,dense,branch_diagnostic,preliminary_filtered,literal-citation questions after preliminary technical screening,186,sensitivity,without_flagged_duplicate,all eligible except flagged duplicate,10,240,191,186,49,239,185,54,0.870270270270,0.789189189189,0.702702702703,0.660074614958
qdrant-native-hybrid-rrf,qdrant-1.19-native-hybrid-rrf-parity,sergeyzh/BERTA+qdrant/bm25,914c8c8aed14042ed890fc2c662d5e9e66b2faa7+qdrant-java-client-1.19.0,276b496e965c9e9123c0538b70eb0a538ee95047c903080ffb482cc651ca5b2a,dense,branch_diagnostic,preliminary_filtered,literal-citation questions after preliminary technical screening,186,category,267,УСН,10,240,191,186,49,17,16,1,1.000000000000,0.739583333333,0.500000000000,0.610099570923
qdrant-native-hybrid-rrf,qdrant-1.19-native-hybrid-rrf-parity,sergeyzh/BERTA+qdrant/bm25,914c8c8aed14042ed890fc2c662d5e9e66b2faa7+qdrant-java-client-1.19.0,276b496e965c9e9123c0538b70eb0a538ee95047c903080ffb482cc651ca5b2a,dense,branch_diagnostic,literal_citation_all,all literal-citation questions,191,all,all,all,20,240,191,186,49,191,191,0,0.910994764398,0.848778359511,0.785340314136,0.672189824533
qdrant-native-hybrid-rrf,qdrant-1.19-native-hybrid-rrf-parity,sergeyzh/BERTA+qdrant/bm25,914c8c8aed14042ed890fc2c662d5e9e66b2faa7+qdrant-java-client-1.19.0,276b496e965c9e9123c0538b70eb0a538ee95047c903080ffb482cc651ca5b2a,dense,branch_diagnostic,literal_citation_all,all literal-citation questions,191,multi,multi,multiple citations,20,240,191,186,49,52,52,0,0.942307692308,0.713782051282,0.480769230769,0.637479286979
qdrant-native-hybrid-rrf,qdrant-1.19-native-hybrid-rrf-parity,sergeyzh/BERTA+qdrant/bm25,914c8c8aed14042ed890fc2c662d5e9e66b2faa7+qdrant-java-client-1.19.0,276b496e965c9e9123c0538b70eb0a538ee95047c903080ffb482cc651ca5b2a,dense,branch_diagnostic,literal_citation_all,all literal-citation questions,191,sensitivity,without_flagged_duplicate,all eligible except flagged duplicate,20,240,191,186,49,239,190,49,0.910526315789,0.847982456140,0.784210526316,0.670464507820
qdrant-native-hybrid-rrf,qdrant-1.19-native-hybrid-rrf-parity,sergeyzh/BERTA+qdrant/bm25,914c8c8aed14042ed890fc2c662d5e9e66b2faa7+qdrant-java-client-1.19.0,276b496e965c9e9123c0538b70eb0a538ee95047c903080ffb482cc651ca5b2a,dense,branch_diagnostic,literal_citation_all,all literal-citation questions,191,category,267,УСН,20,240,191,186,49,17,17,0,1.000000000000,0.803921568627,0.647058823529,0.607435522298
qdrant-native-hybrid-rrf,qdrant-1.19-native-hybrid-rrf-parity,sergeyzh/BERTA+qdrant/bm25,914c8c8aed14042ed890fc2c662d5e9e66b2faa7+qdrant-java-client-1.19.0,276b496e965c9e9123c0538b70eb0a538ee95047c903080ffb482cc651ca5b2a,dense,branch_diagnostic,preliminary_filtered,literal-citation questions after preliminary technical screening,186,all,all,all,20,240,191,186,49,191,186,5,0.913978494624,0.850089605735,0.784946236559,0.679034100779
qdrant-native-hybrid-rrf,qdrant-1.19-native-hybrid-rrf-parity,sergeyzh/BERTA+qdrant/bm25,914c8c8aed14042ed890fc2c662d5e9e66b2faa7+qdrant-java-client-1.19.0,276b496e965c9e9123c0538b70eb0a538ee95047c903080ffb482cc651ca5b2a,dense,branch_diagnostic,preliminary_filtered,literal-citation questions after preliminary technical screening,186,multi,multi,multiple citations,20,240,191,186,49,52,51,1,0.960784313725,0.727777777778,0.490196078431,0.649978880841
qdrant-native-hybrid-rrf,qdrant-1.19-native-hybrid-rrf-parity,sergeyzh/BERTA+qdrant/bm25,914c8c8aed14042ed890fc2c662d5e9e66b2faa7+qdrant-java-client-1.19.0,276b496e965c9e9123c0538b70eb0a538ee95047c903080ffb482cc651ca5b2a,dense,branch_diagnostic,preliminary_filtered,literal-citation questions after preliminary technical screening,186,sensitivity,without_flagged_duplicate,all eligible except flagged duplicate,20,240,191,186,49,239,185,54,0.913513513514,0.849279279279,0.783783783784,0.677299149973
qdrant-native-hybrid-rrf,qdrant-1.19-native-hybrid-rrf-parity,sergeyzh/BERTA+qdrant/bm25,914c8c8aed14042ed890fc2c662d5e9e66b2faa7+qdrant-java-client-1.19.0,276b496e965c9e9123c0538b70eb0a538ee95047c903080ffb482cc651ca5b2a,dense,branch_diagnostic,preliminary_filtered,literal-citation questions after preliminary technical screening,186,category,267,УСН,20,240,191,186,49,17,16,1,1.000000000000,0.791666666667,0.625000000000,0.626585867713
qdrant-native-hybrid-rrf,qdrant-1.19-native-hybrid-rrf-parity,sergeyzh/BERTA+qdrant/bm25,914c8c8aed14042ed890fc2c662d5e9e66b2faa7+qdrant-java-client-1.19.0,276b496e965c9e9123c0538b70eb0a538ee95047c903080ffb482cc651ca5b2a,dense,branch_diagnostic,literal_citation_all,all literal-citation questions,191,all,all,all,50,240,191,186,49,191,191,0,0.947643979058,0.900872600349,0.842931937173,0.684869444002
qdrant-native-hybrid-rrf,qdrant-1.19-native-hybrid-rrf-parity,sergeyzh/BERTA+qdrant/bm25,914c8c8aed14042ed890fc2c662d5e9e66b2faa7+qdrant-java-client-1.19.0,276b496e965c9e9123c0538b70eb0a538ee95047c903080ffb482cc651ca5b2a,dense,branch_diagnostic,literal_citation_all,all literal-citation questions,191,multi,multi,multiple citations,50,240,191,186,49,52,52,0,1.000000000000,0.828205128205,0.615384615385,0.668120080877
qdrant-native-hybrid-rrf,qdrant-1.19-native-hybrid-rrf-parity,sergeyzh/BERTA+qdrant/bm25,914c8c8aed14042ed890fc2c662d5e9e66b2faa7+qdrant-java-client-1.19.0,276b496e965c9e9123c0538b70eb0a538ee95047c903080ffb482cc651ca5b2a,dense,branch_diagnostic,literal_citation_all,all literal-citation questions,191,sensitivity,without_flagged_duplicate,all eligible except flagged duplicate,50,240,191,186,49,239,190,49,0.947368421053,0.900350877193,0.842105263158,0.683210862129
qdrant-native-hybrid-rrf,qdrant-1.19-native-hybrid-rrf-parity,sergeyzh/BERTA+qdrant/bm25,914c8c8aed14042ed890fc2c662d5e9e66b2faa7+qdrant-java-client-1.19.0,276b496e965c9e9123c0538b70eb0a538ee95047c903080ffb482cc651ca5b2a,dense,branch_diagnostic,literal_citation_all,all literal-citation questions,191,category,267,УСН,50,240,191,186,49,17,17,0,1.000000000000,0.911764705882,0.764705882353,0.636534218904
qdrant-native-hybrid-rrf,qdrant-1.19-native-hybrid-rrf-parity,sergeyzh/BERTA+qdrant/bm25,914c8c8aed14042ed890fc2c662d5e9e66b2faa7+qdrant-java-client-1.19.0,276b496e965c9e9123c0538b70eb0a538ee95047c903080ffb482cc651ca5b2a,dense,branch_diagnostic,preliminary_filtered,literal-citation questions after preliminary technical screening,186,all,all,all,50,240,191,186,49,191,186,5,0.946236559140,0.900896057348,0.844086021505,0.691335591555
qdrant-native-hybrid-rrf,qdrant-1.19-native-hybrid-rrf-parity,sergeyzh/BERTA+qdrant/bm25,914c8c8aed14042ed890fc2c662d5e9e66b2faa7+qdrant-java-client-1.19.0,276b496e965c9e9123c0538b70eb0a538ee95047c903080ffb482cc651ca5b2a,dense,branch_diagnostic,preliminary_filtered,literal-citation questions after preliminary technical screening,186,multi,multi,multiple citations,50,240,191,186,49,52,51,1,1.000000000000,0.834640522876,0.627450980392,0.678598317083
qdrant-native-hybrid-rrf,qdrant-1.19-native-hybrid-rrf-parity,sergeyzh/BERTA+qdrant/bm25,914c8c8aed14042ed890fc2c662d5e9e66b2faa7+qdrant-java-client-1.19.0,276b496e965c9e9123c0538b70eb0a538ee95047c903080ffb482cc651ca5b2a,dense,branch_diagnostic,preliminary_filtered,literal-citation questions after preliminary technical screening,186,sensitivity,without_flagged_duplicate,all eligible except flagged duplicate,50,240,191,186,49,239,185,54,0.945945945946,0.900360360360,0.843243243243,0.689667135293
qdrant-native-hybrid-rrf,qdrant-1.19-native-hybrid-rrf-parity,sergeyzh/BERTA+qdrant/bm25,914c8c8aed14042ed890fc2c662d5e9e66b2faa7+qdrant-java-client-1.19.0,276b496e965c9e9123c0538b70eb0a538ee95047c903080ffb482cc651ca5b2a,dense,branch_diagnostic,preliminary_filtered,literal-citation questions after preliminary technical screening,186,category,267,УСН,50,240,191,186,49,17,16,1,1.000000000000,0.906250000000,0.750000000000,0.657503232857
qdrant-native-hybrid-rrf,qdrant-1.19-native-hybrid-rrf-parity,sergeyzh/BERTA+qdrant/bm25,914c8c8aed14042ed890fc2c662d5e9e66b2faa7+qdrant-java-client-1.19.0,276b496e965c9e9123c0538b70eb0a538ee95047c903080ffb482cc651ca5b2a,dense,branch_diagnostic,literal_citation_all,all literal-citation questions,191,single,single,single citation,10,240,191,186,49,139,139,0,0.848920863309,0.848920863309,0.848920863309,0.672049868407
qdrant-native-hybrid-rrf,qdrant-1.19-native-hybrid-rrf-parity,sergeyzh/BERTA+qdrant/bm25,914c8c8aed14042ed890fc2c662d5e9e66b2faa7+qdrant-java-client-1.19.0,276b496e965c9e9123c0538b70eb0a538ee95047c903080ffb482cc651ca5b2a,dense,branch_diagnostic,literal_citation_all,all literal-citation questions,191,category,705,Налоговый контроль,10,240,191,186,49,12,12,0,0.916666666667,0.819444444444,0.750000000000,0.731246832000
qdrant-native-hybrid-rrf,qdrant-1.19-native-hybrid-rrf-parity,sergeyzh/BERTA+qdrant/bm25,914c8c8aed14042ed890fc2c662d5e9e66b2faa7+qdrant-java-client-1.19.0,276b496e965c9e9123c0538b70eb0a538ee95047c903080ffb482cc651ca5b2a,dense,branch_diagnostic,preliminary_filtered,literal-citation questions after preliminary technical screening,186,single,single,single citation,10,240,191,186,49,139,135,4,0.844444444444,0.844444444444,0.844444444444,0.676496429391
qdrant-native-hybrid-rrf,qdrant-1.19-native-hybrid-rrf-parity,sergeyzh/BERTA+qdrant/bm25,914c8c8aed14042ed890fc2c662d5e9e66b2faa7+qdrant-java-client-1.19.0,276b496e965c9e9123c0538b70eb0a538ee95047c903080ffb482cc651ca5b2a,dense,branch_diagnostic,preliminary_filtered,literal-citation questions after preliminary technical screening,186,category,705,Налоговый контроль,10,240,191,186,49,12,12,0,0.916666666667,0.819444444444,0.750000000000,0.731246832000
qdrant-native-hybrid-rrf,qdrant-1.19-native-hybrid-rrf-parity,sergeyzh/BERTA+qdrant/bm25,914c8c8aed14042ed890fc2c662d5e9e66b2faa7+qdrant-java-client-1.19.0,276b496e965c9e9123c0538b70eb0a538ee95047c903080ffb482cc651ca5b2a,dense,branch_diagnostic,literal_citation_all,all literal-citation questions,191,single,single,single citation,20,240,191,186,49,139,139,0,0.899280575540,0.899280575540,0.899280575540,0.685175061604
qdrant-native-hybrid-rrf,qdrant-1.19-native-hybrid-rrf-parity,sergeyzh/BERTA+qdrant/bm25,914c8c8aed14042ed890fc2c662d5e9e66b2faa7+qdrant-java-client-1.19.0,276b496e965c9e9123c0538b70eb0a538ee95047c903080ffb482cc651ca5b2a,dense,branch_diagnostic,literal_citation_all,all literal-citation questions,191,category,705,Налоговый контроль,20,240,191,186,49,12,12,0,0.916666666667,0.819444444444,0.750000000000,0.731246832000
qdrant-native-hybrid-rrf,qdrant-1.19-native-hybrid-rrf-parity,sergeyzh/BERTA+qdrant/bm25,914c8c8aed14042ed890fc2c662d5e9e66b2faa7+qdrant-java-client-1.19.0,276b496e965c9e9123c0538b70eb0a538ee95047c903080ffb482cc651ca5b2a,dense,branch_diagnostic,preliminary_filtered,literal-citation questions after preliminary technical screening,186,single,single,single citation,20,240,191,186,49,139,135,4,0.896296296296,0.896296296296,0.896296296296,0.690010517200
qdrant-native-hybrid-rrf,qdrant-1.19-native-hybrid-rrf-parity,sergeyzh/BERTA+qdrant/bm25,914c8c8aed14042ed890fc2c662d5e9e66b2faa7+qdrant-java-client-1.19.0,276b496e965c9e9123c0538b70eb0a538ee95047c903080ffb482cc651ca5b2a,dense,branch_diagnostic,preliminary_filtered,literal-citation questions after preliminary technical screening,186,category,705,Налоговый контроль,20,240,191,186,49,12,12,0,0.916666666667,0.819444444444,0.750000000000,0.731246832000
qdrant-native-hybrid-rrf,qdrant-1.19-native-hybrid-rrf-parity,sergeyzh/BERTA+qdrant/bm25,914c8c8aed14042ed890fc2c662d5e9e66b2faa7+qdrant-java-client-1.19.0,276b496e965c9e9123c0538b70eb0a538ee95047c903080ffb482cc651ca5b2a,dense,branch_diagnostic,literal_citation_all,all literal-citation questions,191,single,single,single citation,50,240,191,186,49,139,139,0,0.928057553957,0.928057553957,0.928057553957,0.691135392797
qdrant-native-hybrid-rrf,qdrant-1.19-native-hybrid-rrf-parity,sergeyzh/BERTA+qdrant/bm25,914c8c8aed14042ed890fc2c662d5e9e66b2faa7+qdrant-java-client-1.19.0,276b496e965c9e9123c0538b70eb0a538ee95047c903080ffb482cc651ca5b2a,dense,branch_diagnostic,literal_citation_all,all literal-citation questions,191,category,705,Налоговый контроль,50,240,191,186,49,12,12,0,0.916666666667,0.875000000000,0.833333333333,0.748421221908
qdrant-native-hybrid-rrf,qdrant-1.19-native-hybrid-rrf-parity,sergeyzh/BERTA+qdrant/bm25,914c8c8aed14042ed890fc2c662d5e9e66b2faa7+qdrant-java-client-1.19.0,276b496e965c9e9123c0538b70eb0a538ee95047c903080ffb482cc651ca5b2a,dense,branch_diagnostic,preliminary_filtered,literal-citation questions after preliminary technical screening,186,single,single,single citation,50,240,191,186,49,139,135,4,0.925925925926,0.925925925926,0.925925925926,0.696147450800
qdrant-native-hybrid-rrf,qdrant-1.19-native-hybrid-rrf-parity,sergeyzh/BERTA+qdrant/bm25,914c8c8aed14042ed890fc2c662d5e9e66b2faa7+qdrant-java-client-1.19.0,276b496e965c9e9123c0538b70eb0a538ee95047c903080ffb482cc651ca5b2a,dense,branch_diagnostic,preliminary_filtered,literal-citation questions after preliminary technical screening,186,category,705,Налоговый контроль,50,240,191,186,49,12,12,0,0.916666666667,0.875000000000,0.833333333333,0.748421221908
qdrant-native-hybrid-rrf,qdrant-1.19-native-hybrid-rrf-parity,sergeyzh/BERTA+qdrant/bm25,914c8c8aed14042ed890fc2c662d5e9e66b2faa7+qdrant-java-client-1.19.0,276b496e965c9e9123c0538b70eb0a538ee95047c903080ffb482cc651ca5b2a,dense,branch_diagnostic,literal_citation_all,all literal-citation questions,191,category,263,НДФЛ,10,240,191,186,49,15,15,0,0.933333333333,0.877777777778,0.800000000000,0.884264514088
qdrant-native-hybrid-rrf,qdrant-1.19-native-hybrid-rrf-parity,sergeyzh/BERTA+qdrant/bm25,914c8c8aed14042ed890fc2c662d5e9e66b2faa7+qdrant-java-client-1.19.0,276b496e965c9e9123c0538b70eb0a538ee95047c903080ffb482cc651ca5b2a,dense,branch_diagnostic,preliminary_filtered,literal-citation questions after preliminary technical screening,186,category,263,НДФЛ,10,240,191,186,49,15,15,0,0.933333333333,0.877777777778,0.800000000000,0.884264514088
qdrant-native-hybrid-rrf,qdrant-1.19-native-hybrid-rrf-parity,sergeyzh/BERTA+qdrant/bm25,914c8c8aed14042ed890fc2c662d5e9e66b2faa7+qdrant-java-client-1.19.0,276b496e965c9e9123c0538b70eb0a538ee95047c903080ffb482cc651ca5b2a,dense,branch_diagnostic,literal_citation_all,all literal-citation questions,191,category,263,НДФЛ,20,240,191,186,49,15,15,0,0.933333333333,0.877777777778,0.800000000000,0.884264514088
qdrant-native-hybrid-rrf,qdrant-1.19-native-hybrid-rrf-parity,sergeyzh/BERTA+qdrant/bm25,914c8c8aed14042ed890fc2c662d5e9e66b2faa7+qdrant-java-client-1.19.0,276b496e965c9e9123c0538b70eb0a538ee95047c903080ffb482cc651ca5b2a,dense,branch_diagnostic,preliminary_filtered,literal-citation questions after preliminary technical screening,186,category,263,НДФЛ,20,240,191,186,49,15,15,0,0.933333333333,0.877777777778,0.800000000000,0.884264514088
qdrant-native-hybrid-rrf,qdrant-1.19-native-hybrid-rrf-parity,sergeyzh/BERTA+qdrant/bm25,914c8c8aed14042ed890fc2c662d5e9e66b2faa7+qdrant-java-client-1.19.0,276b496e965c9e9123c0538b70eb0a538ee95047c903080ffb482cc651ca5b2a,dense,branch_diagnostic,literal_citation_all,all literal-citation questions,191,category,263,НДФЛ,50,240,191,186,49,15,15,0,1.000000000000,0.911111111111,0.800000000000,0.894265760348
qdrant-native-hybrid-rrf,qdrant-1.19-native-hybrid-rrf-parity,sergeyzh/BERTA+qdrant/bm25,914c8c8aed14042ed890fc2c662d5e9e66b2faa7+qdrant-java-client-1.19.0,276b496e965c9e9123c0538b70eb0a538ee95047c903080ffb482cc651ca5b2a,dense,branch_diagnostic,preliminary_filtered,literal-citation questions after preliminary technical screening,186,category,263,НДФЛ,50,240,191,186,49,15,15,0,1.000000000000,0.911111111111,0.800000000000,0.894265760348
qdrant-native-hybrid-rrf,qdrant-1.19-native-hybrid-rrf-parity,sergeyzh/BERTA+qdrant/bm25,914c8c8aed14042ed890fc2c662d5e9e66b2faa7+qdrant-java-client-1.19.0,276b496e965c9e9123c0538b70eb0a538ee95047c903080ffb482cc651ca5b2a,dense,branch_diagnostic,literal_citation_all,all literal-citation questions,191,category,704,Трансфертное ценообразование,10,240,191,186,49,17,17,0,0.941176470588,0.941176470588,0.941176470588,0.826396661901
qdrant-native-hybrid-rrf,qdrant-1.19-native-hybrid-rrf-parity,sergeyzh/BERTA+qdrant/bm25,914c8c8aed14042ed890fc2c662d5e9e66b2faa7+qdrant-java-client-1.19.0,276b496e965c9e9123c0538b70eb0a538ee95047c903080ffb482cc651ca5b2a,dense,branch_diagnostic,preliminary_filtered,literal-citation questions after preliminary technical screening,186,category,704,Трансфертное ценообразование,10,240,191,186,49,17,17,0,0.941176470588,0.941176470588,0.941176470588,0.826396661901
qdrant-native-hybrid-rrf,qdrant-1.19-native-hybrid-rrf-parity,sergeyzh/BERTA+qdrant/bm25,914c8c8aed14042ed890fc2c662d5e9e66b2faa7+qdrant-java-client-1.19.0,276b496e965c9e9123c0538b70eb0a538ee95047c903080ffb482cc651ca5b2a,dense,branch_diagnostic,literal_citation_all,all literal-citation questions,191,category,704,Трансфертное ценообразование,20,240,191,186,49,17,17,0,1.000000000000,1.000000000000,1.000000000000,0.841102544254
qdrant-native-hybrid-rrf,qdrant-1.19-native-hybrid-rrf-parity,sergeyzh/BERTA+qdrant/bm25,914c8c8aed14042ed890fc2c662d5e9e66b2faa7+qdrant-java-client-1.19.0,276b496e965c9e9123c0538b70eb0a538ee95047c903080ffb482cc651ca5b2a,dense,branch_diagnostic,preliminary_filtered,literal-citation questions after preliminary technical screening,186,category,704,Трансфертное ценообразование,20,240,191,186,49,17,17,0,1.000000000000,1.000000000000,1.000000000000,0.841102544254
qdrant-native-hybrid-rrf,qdrant-1.19-native-hybrid-rrf-parity,sergeyzh/BERTA+qdrant/bm25,914c8c8aed14042ed890fc2c662d5e9e66b2faa7+qdrant-java-client-1.19.0,276b496e965c9e9123c0538b70eb0a538ee95047c903080ffb482cc651ca5b2a,dense,branch_diagnostic,literal_citation_all,all literal-citation questions,191,category,704,Трансфертное ценообразование,50,240,191,186,49,17,17,0,1.000000000000,1.000000000000,1.000000000000,0.841102544254
qdrant-native-hybrid-rrf,qdrant-1.19-native-hybrid-rrf-parity,sergeyzh/BERTA+qdrant/bm25,914c8c8aed14042ed890fc2c662d5e9e66b2faa7+qdrant-java-client-1.19.0,276b496e965c9e9123c0538b70eb0a538ee95047c903080ffb482cc651ca5b2a,dense,branch_diagnostic,preliminary_filtered,literal-citation questions after preliminary technical screening,186,category,704,Трансфертное ценообразование,50,240,191,186,49,17,17,0,1.000000000000,1.000000000000,1.000000000000,0.841102544254
qdrant-native-hybrid-rrf,qdrant-1.19-native-hybrid-rrf-parity,sergeyzh/BERTA+qdrant/bm25,914c8c8aed14042ed890fc2c662d5e9e66b2faa7+qdrant-java-client-1.19.0,276b496e965c9e9123c0538b70eb0a538ee95047c903080ffb482cc651ca5b2a,dense,branch_diagnostic,literal_citation_all,all literal-citation questions,191,category,246,Урегулирование задолженности,10,240,191,186,49,9,9,0,0.777777777778,0.666666666667,0.555555555556,0.575731144032
qdrant-native-hybrid-rrf,qdrant-1.19-native-hybrid-rrf-parity,sergeyzh/BERTA+qdrant/bm25,914c8c8aed14042ed890fc2c662d5e9e66b2faa7+qdrant-java-client-1.19.0,276b496e965c9e9123c0538b70eb0a538ee95047c903080ffb482cc651ca5b2a,dense,branch_diagnostic,preliminary_filtered,literal-citation questions after preliminary technical screening,186,category,246,Урегулирование задолженности,10,240,191,186,49,9,9,0,0.777777777778,0.666666666667,0.555555555556,0.575731144032
qdrant-native-hybrid-rrf,qdrant-1.19-native-hybrid-rrf-parity,sergeyzh/BERTA+qdrant/bm25,914c8c8aed14042ed890fc2c662d5e9e66b2faa7+qdrant-java-client-1.19.0,276b496e965c9e9123c0538b70eb0a538ee95047c903080ffb482cc651ca5b2a,dense,branch_diagnostic,literal_citation_all,all literal-citation questions,191,category,246,Урегулирование задолженности,20,240,191,186,49,9,9,0,0.888888888889,0.888888888889,0.888888888889,0.640206058985
qdrant-native-hybrid-rrf,qdrant-1.19-native-hybrid-rrf-parity,sergeyzh/BERTA+qdrant/bm25,914c8c8aed14042ed890fc2c662d5e9e66b2faa7+qdrant-java-client-1.19.0,276b496e965c9e9123c0538b70eb0a538ee95047c903080ffb482cc651ca5b2a,dense,branch_diagnostic,preliminary_filtered,literal-citation questions after preliminary technical screening,186,category,246,Урегулирование задолженности,20,240,191,186,49,9,9,0,0.888888888889,0.888888888889,0.888888888889,0.640206058985
qdrant-native-hybrid-rrf,qdrant-1.19-native-hybrid-rrf-parity,sergeyzh/BERTA+qdrant/bm25,914c8c8aed14042ed890fc2c662d5e9e66b2faa7+qdrant-java-client-1.19.0,276b496e965c9e9123c0538b70eb0a538ee95047c903080ffb482cc651ca5b2a,dense,branch_diagnostic,literal_citation_all,all literal-citation questions,191,category,246,Урегулирование задолженности,50,240,191,186,49,9,9,0,0.888888888889,0.888888888889,0.888888888889,0.640206058985
qdrant-native-hybrid-rrf,qdrant-1.19-native-hybrid-rrf-parity,sergeyzh/BERTA+qdrant/bm25,914c8c8aed14042ed890fc2c662d5e9e66b2faa7+qdrant-java-client-1.19.0,276b496e965c9e9123c0538b70eb0a538ee95047c903080ffb482cc651ca5b2a,dense,branch_diagnostic,preliminary_filtered,literal-citation questions after preliminary technical screening,186,category,246,Урегулирование задолженности,50,240,191,186,49,9,9,0,0.888888888889,0.888888888889,0.888888888889,0.640206058985
qdrant-native-hybrid-rrf,qdrant-1.19-native-hybrid-rrf-parity,sergeyzh/BERTA+qdrant/bm25,914c8c8aed14042ed890fc2c662d5e9e66b2faa7+qdrant-java-client-1.19.0,276b496e965c9e9123c0538b70eb0a538ee95047c903080ffb482cc651ca5b2a,dense,branch_diagnostic,literal_citation_all,all literal-citation questions,191,category,1028,Единый налоговый счет,10,240,191,186,49,14,14,0,0.571428571429,0.476190476190,0.357142857143,0.310573398189
qdrant-native-hybrid-rrf,qdrant-1.19-native-hybrid-rrf-parity,sergeyzh/BERTA+qdrant/bm25,914c8c8aed14042ed890fc2c662d5e9e66b2faa7+qdrant-java-client-1.19.0,276b496e965c9e9123c0538b70eb0a538ee95047c903080ffb482cc651ca5b2a,dense,branch_diagnostic,preliminary_filtered,literal-citation questions after preliminary technical screening,186,category,1028,Единый налоговый счет,10,240,191,186,49,14,13,1,0.615384615385,0.512820512821,0.384615384615,0.334463659588
qdrant-native-hybrid-rrf,qdrant-1.19-native-hybrid-rrf-parity,sergeyzh/BERTA+qdrant/bm25,914c8c8aed14042ed890fc2c662d5e9e66b2faa7+qdrant-java-client-1.19.0,276b496e965c9e9123c0538b70eb0a538ee95047c903080ffb482cc651ca5b2a,dense,branch_diagnostic,literal_citation_all,all literal-citation questions,191,category,1028,Единый налоговый счет,20,240,191,186,49,14,14,0,0.714285714286,0.583333333333,0.428571428571,0.342333306147
qdrant-native-hybrid-rrf,qdrant-1.19-native-hybrid-rrf-parity,sergeyzh/BERTA+qdrant/bm25,914c8c8aed14042ed890fc2c662d5e9e66b2faa7+qdrant-java-client-1.19.0,276b496e965c9e9123c0538b70eb0a538ee95047c903080ffb482cc651ca5b2a,dense,branch_diagnostic,preliminary_filtered,literal-citation questions after preliminary technical screening,186,category,1028,Единый налоговый счет,20,240,191,186,49,14,13,1,0.769230769231,0.628205128205,0.461538461538,0.368666637389
qdrant-native-hybrid-rrf,qdrant-1.19-native-hybrid-rrf-parity,sergeyzh/BERTA+qdrant/bm25,914c8c8aed14042ed890fc2c662d5e9e66b2faa7+qdrant-java-client-1.19.0,276b496e965c9e9123c0538b70eb0a538ee95047c903080ffb482cc651ca5b2a,dense,branch_diagnostic,literal_citation_all,all literal-citation questions,191,category,1028,Единый налоговый счет,50,240,191,186,49,14,14,0,0.928571428571,0.797619047619,0.642857142857,0.392080175478
qdrant-native-hybrid-rrf,qdrant-1.19-native-hybrid-rrf-parity,sergeyzh/BERTA+qdrant/bm25,914c8c8aed14042ed890fc2c662d5e9e66b2faa7+qdrant-java-client-1.19.0,276b496e965c9e9123c0538b70eb0a538ee95047c903080ffb482cc651ca5b2a,dense,branch_diagnostic,preliminary_filtered,literal-citation questions after preliminary technical screening,186,category,1028,Единый налоговый счет,50,240,191,186,49,14,13,1,0.923076923077,0.820512820513,0.692307692308,0.411953263256
qdrant-native-hybrid-rrf,qdrant-1.19-native-hybrid-rrf-parity,sergeyzh/BERTA+qdrant/bm25,914c8c8aed14042ed890fc2c662d5e9e66b2faa7+qdrant-java-client-1.19.0,276b496e965c9e9123c0538b70eb0a538ee95047c903080ffb482cc651ca5b2a,dense,branch_diagnostic,literal_citation_all,all literal-citation questions,191,category,746,Патентная система,10,240,191,186,49,16,16,0,0.937500000000,0.798958333333,0.687500000000,0.631153569076
qdrant-native-hybrid-rrf,qdrant-1.19-native-hybrid-rrf-parity,sergeyzh/BERTA+qdrant/bm25,914c8c8aed14042ed890fc2c662d5e9e66b2faa7+qdrant-java-client-1.19.0,276b496e965c9e9123c0538b70eb0a538ee95047c903080ffb482cc651ca5b2a,dense,branch_diagnostic,preliminary_filtered,literal-citation questions after preliminary technical screening,186,category,746,Патентная система,10,240,191,186,49,16,16,0,0.937500000000,0.798958333333,0.687500000000,0.631153569076
qdrant-native-hybrid-rrf,qdrant-1.19-native-hybrid-rrf-parity,sergeyzh/BERTA+qdrant/bm25,914c8c8aed14042ed890fc2c662d5e9e66b2faa7+qdrant-java-client-1.19.0,276b496e965c9e9123c0538b70eb0a538ee95047c903080ffb482cc651ca5b2a,dense,branch_diagnostic,literal_citation_all,all literal-citation questions,191,category,746,Патентная система,20,240,191,186,49,16,16,0,1.000000000000,0.861458333333,0.750000000000,0.647150945627
qdrant-native-hybrid-rrf,qdrant-1.19-native-hybrid-rrf-parity,sergeyzh/BERTA+qdrant/bm25,914c8c8aed14042ed890fc2c662d5e9e66b2faa7+qdrant-java-client-1.19.0,276b496e965c9e9123c0538b70eb0a538ee95047c903080ffb482cc651ca5b2a,dense,branch_diagnostic,preliminary_filtered,literal-citation questions after preliminary technical screening,186,category,746,Патентная система,20,240,191,186,49,16,16,0,1.000000000000,0.861458333333,0.750000000000,0.647150945627
qdrant-native-hybrid-rrf,qdrant-1.19-native-hybrid-rrf-parity,sergeyzh/BERTA+qdrant/bm25,914c8c8aed14042ed890fc2c662d5e9e66b2faa7+qdrant-java-client-1.19.0,276b496e965c9e9123c0538b70eb0a538ee95047c903080ffb482cc651ca5b2a,dense,branch_diagnostic,literal_citation_all,all literal-citation questions,191,category,746,Патентная система,50,240,191,186,49,16,16,0,1.000000000000,0.889583333333,0.812500000000,0.656684289624
qdrant-native-hybrid-rrf,qdrant-1.19-native-hybrid-rrf-parity,sergeyzh/BERTA+qdrant/bm25,914c8c8aed14042ed890fc2c662d5e9e66b2faa7+qdrant-java-client-1.19.0,276b496e965c9e9123c0538b70eb0a538ee95047c903080ffb482cc651ca5b2a,dense,branch_diagnostic,preliminary_filtered,literal-citation questions after preliminary technical screening,186,category,746,Патентная система,50,240,191,186,49,16,16,0,1.000000000000,0.889583333333,0.812500000000,0.656684289624
qdrant-native-hybrid-rrf,qdrant-1.19-native-hybrid-rrf-parity,sergeyzh/BERTA+qdrant/bm25,914c8c8aed14042ed890fc2c662d5e9e66b2faa7+qdrant-java-client-1.19.0,276b496e965c9e9123c0538b70eb0a538ee95047c903080ffb482cc651ca5b2a,dense,branch_diagnostic,literal_citation_all,all literal-citation questions,191,category,882,Страховые взносы,10,240,191,186,49,14,14,0,0.785714285714,0.750000000000,0.714285714286,0.728884456971
qdrant-native-hybrid-rrf,qdrant-1.19-native-hybrid-rrf-parity,sergeyzh/BERTA+qdrant/bm25,914c8c8aed14042ed890fc2c662d5e9e66b2faa7+qdrant-java-client-1.19.0,276b496e965c9e9123c0538b70eb0a538ee95047c903080ffb482cc651ca5b2a,dense,branch_diagnostic,preliminary_filtered,literal-citation questions after preliminary technical screening,186,category,882,Страховые взносы,10,240,191,186,49,14,13,1,0.769230769231,0.730769230769,0.692307692308,0.708029415199
qdrant-native-hybrid-rrf,qdrant-1.19-native-hybrid-rrf-parity,sergeyzh/BERTA+qdrant/bm25,914c8c8aed14042ed890fc2c662d5e9e66b2faa7+qdrant-java-client-1.19.0,276b496e965c9e9123c0538b70eb0a538ee95047c903080ffb482cc651ca5b2a,dense,branch_diagnostic,literal_citation_all,all literal-citation questions,191,category,882,Страховые взносы,20,240,191,186,49,14,14,0,0.857142857143,0.821428571429,0.785714285714,0.747645138045
qdrant-native-hybrid-rrf,qdrant-1.19-native-hybrid-rrf-parity,sergeyzh/BERTA+qdrant/bm25,914c8c8aed14042ed890fc2c662d5e9e66b2faa7+qdrant-java-client-1.19.0,276b496e965c9e9123c0538b70eb0a538ee95047c903080ffb482cc651ca5b2a,dense,branch_diagnostic,preliminary_filtered,literal-citation questions after preliminary technical screening,186,category,882,Страховые взносы,20,240,191,186,49,14,13,1,0.846153846154,0.807692307692,0.769230769231,0.728233225587
qdrant-native-hybrid-rrf,qdrant-1.19-native-hybrid-rrf-parity,sergeyzh/BERTA+qdrant/bm25,914c8c8aed14042ed890fc2c662d5e9e66b2faa7+qdrant-java-client-1.19.0,276b496e965c9e9123c0538b70eb0a538ee95047c903080ffb482cc651ca5b2a,dense,branch_diagnostic,literal_citation_all,all literal-citation questions,191,category,882,Страховые взносы,50,240,191,186,49,14,14,0,0.928571428571,0.892857142857,0.857142857143,0.760808626127
qdrant-native-hybrid-rrf,qdrant-1.19-native-hybrid-rrf-parity,sergeyzh/BERTA+qdrant/bm25,914c8c8aed14042ed890fc2c662d5e9e66b2faa7+qdrant-java-client-1.19.0,276b496e965c9e9123c0538b70eb0a538ee95047c903080ffb482cc651ca5b2a,dense,branch_diagnostic,preliminary_filtered,literal-citation questions after preliminary technical screening,186,category,882,Страховые взносы,50,240,191,186,49,14,13,1,0.923076923077,0.884615384615,0.846153846154,0.742409289675
qdrant-native-hybrid-rrf,qdrant-1.19-native-hybrid-rrf-parity,sergeyzh/BERTA+qdrant/bm25,914c8c8aed14042ed890fc2c662d5e9e66b2faa7+qdrant-java-client-1.19.0,276b496e965c9e9123c0538b70eb0a538ee95047c903080ffb482cc651ca5b2a,dense,branch_diagnostic,literal_citation_all,all literal-citation questions,191,category,268,Акцизы,10,240,191,186,49,14,14,0,0.857142857143,0.807142857143,0.714285714286,0.651389583528
qdrant-native-hybrid-rrf,qdrant-1.19-native-hybrid-rrf-parity,sergeyzh/BERTA+qdrant/bm25,914c8c8aed14042ed890fc2c662d5e9e66b2faa7+qdrant-java-client-1.19.0,276b496e965c9e9123c0538b70eb0a538ee95047c903080ffb482cc651ca5b2a,dense,branch_diagnostic,preliminary_filtered,literal-citation questions after preliminary technical screening,186,category,268,Акцизы,10,240,191,186,49,14,14,0,0.857142857143,0.807142857143,0.714285714286,0.651389583528
qdrant-native-hybrid-rrf,qdrant-1.19-native-hybrid-rrf-parity,sergeyzh/BERTA+qdrant/bm25,914c8c8aed14042ed890fc2c662d5e9e66b2faa7+qdrant-java-client-1.19.0,276b496e965c9e9123c0538b70eb0a538ee95047c903080ffb482cc651ca5b2a,dense,branch_diagnostic,literal_citation_all,all literal-citation questions,191,category,268,Акцизы,20,240,191,186,49,14,14,0,0.857142857143,0.821428571429,0.785714285714,0.658147179722
qdrant-native-hybrid-rrf,qdrant-1.19-native-hybrid-rrf-parity,sergeyzh/BERTA+qdrant/bm25,914c8c8aed14042ed890fc2c662d5e9e66b2faa7+qdrant-java-client-1.19.0,276b496e965c9e9123c0538b70eb0a538ee95047c903080ffb482cc651ca5b2a,dense,branch_diagnostic,preliminary_filtered,literal-citation questions after preliminary technical screening,186,category,268,Акцизы,20,240,191,186,49,14,14,0,0.857142857143,0.821428571429,0.785714285714,0.658147179722
qdrant-native-hybrid-rrf,qdrant-1.19-native-hybrid-rrf-parity,sergeyzh/BERTA+qdrant/bm25,914c8c8aed14042ed890fc2c662d5e9e66b2faa7+qdrant-java-client-1.19.0,276b496e965c9e9123c0538b70eb0a538ee95047c903080ffb482cc651ca5b2a,dense,branch_diagnostic,literal_citation_all,all literal-citation questions,191,category,268,Акцизы,50,240,191,186,49,14,14,0,1.000000000000,0.964285714286,0.928571428571,0.688582387636
qdrant-native-hybrid-rrf,qdrant-1.19-native-hybrid-rrf-parity,sergeyzh/BERTA+qdrant/bm25,914c8c8aed14042ed890fc2c662d5e9e66b2faa7+qdrant-java-client-1.19.0,276b496e965c9e9123c0538b70eb0a538ee95047c903080ffb482cc651ca5b2a,dense,branch_diagnostic,preliminary_filtered,literal-citation questions after preliminary technical screening,186,category,268,Акцизы,50,240,191,186,49,14,14,0,1.000000000000,0.964285714286,0.928571428571,0.688582387636
qdrant-native-hybrid-rrf,qdrant-1.19-native-hybrid-rrf-parity,sergeyzh/BERTA+qdrant/bm25,914c8c8aed14042ed890fc2c662d5e9e66b2faa7+qdrant-java-client-1.19.0,276b496e965c9e9123c0538b70eb0a538ee95047c903080ffb482cc651ca5b2a,dense,branch_diagnostic,literal_citation_all,all literal-citation questions,191,category,270,ЕСХН,10,240,191,186,49,16,16,0,1.000000000000,1.000000000000,1.000000000000,0.785922298611
qdrant-native-hybrid-rrf,qdrant-1.19-native-hybrid-rrf-parity,sergeyzh/BERTA+qdrant/bm25,914c8c8aed14042ed890fc2c662d5e9e66b2faa7+qdrant-java-client-1.19.0,276b496e965c9e9123c0538b70eb0a538ee95047c903080ffb482cc651ca5b2a,dense,branch_diagnostic,preliminary_filtered,literal-citation questions after preliminary technical screening,186,category,270,ЕСХН,10,240,191,186,49,16,16,0,1.000000000000,1.000000000000,1.000000000000,0.785922298611
qdrant-native-hybrid-rrf,qdrant-1.19-native-hybrid-rrf-parity,sergeyzh/BERTA+qdrant/bm25,914c8c8aed14042ed890fc2c662d5e9e66b2faa7+qdrant-java-client-1.19.0,276b496e965c9e9123c0538b70eb0a538ee95047c903080ffb482cc651ca5b2a,dense,branch_diagnostic,literal_citation_all,all literal-citation questions,191,category,270,ЕСХН,20,240,191,186,49,16,16,0,1.000000000000,1.000000000000,1.000000000000,0.785922298611
qdrant-native-hybrid-rrf,qdrant-1.19-native-hybrid-rrf-parity,sergeyzh/BERTA+qdrant/bm25,914c8c8aed14042ed890fc2c662d5e9e66b2faa7+qdrant-java-client-1.19.0,276b496e965c9e9123c0538b70eb0a538ee95047c903080ffb482cc651ca5b2a,dense,branch_diagnostic,preliminary_filtered,literal-citation questions after preliminary technical screening,186,category,270,ЕСХН,20,240,191,186,49,16,16,0,1.000000000000,1.000000000000,1.000000000000,0.785922298611
qdrant-native-hybrid-rrf,qdrant-1.19-native-hybrid-rrf-parity,sergeyzh/BERTA+qdrant/bm25,914c8c8aed14042ed890fc2c662d5e9e66b2faa7+qdrant-java-client-1.19.0,276b496e965c9e9123c0538b70eb0a538ee95047c903080ffb482cc651ca5b2a,dense,branch_diagnostic,literal_citation_all,all literal-citation questions,191,category,270,ЕСХН,50,240,191,186,49,16,16,0,1.000000000000,1.000000000000,1.000000000000,0.785922298611
qdrant-native-hybrid-rrf,qdrant-1.19-native-hybrid-rrf-parity,sergeyzh/BERTA+qdrant/bm25,914c8c8aed14042ed890fc2c662d5e9e66b2faa7+qdrant-java-client-1.19.0,276b496e965c9e9123c0538b70eb0a538ee95047c903080ffb482cc651ca5b2a,dense,branch_diagnostic,preliminary_filtered,literal-citation questions after preliminary technical screening,186,category,270,ЕСХН,50,240,191,186,49,16,16,0,1.000000000000,1.000000000000,1.000000000000,0.785922298611
qdrant-native-hybrid-rrf,qdrant-1.19-native-hybrid-rrf-parity,sergeyzh/BERTA+qdrant/bm25,914c8c8aed14042ed890fc2c662d5e9e66b2faa7+qdrant-java-client-1.19.0,276b496e965c9e9123c0538b70eb0a538ee95047c903080ffb482cc651ca5b2a,dense,branch_diagnostic,literal_citation_all,all literal-citation questions,191,category,264,Налог на прибыль,10,240,191,186,49,17,17,0,0.882352941176,0.852941176471,0.823529411765,0.651069909496
qdrant-native-hybrid-rrf,qdrant-1.19-native-hybrid-rrf-parity,sergeyzh/BERTA+qdrant/bm25,914c8c8aed14042ed890fc2c662d5e9e66b2faa7+qdrant-java-client-1.19.0,276b496e965c9e9123c0538b70eb0a538ee95047c903080ffb482cc651ca5b2a,dense,branch_diagnostic,preliminary_filtered,literal-citation questions after preliminary technical screening,186,category,264,Налог на прибыль,10,240,191,186,49,17,17,0,0.882352941176,0.852941176471,0.823529411765,0.651069909496
qdrant-native-hybrid-rrf,qdrant-1.19-native-hybrid-rrf-parity,sergeyzh/BERTA+qdrant/bm25,914c8c8aed14042ed890fc2c662d5e9e66b2faa7+qdrant-java-client-1.19.0,276b496e965c9e9123c0538b70eb0a538ee95047c903080ffb482cc651ca5b2a,dense,branch_diagnostic,literal_citation_all,all literal-citation questions,191,category,264,Налог на прибыль,20,240,191,186,49,17,17,0,0.882352941176,0.852941176471,0.823529411765,0.651069909496
qdrant-native-hybrid-rrf,qdrant-1.19-native-hybrid-rrf-parity,sergeyzh/BERTA+qdrant/bm25,914c8c8aed14042ed890fc2c662d5e9e66b2faa7+qdrant-java-client-1.19.0,276b496e965c9e9123c0538b70eb0a538ee95047c903080ffb482cc651ca5b2a,dense,branch_diagnostic,preliminary_filtered,literal-citation questions after preliminary technical screening,186,category,264,Налог на прибыль,20,240,191,186,49,17,17,0,0.882352941176,0.852941176471,0.823529411765,0.651069909496
qdrant-native-hybrid-rrf,qdrant-1.19-native-hybrid-rrf-parity,sergeyzh/BERTA+qdrant/bm25,914c8c8aed14042ed890fc2c662d5e9e66b2faa7+qdrant-java-client-1.19.0,276b496e965c9e9123c0538b70eb0a538ee95047c903080ffb482cc651ca5b2a,dense,branch_diagnostic,literal_citation_all,all literal-citation questions,191,category,264,Налог на прибыль,50,240,191,186,49,17,17,0,0.882352941176,0.852941176471,0.823529411765,0.651069909496
qdrant-native-hybrid-rrf,qdrant-1.19-native-hybrid-rrf-parity,sergeyzh/BERTA+qdrant/bm25,914c8c8aed14042ed890fc2c662d5e9e66b2faa7+qdrant-java-client-1.19.0,276b496e965c9e9123c0538b70eb0a538ee95047c903080ffb482cc651ca5b2a,dense,branch_diagnostic,preliminary_filtered,literal-citation questions after preliminary technical screening,186,category,264,Налог на прибыль,50,240,191,186,49,17,17,0,0.882352941176,0.852941176471,0.823529411765,0.651069909496
qdrant-native-hybrid-rrf,qdrant-1.19-native-hybrid-rrf-parity,sergeyzh/BERTA+qdrant/bm25,914c8c8aed14042ed890fc2c662d5e9e66b2faa7+qdrant-java-client-1.19.0,276b496e965c9e9123c0538b70eb0a538ee95047c903080ffb482cc651ca5b2a,dense,branch_diagnostic,literal_citation_all,all literal-citation questions,191,category,259,Налог на имущество,10,240,191,186,49,16,16,0,0.812500000000,0.713541666667,0.562500000000,0.531618322941
qdrant-native-hybrid-rrf,qdrant-1.19-native-hybrid-rrf-parity,sergeyzh/BERTA+qdrant/bm25,914c8c8aed14042ed890fc2c662d5e9e66b2faa7+qdrant-java-client-1.19.0,276b496e965c9e9123c0538b70eb0a538ee95047c903080ffb482cc651ca5b2a,dense,branch_diagnostic,preliminary_filtered,literal-citation questions after preliminary technical screening,186,category,259,Налог на имущество,10,240,191,186,49,16,16,0,0.812500000000,0.713541666667,0.562500000000,0.531618322941
qdrant-native-hybrid-rrf,qdrant-1.19-native-hybrid-rrf-parity,sergeyzh/BERTA+qdrant/bm25,914c8c8aed14042ed890fc2c662d5e9e66b2faa7+qdrant-java-client-1.19.0,276b496e965c9e9123c0538b70eb0a538ee95047c903080ffb482cc651ca5b2a,dense,branch_diagnostic,literal_citation_all,all literal-citation questions,191,category,259,Налог на имущество,20,240,191,186,49,16,16,0,0.937500000000,0.906250000000,0.812500000000,0.586474037446
qdrant-native-hybrid-rrf,qdrant-1.19-native-hybrid-rrf-parity,sergeyzh/BERTA+qdrant/bm25,914c8c8aed14042ed890fc2c662d5e9e66b2faa7+qdrant-java-client-1.19.0,276b496e965c9e9123c0538b70eb0a538ee95047c903080ffb482cc651ca5b2a,dense,branch_diagnostic,preliminary_filtered,literal-citation questions after preliminary technical screening,186,category,259,Налог на имущество,20,240,191,186,49,16,16,0,0.937500000000,0.906250000000,0.812500000000,0.586474037446
qdrant-native-hybrid-rrf,qdrant-1.19-native-hybrid-rrf-parity,sergeyzh/BERTA+qdrant/bm25,914c8c8aed14042ed890fc2c662d5e9e66b2faa7+qdrant-java-client-1.19.0,276b496e965c9e9123c0538b70eb0a538ee95047c903080ffb482cc651ca5b2a,dense,branch_diagnostic,literal_citation_all,all literal-citation questions,191,category,259,Налог на имущество,50,240,191,186,49,16,16,0,0.937500000000,0.906250000000,0.812500000000,0.586474037446
qdrant-native-hybrid-rrf,qdrant-1.19-native-hybrid-rrf-parity,sergeyzh/BERTA+qdrant/bm25,914c8c8aed14042ed890fc2c662d5e9e66b2faa7+qdrant-java-client-1.19.0,276b496e965c9e9123c0538b70eb0a538ee95047c903080ffb482cc651ca5b2a,dense,branch_diagnostic,preliminary_filtered,literal-citation questions after preliminary technical screening,186,category,259,Налог на имущество,50,240,191,186,49,16,16,0,0.937500000000,0.906250000000,0.812500000000,0.586474037446
qdrant-native-hybrid-rrf,qdrant-1.19-native-hybrid-rrf-parity,sergeyzh/BERTA+qdrant/bm25,914c8c8aed14042ed890fc2c662d5e9e66b2faa7+qdrant-java-client-1.19.0,276b496e965c9e9123c0538b70eb0a538ee95047c903080ffb482cc651ca5b2a,dense,branch_diagnostic,literal_citation_all,all literal-citation questions,191,category,265,НДС,10,240,191,186,49,12,12,0,0.750000000000,0.666666666667,0.583333333333,0.526645977258
qdrant-native-hybrid-rrf,qdrant-1.19-native-hybrid-rrf-parity,sergeyzh/BERTA+qdrant/bm25,914c8c8aed14042ed890fc2c662d5e9e66b2faa7+qdrant-java-client-1.19.0,276b496e965c9e9123c0538b70eb0a538ee95047c903080ffb482cc651ca5b2a,dense,branch_diagnostic,preliminary_filtered,literal-citation questions after preliminary technical screening,186,category,265,НДС,10,240,191,186,49,12,10,2,0.700000000000,0.600000000000,0.500000000000,0.553286798191
qdrant-native-hybrid-rrf,qdrant-1.19-native-hybrid-rrf-parity,sergeyzh/BERTA+qdrant/bm25,914c8c8aed14042ed890fc2c662d5e9e66b2faa7+qdrant-java-client-1.19.0,276b496e965c9e9123c0538b70eb0a538ee95047c903080ffb482cc651ca5b2a,dense,branch_diagnostic,literal_citation_all,all literal-citation questions,191,category,265,НДС,20,240,191,186,49,12,12,0,0.750000000000,0.708333333333,0.666666666667,0.539724305956
qdrant-native-hybrid-rrf,qdrant-1.19-native-hybrid-rrf-parity,sergeyzh/BERTA+qdrant/bm25,914c8c8aed14042ed890fc2c662d5e9e66b2faa7+qdrant-java-client-1.19.0,276b496e965c9e9123c0538b70eb0a538ee95047c903080ffb482cc651ca5b2a,dense,branch_diagnostic,preliminary_filtered,literal-citation questions after preliminary technical screening,186,category,265,НДС,20,240,191,186,49,12,10,2,0.700000000000,0.650000000000,0.600000000000,0.568980792629
qdrant-native-hybrid-rrf,qdrant-1.19-native-hybrid-rrf-parity,sergeyzh/BERTA+qdrant/bm25,914c8c8aed14042ed890fc2c662d5e9e66b2faa7+qdrant-java-client-1.19.0,276b496e965c9e9123c0538b70eb0a538ee95047c903080ffb482cc651ca5b2a,dense,branch_diagnostic,literal_citation_all,all literal-citation questions,191,category,265,НДС,50,240,191,186,49,12,12,0,0.750000000000,0.750000000000,0.750000000000,0.549028196374
qdrant-native-hybrid-rrf,qdrant-1.19-native-hybrid-rrf-parity,sergeyzh/BERTA+qdrant/bm25,914c8c8aed14042ed890fc2c662d5e9e66b2faa7+qdrant-java-client-1.19.0,276b496e965c9e9123c0538b70eb0a538ee95047c903080ffb482cc651ca5b2a,dense,branch_diagnostic,preliminary_filtered,literal-citation questions after preliminary technical screening,186,category,265,НДС,50,240,191,186,49,12,10,2,0.700000000000,0.700000000000,0.700000000000,0.580145461130
qdrant-native-hybrid-rrf,qdrant-1.19-native-hybrid-rrf-parity,sergeyzh/BERTA+qdrant/bm25,914c8c8aed14042ed890fc2c662d5e9e66b2faa7+qdrant-java-client-1.19.0,276b496e965c9e9123c0538b70eb0a538ee95047c903080ffb482cc651ca5b2a,dense,branch_diagnostic,literal_citation_all,all literal-citation questions,191,category,911,Налог на профессиональный доход,10,240,191,186,49,2,2,0,1.000000000000,1.000000000000,1.000000000000,0.815464876786
qdrant-native-hybrid-rrf,qdrant-1.19-native-hybrid-rrf-parity,sergeyzh/BERTA+qdrant/bm25,914c8c8aed14042ed890fc2c662d5e9e66b2faa7+qdrant-java-client-1.19.0,276b496e965c9e9123c0538b70eb0a538ee95047c903080ffb482cc651ca5b2a,dense,branch_diagnostic,preliminary_filtered,literal-citation questions after preliminary technical screening,186,category,911,Налог на профессиональный доход,10,240,191,186,49,2,2,0,1.000000000000,1.000000000000,1.000000000000,0.815464876786
qdrant-native-hybrid-rrf,qdrant-1.19-native-hybrid-rrf-parity,sergeyzh/BERTA+qdrant/bm25,914c8c8aed14042ed890fc2c662d5e9e66b2faa7+qdrant-java-client-1.19.0,276b496e965c9e9123c0538b70eb0a538ee95047c903080ffb482cc651ca5b2a,dense,branch_diagnostic,literal_citation_all,all literal-citation questions,191,category,911,Налог на профессиональный доход,20,240,191,186,49,2,2,0,1.000000000000,1.000000000000,1.000000000000,0.815464876786
qdrant-native-hybrid-rrf,qdrant-1.19-native-hybrid-rrf-parity,sergeyzh/BERTA+qdrant/bm25,914c8c8aed14042ed890fc2c662d5e9e66b2faa7+qdrant-java-client-1.19.0,276b496e965c9e9123c0538b70eb0a538ee95047c903080ffb482cc651ca5b2a,dense,branch_diagnostic,preliminary_filtered,literal-citation questions after preliminary technical screening,186,category,911,Налог на профессиональный доход,20,240,191,186,49,2,2,0,1.000000000000,1.000000000000,1.000000000000,0.815464876786
qdrant-native-hybrid-rrf,qdrant-1.19-native-hybrid-rrf-parity,sergeyzh/BERTA+qdrant/bm25,914c8c8aed14042ed890fc2c662d5e9e66b2faa7+qdrant-java-client-1.19.0,276b496e965c9e9123c0538b70eb0a538ee95047c903080ffb482cc651ca5b2a,dense,branch_diagnostic,literal_citation_all,all literal-citation questions,191,category,911,Налог на профессиональный доход,50,240,191,186,49,2,2,0,1.000000000000,1.000000000000,1.000000000000,0.815464876786
qdrant-native-hybrid-rrf,qdrant-1.19-native-hybrid-rrf-parity,sergeyzh/BERTA+qdrant/bm25,914c8c8aed14042ed890fc2c662d5e9e66b2faa7+qdrant-java-client-1.19.0,276b496e965c9e9123c0538b70eb0a538ee95047c903080ffb482cc651ca5b2a,dense,branch_diagnostic,preliminary_filtered,literal-citation questions after preliminary technical screening,186,category,911,Налог на профессиональный доход,50,240,191,186,49,2,2,0,1.000000000000,1.000000000000,1.000000000000,0.815464876786
qdrant-native-hybrid-rrf,qdrant-1.19-native-hybrid-rrf-parity,sergeyzh/BERTA+qdrant/bm25,914c8c8aed14042ed890fc2c662d5e9e66b2faa7+qdrant-java-client-1.19.0,276b496e965c9e9123c0538b70eb0a538ee95047c903080ffb482cc651ca5b2a,nativeSparse,branch_diagnostic,literal_citation_all,all literal-citation questions,191,all,all,all,10,240,191,186,49,191,191,0,0.806282722513,0.733682373473,0.670157068063,0.583995880200
qdrant-native-hybrid-rrf,qdrant-1.19-native-hybrid-rrf-parity,sergeyzh/BERTA+qdrant/bm25,914c8c8aed14042ed890fc2c662d5e9e66b2faa7+qdrant-java-client-1.19.0,276b496e965c9e9123c0538b70eb0a538ee95047c903080ffb482cc651ca5b2a,nativeSparse,branch_diagnostic,literal_citation_all,all literal-citation questions,191,multi,multi,multiple citations,10,240,191,186,49,52,52,0,0.807692307692,0.541025641026,0.307692307692,0.457403454518
qdrant-native-hybrid-rrf,qdrant-1.19-native-hybrid-rrf-parity,sergeyzh/BERTA+qdrant/bm25,914c8c8aed14042ed890fc2c662d5e9e66b2faa7+qdrant-java-client-1.19.0,276b496e965c9e9123c0538b70eb0a538ee95047c903080ffb482cc651ca5b2a,nativeSparse,branch_diagnostic,literal_citation_all,all literal-citation questions,191,sensitivity,without_flagged_duplicate,all eligible except flagged duplicate,10,240,191,186,49,239,190,49,0.805263157895,0.732280701754,0.668421052632,0.581806384832
qdrant-native-hybrid-rrf,qdrant-1.19-native-hybrid-rrf-parity,sergeyzh/BERTA+qdrant/bm25,914c8c8aed14042ed890fc2c662d5e9e66b2faa7+qdrant-java-client-1.19.0,276b496e965c9e9123c0538b70eb0a538ee95047c903080ffb482cc651ca5b2a,nativeSparse,branch_diagnostic,literal_citation_all,all literal-citation questions,191,category,267,УСН,10,240,191,186,49,17,17,0,0.705882352941,0.509803921569,0.352941176471,0.429951104144
qdrant-native-hybrid-rrf,qdrant-1.19-native-hybrid-rrf-parity,sergeyzh/BERTA+qdrant/bm25,914c8c8aed14042ed890fc2c662d5e9e66b2faa7+qdrant-java-client-1.19.0,276b496e965c9e9123c0538b70eb0a538ee95047c903080ffb482cc651ca5b2a,nativeSparse,branch_diagnostic,preliminary_filtered,literal-citation questions after preliminary technical screening,186,all,all,all,10,240,191,186,49,191,186,5,0.811827956989,0.739964157706,0.677419354839,0.590637835599
qdrant-native-hybrid-rrf,qdrant-1.19-native-hybrid-rrf-parity,sergeyzh/BERTA+qdrant/bm25,914c8c8aed14042ed890fc2c662d5e9e66b2faa7+qdrant-java-client-1.19.0,276b496e965c9e9123c0538b70eb0a538ee95047c903080ffb482cc651ca5b2a,nativeSparse,branch_diagnostic,preliminary_filtered,literal-citation questions after preliminary technical screening,186,multi,multi,multiple citations,10,240,191,186,49,52,51,1,0.803921568627,0.541830065359,0.313725490196,0.462753018395
qdrant-native-hybrid-rrf,qdrant-1.19-native-hybrid-rrf-parity,sergeyzh/BERTA+qdrant/bm25,914c8c8aed14042ed890fc2c662d5e9e66b2faa7+qdrant-java-client-1.19.0,276b496e965c9e9123c0538b70eb0a538ee95047c903080ffb482cc651ca5b2a,nativeSparse,branch_diagnostic,preliminary_filtered,literal-citation questions after preliminary technical screening,186,sensitivity,without_flagged_duplicate,all eligible except flagged duplicate,10,240,191,186,49,239,185,54,0.810810810811,0.738558558559,0.675675675676,0.588425067142
qdrant-native-hybrid-rrf,qdrant-1.19-native-hybrid-rrf-parity,sergeyzh/BERTA+qdrant/bm25,914c8c8aed14042ed890fc2c662d5e9e66b2faa7+qdrant-java-client-1.19.0,276b496e965c9e9123c0538b70eb0a538ee95047c903080ffb482cc651ca5b2a,nativeSparse,branch_diagnostic,preliminary_filtered,literal-citation questions after preliminary technical screening,186,category,267,УСН,10,240,191,186,49,17,16,1,0.750000000000,0.541666666667,0.375000000000,0.456823048153
qdrant-native-hybrid-rrf,qdrant-1.19-native-hybrid-rrf-parity,sergeyzh/BERTA+qdrant/bm25,914c8c8aed14042ed890fc2c662d5e9e66b2faa7+qdrant-java-client-1.19.0,276b496e965c9e9123c0538b70eb0a538ee95047c903080ffb482cc651ca5b2a,nativeSparse,branch_diagnostic,literal_citation_all,all literal-citation questions,191,all,all,all,20,240,191,186,49,191,191,0,0.869109947644,0.798603839442,0.722513089005,0.603920682734
qdrant-native-hybrid-rrf,qdrant-1.19-native-hybrid-rrf-parity,sergeyzh/BERTA+qdrant/bm25,914c8c8aed14042ed890fc2c662d5e9e66b2faa7+qdrant-java-client-1.19.0,276b496e965c9e9123c0538b70eb0a538ee95047c903080ffb482cc651ca5b2a,nativeSparse,branch_diagnostic,literal_citation_all,all literal-citation questions,191,multi,multi,multiple citations,20,240,191,186,49,52,52,0,0.923076923077,0.664102564103,0.384615384615,0.500081167291
qdrant-native-hybrid-rrf,qdrant-1.19-native-hybrid-rrf-parity,sergeyzh/BERTA+qdrant/bm25,914c8c8aed14042ed890fc2c662d5e9e66b2faa7+qdrant-java-client-1.19.0,276b496e965c9e9123c0538b70eb0a538ee95047c903080ffb482cc651ca5b2a,nativeSparse,branch_diagnostic,literal_citation_all,all literal-citation questions,191,sensitivity,without_flagged_duplicate,all eligible except flagged duplicate,20,240,191,186,49,239,190,49,0.868421052632,0.797543859649,0.721052631579,0.601836054748
qdrant-native-hybrid-rrf,qdrant-1.19-native-hybrid-rrf-parity,sergeyzh/BERTA+qdrant/bm25,914c8c8aed14042ed890fc2c662d5e9e66b2faa7+qdrant-java-client-1.19.0,276b496e965c9e9123c0538b70eb0a538ee95047c903080ffb482cc651ca5b2a,nativeSparse,branch_diagnostic,literal_citation_all,all literal-citation questions,191,category,267,УСН,20,240,191,186,49,17,17,0,0.764705882353,0.598039215686,0.411764705882,0.458745347789
qdrant-native-hybrid-rrf,qdrant-1.19-native-hybrid-rrf-parity,sergeyzh/BERTA+qdrant/bm25,914c8c8aed14042ed890fc2c662d5e9e66b2faa7+qdrant-java-client-1.19.0,276b496e965c9e9123c0538b70eb0a538ee95047c903080ffb482cc651ca5b2a,nativeSparse,branch_diagnostic,preliminary_filtered,literal-citation questions after preliminary technical screening,186,all,all,all,20,240,191,186,49,191,186,5,0.876344086022,0.806630824373,0.731182795699,0.611098251104
qdrant-native-hybrid-rrf,qdrant-1.19-native-hybrid-rrf-parity,sergeyzh/BERTA+qdrant/bm25,914c8c8aed14042ed890fc2c662d5e9e66b2faa7+qdrant-java-client-1.19.0,276b496e965c9e9123c0538b70eb0a538ee95047c903080ffb482cc651ca5b2a,nativeSparse,branch_diagnostic,preliminary_filtered,literal-citation questions after preliminary technical screening,186,multi,multi,multiple citations,20,240,191,186,49,52,51,1,0.921568627451,0.667320261438,0.392156862745,0.506267549066
qdrant-native-hybrid-rrf,qdrant-1.19-native-hybrid-rrf-parity,sergeyzh/BERTA+qdrant/bm25,914c8c8aed14042ed890fc2c662d5e9e66b2faa7+qdrant-java-client-1.19.0,276b496e965c9e9123c0538b70eb0a538ee95047c903080ffb482cc651ca5b2a,nativeSparse,branch_diagnostic,preliminary_filtered,literal-citation questions after preliminary technical screening,186,sensitivity,without_flagged_duplicate,all eligible except flagged duplicate,20,240,191,186,49,239,185,54,0.875675675676,0.805585585586,0.729729729730,0.608996079488
qdrant-native-hybrid-rrf,qdrant-1.19-native-hybrid-rrf-parity,sergeyzh/BERTA+qdrant/bm25,914c8c8aed14042ed890fc2c662d5e9e66b2faa7+qdrant-java-client-1.19.0,276b496e965c9e9123c0538b70eb0a538ee95047c903080ffb482cc651ca5b2a,nativeSparse,branch_diagnostic,preliminary_filtered,literal-citation questions after preliminary technical screening,186,category,267,УСН,20,240,191,186,49,17,16,1,0.812500000000,0.635416666667,0.437500000000,0.487416932025
qdrant-native-hybrid-rrf,qdrant-1.19-native-hybrid-rrf-parity,sergeyzh/BERTA+qdrant/bm25,914c8c8aed14042ed890fc2c662d5e9e66b2faa7+qdrant-java-client-1.19.0,276b496e965c9e9123c0538b70eb0a538ee95047c903080ffb482cc651ca5b2a,nativeSparse,branch_diagnostic,literal_citation_all,all literal-citation questions,191,all,all,all,50,240,191,186,49,191,191,0,0.942408376963,0.884118673647,0.821989528796,0.622957666576
qdrant-native-hybrid-rrf,qdrant-1.19-native-hybrid-rrf-parity,sergeyzh/BERTA+qdrant/bm25,914c8c8aed14042ed890fc2c662d5e9e66b2faa7+qdrant-java-client-1.19.0,276b496e965c9e9123c0538b70eb0a538ee95047c903080ffb482cc651ca5b2a,nativeSparse,branch_diagnostic,literal_citation_all,all literal-citation questions,191,multi,multi,multiple citations,50,240,191,186,49,52,52,0,1.000000000000,0.785897435897,0.557692307692,0.530988569336
qdrant-native-hybrid-rrf,qdrant-1.19-native-hybrid-rrf-parity,sergeyzh/BERTA+qdrant/bm25,914c8c8aed14042ed890fc2c662d5e9e66b2faa7+qdrant-java-client-1.19.0,276b496e965c9e9123c0538b70eb0a538ee95047c903080ffb482cc651ca5b2a,nativeSparse,branch_diagnostic,literal_citation_all,all literal-citation questions,191,sensitivity,without_flagged_duplicate,all eligible except flagged duplicate,50,240,191,186,49,239,190,49,0.942105263158,0.883508771930,0.821052631579,0.620973233243
qdrant-native-hybrid-rrf,qdrant-1.19-native-hybrid-rrf-parity,sergeyzh/BERTA+qdrant/bm25,914c8c8aed14042ed890fc2c662d5e9e66b2faa7+qdrant-java-client-1.19.0,276b496e965c9e9123c0538b70eb0a538ee95047c903080ffb482cc651ca5b2a,nativeSparse,branch_diagnostic,literal_citation_all,all literal-citation questions,191,category,267,УСН,50,240,191,186,49,17,17,0,0.941176470588,0.745098039216,0.588235294118,0.493182606514
qdrant-native-hybrid-rrf,qdrant-1.19-native-hybrid-rrf-parity,sergeyzh/BERTA+qdrant/bm25,914c8c8aed14042ed890fc2c662d5e9e66b2faa7+qdrant-java-client-1.19.0,276b496e965c9e9123c0538b70eb0a538ee95047c903080ffb482cc651ca5b2a,nativeSparse,branch_diagnostic,preliminary_filtered,literal-citation questions after preliminary technical screening,186,all,all,all,50,240,191,186,49,191,186,5,0.940860215054,0.881003584229,0.817204301075,0.627838080461
qdrant-native-hybrid-rrf,qdrant-1.19-native-hybrid-rrf-parity,sergeyzh/BERTA+qdrant/bm25,914c8c8aed14042ed890fc2c662d5e9e66b2faa7+qdrant-java-client-1.19.0,276b496e965c9e9123c0538b70eb0a538ee95047c903080ffb482cc651ca5b2a,nativeSparse,branch_diagnostic,preliminary_filtered,literal-citation questions after preliminary technical screening,186,multi,multi,multiple citations,50,240,191,186,49,52,51,1,1.000000000000,0.781699346405,0.549019607843,0.535473156047
qdrant-native-hybrid-rrf,qdrant-1.19-native-hybrid-rrf-parity,sergeyzh/BERTA+qdrant/bm25,914c8c8aed14042ed890fc2c662d5e9e66b2faa7+qdrant-java-client-1.19.0,276b496e965c9e9123c0538b70eb0a538ee95047c903080ffb482cc651ca5b2a,nativeSparse,branch_diagnostic,preliminary_filtered,literal-citation questions after preliminary technical screening,186,sensitivity,without_flagged_duplicate,all eligible except flagged duplicate,50,240,191,186,49,239,185,54,0.940540540541,0.880360360360,0.816216216216,0.625826394410
qdrant-native-hybrid-rrf,qdrant-1.19-native-hybrid-rrf-parity,sergeyzh/BERTA+qdrant/bm25,914c8c8aed14042ed890fc2c662d5e9e66b2faa7+qdrant-java-client-1.19.0,276b496e965c9e9123c0538b70eb0a538ee95047c903080ffb482cc651ca5b2a,nativeSparse,branch_diagnostic,preliminary_filtered,literal-citation questions after preliminary technical screening,186,category,267,УСН,50,240,191,186,49,17,16,1,0.937500000000,0.729166666667,0.562500000000,0.512340743719
qdrant-native-hybrid-rrf,qdrant-1.19-native-hybrid-rrf-parity,sergeyzh/BERTA+qdrant/bm25,914c8c8aed14042ed890fc2c662d5e9e66b2faa7+qdrant-java-client-1.19.0,276b496e965c9e9123c0538b70eb0a538ee95047c903080ffb482cc651ca5b2a,nativeSparse,branch_diagnostic,literal_citation_all,all literal-citation questions,191,single,single,single citation,10,240,191,186,49,139,139,0,0.805755395683,0.805755395683,0.805755395683,0.631354197721
qdrant-native-hybrid-rrf,qdrant-1.19-native-hybrid-rrf-parity,sergeyzh/BERTA+qdrant/bm25,914c8c8aed14042ed890fc2c662d5e9e66b2faa7+qdrant-java-client-1.19.0,276b496e965c9e9123c0538b70eb0a538ee95047c903080ffb482cc651ca5b2a,nativeSparse,branch_diagnostic,literal_citation_all,all literal-citation questions,191,category,705,Налоговый контроль,10,240,191,186,49,12,12,0,1.000000000000,0.958333333333,0.916666666667,0.790777470343
qdrant-native-hybrid-rrf,qdrant-1.19-native-hybrid-rrf-parity,sergeyzh/BERTA+qdrant/bm25,914c8c8aed14042ed890fc2c662d5e9e66b2faa7+qdrant-java-client-1.19.0,276b496e965c9e9123c0538b70eb0a538ee95047c903080ffb482cc651ca5b2a,nativeSparse,branch_diagnostic,preliminary_filtered,literal-citation questions after preliminary technical screening,186,single,single,single citation,10,240,191,186,49,139,135,4,0.814814814815,0.814814814815,0.814814814815,0.638949877653
qdrant-native-hybrid-rrf,qdrant-1.19-native-hybrid-rrf-parity,sergeyzh/BERTA+qdrant/bm25,914c8c8aed14042ed890fc2c662d5e9e66b2faa7+qdrant-java-client-1.19.0,276b496e965c9e9123c0538b70eb0a538ee95047c903080ffb482cc651ca5b2a,nativeSparse,branch_diagnostic,preliminary_filtered,literal-citation questions after preliminary technical screening,186,category,705,Налоговый контроль,10,240,191,186,49,12,12,0,1.000000000000,0.958333333333,0.916666666667,0.790777470343
qdrant-native-hybrid-rrf,qdrant-1.19-native-hybrid-rrf-parity,sergeyzh/BERTA+qdrant/bm25,914c8c8aed14042ed890fc2c662d5e9e66b2faa7+qdrant-java-client-1.19.0,276b496e965c9e9123c0538b70eb0a538ee95047c903080ffb482cc651ca5b2a,nativeSparse,branch_diagnostic,literal_citation_all,all literal-citation questions,191,single,single,single citation,20,240,191,186,49,139,139,0,0.848920863309,0.848920863309,0.848920863309,0.642767120165
qdrant-native-hybrid-rrf,qdrant-1.19-native-hybrid-rrf-parity,sergeyzh/BERTA+qdrant/bm25,914c8c8aed14042ed890fc2c662d5e9e66b2faa7+qdrant-java-client-1.19.0,276b496e965c9e9123c0538b70eb0a538ee95047c903080ffb482cc651ca5b2a,nativeSparse,branch_diagnostic,literal_citation_all,all literal-citation questions,191,category,705,Налоговый контроль,20,240,191,186,49,12,12,0,1.000000000000,0.958333333333,0.916666666667,0.790777470343
qdrant-native-hybrid-rrf,qdrant-1.19-native-hybrid-rrf-parity,sergeyzh/BERTA+qdrant/bm25,914c8c8aed14042ed890fc2c662d5e9e66b2faa7+qdrant-java-client-1.19.0,276b496e965c9e9123c0538b70eb0a538ee95047c903080ffb482cc651ca5b2a,nativeSparse,branch_diagnostic,preliminary_filtered,literal-citation questions after preliminary technical screening,186,single,single,single citation,20,240,191,186,49,139,135,4,0.859259259259,0.859259259259,0.859259259259,0.650700960763
qdrant-native-hybrid-rrf,qdrant-1.19-native-hybrid-rrf-parity,sergeyzh/BERTA+qdrant/bm25,914c8c8aed14042ed890fc2c662d5e9e66b2faa7+qdrant-java-client-1.19.0,276b496e965c9e9123c0538b70eb0a538ee95047c903080ffb482cc651ca5b2a,nativeSparse,branch_diagnostic,preliminary_filtered,literal-citation questions after preliminary technical screening,186,category,705,Налоговый контроль,20,240,191,186,49,12,12,0,1.000000000000,0.958333333333,0.916666666667,0.790777470343
qdrant-native-hybrid-rrf,qdrant-1.19-native-hybrid-rrf-parity,sergeyzh/BERTA+qdrant/bm25,914c8c8aed14042ed890fc2c662d5e9e66b2faa7+qdrant-java-client-1.19.0,276b496e965c9e9123c0538b70eb0a538ee95047c903080ffb482cc651ca5b2a,nativeSparse,branch_diagnostic,literal_citation_all,all literal-citation questions,191,single,single,single citation,50,240,191,186,49,139,139,0,0.920863309353,0.920863309353,0.920863309353,0.657363372019
qdrant-native-hybrid-rrf,qdrant-1.19-native-hybrid-rrf-parity,sergeyzh/BERTA+qdrant/bm25,914c8c8aed14042ed890fc2c662d5e9e66b2faa7+qdrant-java-client-1.19.0,276b496e965c9e9123c0538b70eb0a538ee95047c903080ffb482cc651ca5b2a,nativeSparse,branch_diagnostic,literal_citation_all,all literal-citation questions,191,category,705,Налоговый контроль,50,240,191,186,49,12,12,0,1.000000000000,0.958333333333,0.916666666667,0.790777470343
qdrant-native-hybrid-rrf,qdrant-1.19-native-hybrid-rrf-parity,sergeyzh/BERTA+qdrant/bm25,914c8c8aed14042ed890fc2c662d5e9e66b2faa7+qdrant-java-client-1.19.0,276b496e965c9e9123c0538b70eb0a538ee95047c903080ffb482cc651ca5b2a,nativeSparse,branch_diagnostic,preliminary_filtered,literal-citation questions after preliminary technical screening,186,single,single,single citation,50,240,191,186,49,139,135,4,0.918518518519,0.918518518519,0.918518518519,0.662731496351
qdrant-native-hybrid-rrf,qdrant-1.19-native-hybrid-rrf-parity,sergeyzh/BERTA+qdrant/bm25,914c8c8aed14042ed890fc2c662d5e9e66b2faa7+qdrant-java-client-1.19.0,276b496e965c9e9123c0538b70eb0a538ee95047c903080ffb482cc651ca5b2a,nativeSparse,branch_diagnostic,preliminary_filtered,literal-citation questions after preliminary technical screening,186,category,705,Налоговый контроль,50,240,191,186,49,12,12,0,1.000000000000,0.958333333333,0.916666666667,0.790777470343
qdrant-native-hybrid-rrf,qdrant-1.19-native-hybrid-rrf-parity,sergeyzh/BERTA+qdrant/bm25,914c8c8aed14042ed890fc2c662d5e9e66b2faa7+qdrant-java-client-1.19.0,276b496e965c9e9123c0538b70eb0a538ee95047c903080ffb482cc651ca5b2a,nativeSparse,branch_diagnostic,literal_citation_all,all literal-citation questions,191,category,263,НДФЛ,10,240,191,186,49,15,15,0,0.933333333333,0.855555555556,0.800000000000,0.810847008643
qdrant-native-hybrid-rrf,qdrant-1.19-native-hybrid-rrf-parity,sergeyzh/BERTA+qdrant/bm25,914c8c8aed14042ed890fc2c662d5e9e66b2faa7+qdrant-java-client-1.19.0,276b496e965c9e9123c0538b70eb0a538ee95047c903080ffb482cc651ca5b2a,nativeSparse,branch_diagnostic,preliminary_filtered,literal-citation questions after preliminary technical screening,186,category,263,НДФЛ,10,240,191,186,49,15,15,0,0.933333333333,0.855555555556,0.800000000000,0.810847008643
qdrant-native-hybrid-rrf,qdrant-1.19-native-hybrid-rrf-parity,sergeyzh/BERTA+qdrant/bm25,914c8c8aed14042ed890fc2c662d5e9e66b2faa7+qdrant-java-client-1.19.0,276b496e965c9e9123c0538b70eb0a538ee95047c903080ffb482cc651ca5b2a,nativeSparse,branch_diagnostic,literal_citation_all,all literal-citation questions,191,category,263,НДФЛ,20,240,191,186,49,15,15,0,0.933333333333,0.877777777778,0.800000000000,0.818854719029
qdrant-native-hybrid-rrf,qdrant-1.19-native-hybrid-rrf-parity,sergeyzh/BERTA+qdrant/bm25,914c8c8aed14042ed890fc2c662d5e9e66b2faa7+qdrant-java-client-1.19.0,276b496e965c9e9123c0538b70eb0a538ee95047c903080ffb482cc651ca5b2a,nativeSparse,branch_diagnostic,preliminary_filtered,literal-citation questions after preliminary technical screening,186,category,263,НДФЛ,20,240,191,186,49,15,15,0,0.933333333333,0.877777777778,0.800000000000,0.818854719029
qdrant-native-hybrid-rrf,qdrant-1.19-native-hybrid-rrf-parity,sergeyzh/BERTA+qdrant/bm25,914c8c8aed14042ed890fc2c662d5e9e66b2faa7+qdrant-java-client-1.19.0,276b496e965c9e9123c0538b70eb0a538ee95047c903080ffb482cc651ca5b2a,nativeSparse,branch_diagnostic,literal_citation_all,all literal-citation questions,191,category,263,НДФЛ,50,240,191,186,49,15,15,0,1.000000000000,0.911111111111,0.800000000000,0.829724727324
qdrant-native-hybrid-rrf,qdrant-1.19-native-hybrid-rrf-parity,sergeyzh/BERTA+qdrant/bm25,914c8c8aed14042ed890fc2c662d5e9e66b2faa7+qdrant-java-client-1.19.0,276b496e965c9e9123c0538b70eb0a538ee95047c903080ffb482cc651ca5b2a,nativeSparse,branch_diagnostic,preliminary_filtered,literal-citation questions after preliminary technical screening,186,category,263,НДФЛ,50,240,191,186,49,15,15,0,1.000000000000,0.911111111111,0.800000000000,0.829724727324
qdrant-native-hybrid-rrf,qdrant-1.19-native-hybrid-rrf-parity,sergeyzh/BERTA+qdrant/bm25,914c8c8aed14042ed890fc2c662d5e9e66b2faa7+qdrant-java-client-1.19.0,276b496e965c9e9123c0538b70eb0a538ee95047c903080ffb482cc651ca5b2a,nativeSparse,branch_diagnostic,literal_citation_all,all literal-citation questions,191,category,704,Трансфертное ценообразование,10,240,191,186,49,17,17,0,0.941176470588,0.941176470588,0.941176470588,0.791085830522
qdrant-native-hybrid-rrf,qdrant-1.19-native-hybrid-rrf-parity,sergeyzh/BERTA+qdrant/bm25,914c8c8aed14042ed890fc2c662d5e9e66b2faa7+qdrant-java-client-1.19.0,276b496e965c9e9123c0538b70eb0a538ee95047c903080ffb482cc651ca5b2a,nativeSparse,branch_diagnostic,preliminary_filtered,literal-citation questions after preliminary technical screening,186,category,704,Трансфертное ценообразование,10,240,191,186,49,17,17,0,0.941176470588,0.941176470588,0.941176470588,0.791085830522
qdrant-native-hybrid-rrf,qdrant-1.19-native-hybrid-rrf-parity,sergeyzh/BERTA+qdrant/bm25,914c8c8aed14042ed890fc2c662d5e9e66b2faa7+qdrant-java-client-1.19.0,276b496e965c9e9123c0538b70eb0a538ee95047c903080ffb482cc651ca5b2a,nativeSparse,branch_diagnostic,literal_citation_all,all literal-citation questions,191,category,704,Трансфертное ценообразование,20,240,191,186,49,17,17,0,0.941176470588,0.941176470588,0.941176470588,0.791085830522
qdrant-native-hybrid-rrf,qdrant-1.19-native-hybrid-rrf-parity,sergeyzh/BERTA+qdrant/bm25,914c8c8aed14042ed890fc2c662d5e9e66b2faa7+qdrant-java-client-1.19.0,276b496e965c9e9123c0538b70eb0a538ee95047c903080ffb482cc651ca5b2a,nativeSparse,branch_diagnostic,preliminary_filtered,literal-citation questions after preliminary technical screening,186,category,704,Трансфертное ценообразование,20,240,191,186,49,17,17,0,0.941176470588,0.941176470588,0.941176470588,0.791085830522
qdrant-native-hybrid-rrf,qdrant-1.19-native-hybrid-rrf-parity,sergeyzh/BERTA+qdrant/bm25,914c8c8aed14042ed890fc2c662d5e9e66b2faa7+qdrant-java-client-1.19.0,276b496e965c9e9123c0538b70eb0a538ee95047c903080ffb482cc651ca5b2a,nativeSparse,branch_diagnostic,literal_citation_all,all literal-citation questions,191,category,704,Трансфертное ценообразование,50,240,191,186,49,17,17,0,1.000000000000,1.000000000000,1.000000000000,0.802138879035
qdrant-native-hybrid-rrf,qdrant-1.19-native-hybrid-rrf-parity,sergeyzh/BERTA+qdrant/bm25,914c8c8aed14042ed890fc2c662d5e9e66b2faa7+qdrant-java-client-1.19.0,276b496e965c9e9123c0538b70eb0a538ee95047c903080ffb482cc651ca5b2a,nativeSparse,branch_diagnostic,preliminary_filtered,literal-citation questions after preliminary technical screening,186,category,704,Трансфертное ценообразование,50,240,191,186,49,17,17,0,1.000000000000,1.000000000000,1.000000000000,0.802138879035
qdrant-native-hybrid-rrf,qdrant-1.19-native-hybrid-rrf-parity,sergeyzh/BERTA+qdrant/bm25,914c8c8aed14042ed890fc2c662d5e9e66b2faa7+qdrant-java-client-1.19.0,276b496e965c9e9123c0538b70eb0a538ee95047c903080ffb482cc651ca5b2a,nativeSparse,branch_diagnostic,literal_citation_all,all literal-citation questions,191,category,246,Урегулирование задолженности,10,240,191,186,49,9,9,0,0.777777777778,0.722222222222,0.666666666667,0.474373810850
qdrant-native-hybrid-rrf,qdrant-1.19-native-hybrid-rrf-parity,sergeyzh/BERTA+qdrant/bm25,914c8c8aed14042ed890fc2c662d5e9e66b2faa7+qdrant-java-client-1.19.0,276b496e965c9e9123c0538b70eb0a538ee95047c903080ffb482cc651ca5b2a,nativeSparse,branch_diagnostic,preliminary_filtered,literal-citation questions after preliminary technical screening,186,category,246,Урегулирование задолженности,10,240,191,186,49,9,9,0,0.777777777778,0.722222222222,0.666666666667,0.474373810850
qdrant-native-hybrid-rrf,qdrant-1.19-native-hybrid-rrf-parity,sergeyzh/BERTA+qdrant/bm25,914c8c8aed14042ed890fc2c662d5e9e66b2faa7+qdrant-java-client-1.19.0,276b496e965c9e9123c0538b70eb0a538ee95047c903080ffb482cc651ca5b2a,nativeSparse,branch_diagnostic,literal_citation_all,all literal-citation questions,191,category,246,Урегулирование задолженности,20,240,191,186,49,9,9,0,0.777777777778,0.722222222222,0.666666666667,0.474373810850
qdrant-native-hybrid-rrf,qdrant-1.19-native-hybrid-rrf-parity,sergeyzh/BERTA+qdrant/bm25,914c8c8aed14042ed890fc2c662d5e9e66b2faa7+qdrant-java-client-1.19.0,276b496e965c9e9123c0538b70eb0a538ee95047c903080ffb482cc651ca5b2a,nativeSparse,branch_diagnostic,preliminary_filtered,literal-citation questions after preliminary technical screening,186,category,246,Урегулирование задолженности,20,240,191,186,49,9,9,0,0.777777777778,0.722222222222,0.666666666667,0.474373810850
qdrant-native-hybrid-rrf,qdrant-1.19-native-hybrid-rrf-parity,sergeyzh/BERTA+qdrant/bm25,914c8c8aed14042ed890fc2c662d5e9e66b2faa7+qdrant-java-client-1.19.0,276b496e965c9e9123c0538b70eb0a538ee95047c903080ffb482cc651ca5b2a,nativeSparse,branch_diagnostic,literal_citation_all,all literal-citation questions,191,category,246,Урегулирование задолженности,50,240,191,186,49,9,9,0,0.777777777778,0.777777777778,0.777777777778,0.487089966625
qdrant-native-hybrid-rrf,qdrant-1.19-native-hybrid-rrf-parity,sergeyzh/BERTA+qdrant/bm25,914c8c8aed14042ed890fc2c662d5e9e66b2faa7+qdrant-java-client-1.19.0,276b496e965c9e9123c0538b70eb0a538ee95047c903080ffb482cc651ca5b2a,nativeSparse,branch_diagnostic,preliminary_filtered,literal-citation questions after preliminary technical screening,186,category,246,Урегулирование задолженности,50,240,191,186,49,9,9,0,0.777777777778,0.777777777778,0.777777777778,0.487089966625
qdrant-native-hybrid-rrf,qdrant-1.19-native-hybrid-rrf-parity,sergeyzh/BERTA+qdrant/bm25,914c8c8aed14042ed890fc2c662d5e9e66b2faa7+qdrant-java-client-1.19.0,276b496e965c9e9123c0538b70eb0a538ee95047c903080ffb482cc651ca5b2a,nativeSparse,branch_diagnostic,literal_citation_all,all literal-citation questions,191,category,1028,Единый налоговый счет,10,240,191,186,49,14,14,0,0.642857142857,0.523809523810,0.428571428571,0.366402708777
qdrant-native-hybrid-rrf,qdrant-1.19-native-hybrid-rrf-parity,sergeyzh/BERTA+qdrant/bm25,914c8c8aed14042ed890fc2c662d5e9e66b2faa7+qdrant-java-client-1.19.0,276b496e965c9e9123c0538b70eb0a538ee95047c903080ffb482cc651ca5b2a,nativeSparse,branch_diagnostic,preliminary_filtered,literal-citation questions after preliminary technical screening,186,category,1028,Единый налоговый счет,10,240,191,186,49,14,13,1,0.615384615385,0.525641025641,0.461538461538,0.380389402007
qdrant-native-hybrid-rrf,qdrant-1.19-native-hybrid-rrf-parity,sergeyzh/BERTA+qdrant/bm25,914c8c8aed14042ed890fc2c662d5e9e66b2faa7+qdrant-java-client-1.19.0,276b496e965c9e9123c0538b70eb0a538ee95047c903080ffb482cc651ca5b2a,nativeSparse,branch_diagnostic,literal_citation_all,all literal-citation questions,191,category,1028,Единый налоговый счет,20,240,191,186,49,14,14,0,0.857142857143,0.690476190476,0.500000000000,0.421476587864
qdrant-native-hybrid-rrf,qdrant-1.19-native-hybrid-rrf-parity,sergeyzh/BERTA+qdrant/bm25,914c8c8aed14042ed890fc2c662d5e9e66b2faa7+qdrant-java-client-1.19.0,276b496e965c9e9123c0538b70eb0a538ee95047c903080ffb482cc651ca5b2a,nativeSparse,branch_diagnostic,preliminary_filtered,literal-citation questions after preliminary technical screening,186,category,1028,Единый налоговый счет,20,240,191,186,49,14,13,1,0.846153846154,0.705128205128,0.538461538462,0.439699733332
qdrant-native-hybrid-rrf,qdrant-1.19-native-hybrid-rrf-parity,sergeyzh/BERTA+qdrant/bm25,914c8c8aed14042ed890fc2c662d5e9e66b2faa7+qdrant-java-client-1.19.0,276b496e965c9e9123c0538b70eb0a538ee95047c903080ffb482cc651ca5b2a,nativeSparse,branch_diagnostic,literal_citation_all,all literal-citation questions,191,category,1028,Единый налоговый счет,50,240,191,186,49,14,14,0,1.000000000000,0.904761904762,0.785714285714,0.467476793731
qdrant-native-hybrid-rrf,qdrant-1.19-native-hybrid-rrf-parity,sergeyzh/BERTA+qdrant/bm25,914c8c8aed14042ed890fc2c662d5e9e66b2faa7+qdrant-java-client-1.19.0,276b496e965c9e9123c0538b70eb0a538ee95047c903080ffb482cc651ca5b2a,nativeSparse,branch_diagnostic,preliminary_filtered,literal-citation questions after preliminary technical screening,186,category,1028,Единый налоговый счет,50,240,191,186,49,14,13,1,1.000000000000,0.897435897436,0.769230769231,0.480184651166
qdrant-native-hybrid-rrf,qdrant-1.19-native-hybrid-rrf-parity,sergeyzh/BERTA+qdrant/bm25,914c8c8aed14042ed890fc2c662d5e9e66b2faa7+qdrant-java-client-1.19.0,276b496e965c9e9123c0538b70eb0a538ee95047c903080ffb482cc651ca5b2a,nativeSparse,branch_diagnostic,literal_citation_all,all literal-citation questions,191,category,746,Патентная система,10,240,191,186,49,16,16,0,0.812500000000,0.627083333333,0.500000000000,0.533259146013
qdrant-native-hybrid-rrf,qdrant-1.19-native-hybrid-rrf-parity,sergeyzh/BERTA+qdrant/bm25,914c8c8aed14042ed890fc2c662d5e9e66b2faa7+qdrant-java-client-1.19.0,276b496e965c9e9123c0538b70eb0a538ee95047c903080ffb482cc651ca5b2a,nativeSparse,branch_diagnostic,preliminary_filtered,literal-citation questions after preliminary technical screening,186,category,746,Патентная система,10,240,191,186,49,16,16,0,0.812500000000,0.627083333333,0.500000000000,0.533259146013
qdrant-native-hybrid-rrf,qdrant-1.19-native-hybrid-rrf-parity,sergeyzh/BERTA+qdrant/bm25,914c8c8aed14042ed890fc2c662d5e9e66b2faa7+qdrant-java-client-1.19.0,276b496e965c9e9123c0538b70eb0a538ee95047c903080ffb482cc651ca5b2a,nativeSparse,branch_diagnostic,literal_citation_all,all literal-citation questions,191,category,746,Патентная система,20,240,191,186,49,16,16,0,0.875000000000,0.689583333333,0.562500000000,0.549256522564
qdrant-native-hybrid-rrf,qdrant-1.19-native-hybrid-rrf-parity,sergeyzh/BERTA+qdrant/bm25,914c8c8aed14042ed890fc2c662d5e9e66b2faa7+qdrant-java-client-1.19.0,276b496e965c9e9123c0538b70eb0a538ee95047c903080ffb482cc651ca5b2a,nativeSparse,branch_diagnostic,preliminary_filtered,literal-citation questions after preliminary technical screening,186,category,746,Патентная система,20,240,191,186,49,16,16,0,0.875000000000,0.689583333333,0.562500000000,0.549256522564
qdrant-native-hybrid-rrf,qdrant-1.19-native-hybrid-rrf-parity,sergeyzh/BERTA+qdrant/bm25,914c8c8aed14042ed890fc2c662d5e9e66b2faa7+qdrant-java-client-1.19.0,276b496e965c9e9123c0538b70eb0a538ee95047c903080ffb482cc651ca5b2a,nativeSparse,branch_diagnostic,literal_citation_all,all literal-citation questions,191,category,746,Патентная система,50,240,191,186,49,16,16,0,0.937500000000,0.804166666667,0.687500000000,0.576498784026
qdrant-native-hybrid-rrf,qdrant-1.19-native-hybrid-rrf-parity,sergeyzh/BERTA+qdrant/bm25,914c8c8aed14042ed890fc2c662d5e9e66b2faa7+qdrant-java-client-1.19.0,276b496e965c9e9123c0538b70eb0a538ee95047c903080ffb482cc651ca5b2a,nativeSparse,branch_diagnostic,preliminary_filtered,literal-citation questions after preliminary technical screening,186,category,746,Патентная система,50,240,191,186,49,16,16,0,0.937500000000,0.804166666667,0.687500000000,0.576498784026
qdrant-native-hybrid-rrf,qdrant-1.19-native-hybrid-rrf-parity,sergeyzh/BERTA+qdrant/bm25,914c8c8aed14042ed890fc2c662d5e9e66b2faa7+qdrant-java-client-1.19.0,276b496e965c9e9123c0538b70eb0a538ee95047c903080ffb482cc651ca5b2a,nativeSparse,branch_diagnostic,literal_citation_all,all literal-citation questions,191,category,882,Страховые взносы,10,240,191,186,49,14,14,0,1.000000000000,0.928571428571,0.857142857143,0.763264948095
qdrant-native-hybrid-rrf,qdrant-1.19-native-hybrid-rrf-parity,sergeyzh/BERTA+qdrant/bm25,914c8c8aed14042ed890fc2c662d5e9e66b2faa7+qdrant-java-client-1.19.0,276b496e965c9e9123c0538b70eb0a538ee95047c903080ffb482cc651ca5b2a,nativeSparse,branch_diagnostic,preliminary_filtered,literal-citation questions after preliminary technical screening,186,category,882,Страховые взносы,10,240,191,186,49,14,13,1,1.000000000000,0.923076923077,0.846153846154,0.745054559487
qdrant-native-hybrid-rrf,qdrant-1.19-native-hybrid-rrf-parity,sergeyzh/BERTA+qdrant/bm25,914c8c8aed14042ed890fc2c662d5e9e66b2faa7+qdrant-java-client-1.19.0,276b496e965c9e9123c0538b70eb0a538ee95047c903080ffb482cc651ca5b2a,nativeSparse,branch_diagnostic,literal_citation_all,all literal-citation questions,191,category,882,Страховые взносы,20,240,191,186,49,14,14,0,1.000000000000,0.928571428571,0.857142857143,0.763264948095
qdrant-native-hybrid-rrf,qdrant-1.19-native-hybrid-rrf-parity,sergeyzh/BERTA+qdrant/bm25,914c8c8aed14042ed890fc2c662d5e9e66b2faa7+qdrant-java-client-1.19.0,276b496e965c9e9123c0538b70eb0a538ee95047c903080ffb482cc651ca5b2a,nativeSparse,branch_diagnostic,preliminary_filtered,literal-citation questions after preliminary technical screening,186,category,882,Страховые взносы,20,240,191,186,49,14,13,1,1.000000000000,0.923076923077,0.846153846154,0.745054559487
qdrant-native-hybrid-rrf,qdrant-1.19-native-hybrid-rrf-parity,sergeyzh/BERTA+qdrant/bm25,914c8c8aed14042ed890fc2c662d5e9e66b2faa7+qdrant-java-client-1.19.0,276b496e965c9e9123c0538b70eb0a538ee95047c903080ffb482cc651ca5b2a,nativeSparse,branch_diagnostic,literal_citation_all,all literal-citation questions,191,category,882,Страховые взносы,50,240,191,186,49,14,14,0,1.000000000000,0.964285714286,0.928571428571,0.772695952473
qdrant-native-hybrid-rrf,qdrant-1.19-native-hybrid-rrf-parity,sergeyzh/BERTA+qdrant/bm25,914c8c8aed14042ed890fc2c662d5e9e66b2faa7+qdrant-java-client-1.19.0,276b496e965c9e9123c0538b70eb0a538ee95047c903080ffb482cc651ca5b2a,nativeSparse,branch_diagnostic,preliminary_filtered,literal-citation questions after preliminary technical screening,186,category,882,Страховые взносы,50,240,191,186,49,14,13,1,1.000000000000,0.961538461538,0.923076923077,0.755211025740
qdrant-native-hybrid-rrf,qdrant-1.19-native-hybrid-rrf-parity,sergeyzh/BERTA+qdrant/bm25,914c8c8aed14042ed890fc2c662d5e9e66b2faa7+qdrant-java-client-1.19.0,276b496e965c9e9123c0538b70eb0a538ee95047c903080ffb482cc651ca5b2a,nativeSparse,branch_diagnostic,literal_citation_all,all literal-citation questions,191,category,268,Акцизы,10,240,191,186,49,14,14,0,0.857142857143,0.828571428571,0.785714285714,0.547327164748
qdrant-native-hybrid-rrf,qdrant-1.19-native-hybrid-rrf-parity,sergeyzh/BERTA+qdrant/bm25,914c8c8aed14042ed890fc2c662d5e9e66b2faa7+qdrant-java-client-1.19.0,276b496e965c9e9123c0538b70eb0a538ee95047c903080ffb482cc651ca5b2a,nativeSparse,branch_diagnostic,preliminary_filtered,literal-citation questions after preliminary technical screening,186,category,268,Акцизы,10,240,191,186,49,14,14,0,0.857142857143,0.828571428571,0.785714285714,0.547327164748
qdrant-native-hybrid-rrf,qdrant-1.19-native-hybrid-rrf-parity,sergeyzh/BERTA+qdrant/bm25,914c8c8aed14042ed890fc2c662d5e9e66b2faa7+qdrant-java-client-1.19.0,276b496e965c9e9123c0538b70eb0a538ee95047c903080ffb482cc651ca5b2a,nativeSparse,branch_diagnostic,literal_citation_all,all literal-citation questions,191,category,268,Акцизы,20,240,191,186,49,14,14,0,0.928571428571,0.892857142857,0.857142857143,0.571303777683
qdrant-native-hybrid-rrf,qdrant-1.19-native-hybrid-rrf-parity,sergeyzh/BERTA+qdrant/bm25,914c8c8aed14042ed890fc2c662d5e9e66b2faa7+qdrant-java-client-1.19.0,276b496e965c9e9123c0538b70eb0a538ee95047c903080ffb482cc651ca5b2a,nativeSparse,branch_diagnostic,preliminary_filtered,literal-citation questions after preliminary technical screening,186,category,268,Акцизы,20,240,191,186,49,14,14,0,0.928571428571,0.892857142857,0.857142857143,0.571303777683
qdrant-native-hybrid-rrf,qdrant-1.19-native-hybrid-rrf-parity,sergeyzh/BERTA+qdrant/bm25,914c8c8aed14042ed890fc2c662d5e9e66b2faa7+qdrant-java-client-1.19.0,276b496e965c9e9123c0538b70eb0a538ee95047c903080ffb482cc651ca5b2a,nativeSparse,branch_diagnostic,literal_citation_all,all literal-citation questions,191,category,268,Акцизы,50,240,191,186,49,14,14,0,0.928571428571,0.928571428571,0.928571428571,0.579912435756
qdrant-native-hybrid-rrf,qdrant-1.19-native-hybrid-rrf-parity,sergeyzh/BERTA+qdrant/bm25,914c8c8aed14042ed890fc2c662d5e9e66b2faa7+qdrant-java-client-1.19.0,276b496e965c9e9123c0538b70eb0a538ee95047c903080ffb482cc651ca5b2a,nativeSparse,branch_diagnostic,preliminary_filtered,literal-citation questions after preliminary technical screening,186,category,268,Акцизы,50,240,191,186,49,14,14,0,0.928571428571,0.928571428571,0.928571428571,0.579912435756
qdrant-native-hybrid-rrf,qdrant-1.19-native-hybrid-rrf-parity,sergeyzh/BERTA+qdrant/bm25,914c8c8aed14042ed890fc2c662d5e9e66b2faa7+qdrant-java-client-1.19.0,276b496e965c9e9123c0538b70eb0a538ee95047c903080ffb482cc651ca5b2a,nativeSparse,branch_diagnostic,literal_citation_all,all literal-citation questions,191,category,270,ЕСХН,10,240,191,186,49,16,16,0,0.750000000000,0.750000000000,0.750000000000,0.620747484327
qdrant-native-hybrid-rrf,qdrant-1.19-native-hybrid-rrf-parity,sergeyzh/BERTA+qdrant/bm25,914c8c8aed14042ed890fc2c662d5e9e66b2faa7+qdrant-java-client-1.19.0,276b496e965c9e9123c0538b70eb0a538ee95047c903080ffb482cc651ca5b2a,nativeSparse,branch_diagnostic,preliminary_filtered,literal-citation questions after preliminary technical screening,186,category,270,ЕСХН,10,240,191,186,49,16,16,0,0.750000000000,0.750000000000,0.750000000000,0.620747484327
qdrant-native-hybrid-rrf,qdrant-1.19-native-hybrid-rrf-parity,sergeyzh/BERTA+qdrant/bm25,914c8c8aed14042ed890fc2c662d5e9e66b2faa7+qdrant-java-client-1.19.0,276b496e965c9e9123c0538b70eb0a538ee95047c903080ffb482cc651ca5b2a,nativeSparse,branch_diagnostic,literal_citation_all,all literal-citation questions,191,category,270,ЕСХН,20,240,191,186,49,16,16,0,0.750000000000,0.750000000000,0.750000000000,0.620747484327
qdrant-native-hybrid-rrf,qdrant-1.19-native-hybrid-rrf-parity,sergeyzh/BERTA+qdrant/bm25,914c8c8aed14042ed890fc2c662d5e9e66b2faa7+qdrant-java-client-1.19.0,276b496e965c9e9123c0538b70eb0a538ee95047c903080ffb482cc651ca5b2a,nativeSparse,branch_diagnostic,preliminary_filtered,literal-citation questions after preliminary technical screening,186,category,270,ЕСХН,20,240,191,186,49,16,16,0,0.750000000000,0.750000000000,0.750000000000,0.620747484327
qdrant-native-hybrid-rrf,qdrant-1.19-native-hybrid-rrf-parity,sergeyzh/BERTA+qdrant/bm25,914c8c8aed14042ed890fc2c662d5e9e66b2faa7+qdrant-java-client-1.19.0,276b496e965c9e9123c0538b70eb0a538ee95047c903080ffb482cc651ca5b2a,nativeSparse,branch_diagnostic,literal_citation_all,all literal-citation questions,191,category,270,ЕСХН,50,240,191,186,49,16,16,0,0.875000000000,0.875000000000,0.875000000000,0.643854849203
qdrant-native-hybrid-rrf,qdrant-1.19-native-hybrid-rrf-parity,sergeyzh/BERTA+qdrant/bm25,914c8c8aed14042ed890fc2c662d5e9e66b2faa7+qdrant-java-client-1.19.0,276b496e965c9e9123c0538b70eb0a538ee95047c903080ffb482cc651ca5b2a,nativeSparse,branch_diagnostic,preliminary_filtered,literal-citation questions after preliminary technical screening,186,category,270,ЕСХН,50,240,191,186,49,16,16,0,0.875000000000,0.875000000000,0.875000000000,0.643854849203
qdrant-native-hybrid-rrf,qdrant-1.19-native-hybrid-rrf-parity,sergeyzh/BERTA+qdrant/bm25,914c8c8aed14042ed890fc2c662d5e9e66b2faa7+qdrant-java-client-1.19.0,276b496e965c9e9123c0538b70eb0a538ee95047c903080ffb482cc651ca5b2a,nativeSparse,branch_diagnostic,literal_citation_all,all literal-citation questions,191,category,264,Налог на прибыль,10,240,191,186,49,17,17,0,0.764705882353,0.735294117647,0.705882352941,0.537681418060
qdrant-native-hybrid-rrf,qdrant-1.19-native-hybrid-rrf-parity,sergeyzh/BERTA+qdrant/bm25,914c8c8aed14042ed890fc2c662d5e9e66b2faa7+qdrant-java-client-1.19.0,276b496e965c9e9123c0538b70eb0a538ee95047c903080ffb482cc651ca5b2a,nativeSparse,branch_diagnostic,preliminary_filtered,literal-citation questions after preliminary technical screening,186,category,264,Налог на прибыль,10,240,191,186,49,17,17,0,0.764705882353,0.735294117647,0.705882352941,0.537681418060
qdrant-native-hybrid-rrf,qdrant-1.19-native-hybrid-rrf-parity,sergeyzh/BERTA+qdrant/bm25,914c8c8aed14042ed890fc2c662d5e9e66b2faa7+qdrant-java-client-1.19.0,276b496e965c9e9123c0538b70eb0a538ee95047c903080ffb482cc651ca5b2a,nativeSparse,branch_diagnostic,literal_citation_all,all literal-citation questions,191,category,264,Налог на прибыль,20,240,191,186,49,17,17,0,0.882352941176,0.823529411765,0.764705882353,0.563638549736
qdrant-native-hybrid-rrf,qdrant-1.19-native-hybrid-rrf-parity,sergeyzh/BERTA+qdrant/bm25,914c8c8aed14042ed890fc2c662d5e9e66b2faa7+qdrant-java-client-1.19.0,276b496e965c9e9123c0538b70eb0a538ee95047c903080ffb482cc651ca5b2a,nativeSparse,branch_diagnostic,preliminary_filtered,literal-citation questions after preliminary technical screening,186,category,264,Налог на прибыль,20,240,191,186,49,17,17,0,0.882352941176,0.823529411765,0.764705882353,0.563638549736
qdrant-native-hybrid-rrf,qdrant-1.19-native-hybrid-rrf-parity,sergeyzh/BERTA+qdrant/bm25,914c8c8aed14042ed890fc2c662d5e9e66b2faa7+qdrant-java-client-1.19.0,276b496e965c9e9123c0538b70eb0a538ee95047c903080ffb482cc651ca5b2a,nativeSparse,branch_diagnostic,literal_citation_all,all literal-citation questions,191,category,264,Налог на прибыль,50,240,191,186,49,17,17,0,1.000000000000,0.970588235294,0.941176470588,0.595977680231
qdrant-native-hybrid-rrf,qdrant-1.19-native-hybrid-rrf-parity,sergeyzh/BERTA+qdrant/bm25,914c8c8aed14042ed890fc2c662d5e9e66b2faa7+qdrant-java-client-1.19.0,276b496e965c9e9123c0538b70eb0a538ee95047c903080ffb482cc651ca5b2a,nativeSparse,branch_diagnostic,preliminary_filtered,literal-citation questions after preliminary technical screening,186,category,264,Налог на прибыль,50,240,191,186,49,17,17,0,1.000000000000,0.970588235294,0.941176470588,0.595977680231
qdrant-native-hybrid-rrf,qdrant-1.19-native-hybrid-rrf-parity,sergeyzh/BERTA+qdrant/bm25,914c8c8aed14042ed890fc2c662d5e9e66b2faa7+qdrant-java-client-1.19.0,276b496e965c9e9123c0538b70eb0a538ee95047c903080ffb482cc651ca5b2a,nativeSparse,branch_diagnostic,literal_citation_all,all literal-citation questions,191,category,259,Налог на имущество,10,240,191,186,49,16,16,0,0.750000000000,0.635416666667,0.500000000000,0.533736349745
qdrant-native-hybrid-rrf,qdrant-1.19-native-hybrid-rrf-parity,sergeyzh/BERTA+qdrant/bm25,914c8c8aed14042ed890fc2c662d5e9e66b2faa7+qdrant-java-client-1.19.0,276b496e965c9e9123c0538b70eb0a538ee95047c903080ffb482cc651ca5b2a,nativeSparse,branch_diagnostic,preliminary_filtered,literal-citation questions after preliminary technical screening,186,category,259,Налог на имущество,10,240,191,186,49,16,16,0,0.750000000000,0.635416666667,0.500000000000,0.533736349745
qdrant-native-hybrid-rrf,qdrant-1.19-native-hybrid-rrf-parity,sergeyzh/BERTA+qdrant/bm25,914c8c8aed14042ed890fc2c662d5e9e66b2faa7+qdrant-java-client-1.19.0,276b496e965c9e9123c0538b70eb0a538ee95047c903080ffb482cc651ca5b2a,nativeSparse,branch_diagnostic,literal_citation_all,all literal-citation questions,191,category,259,Налог на имущество,20,240,191,186,49,16,16,0,0.875000000000,0.812500000000,0.687500000000,0.586892028115
qdrant-native-hybrid-rrf,qdrant-1.19-native-hybrid-rrf-parity,sergeyzh/BERTA+qdrant/bm25,914c8c8aed14042ed890fc2c662d5e9e66b2faa7+qdrant-java-client-1.19.0,276b496e965c9e9123c0538b70eb0a538ee95047c903080ffb482cc651ca5b2a,nativeSparse,branch_diagnostic,preliminary_filtered,literal-citation questions after preliminary technical screening,186,category,259,Налог на имущество,20,240,191,186,49,16,16,0,0.875000000000,0.812500000000,0.687500000000,0.586892028115
qdrant-native-hybrid-rrf,qdrant-1.19-native-hybrid-rrf-parity,sergeyzh/BERTA+qdrant/bm25,914c8c8aed14042ed890fc2c662d5e9e66b2faa7+qdrant-java-client-1.19.0,276b496e965c9e9123c0538b70eb0a538ee95047c903080ffb482cc651ca5b2a,nativeSparse,branch_diagnostic,literal_citation_all,all literal-citation questions,191,category,259,Налог на имущество,50,240,191,186,49,16,16,0,0.875000000000,0.812500000000,0.687500000000,0.586892028115
qdrant-native-hybrid-rrf,qdrant-1.19-native-hybrid-rrf-parity,sergeyzh/BERTA+qdrant/bm25,914c8c8aed14042ed890fc2c662d5e9e66b2faa7+qdrant-java-client-1.19.0,276b496e965c9e9123c0538b70eb0a538ee95047c903080ffb482cc651ca5b2a,nativeSparse,branch_diagnostic,preliminary_filtered,literal-citation questions after preliminary technical screening,186,category,259,Налог на имущество,50,240,191,186,49,16,16,0,0.875000000000,0.812500000000,0.687500000000,0.586892028115
qdrant-native-hybrid-rrf,qdrant-1.19-native-hybrid-rrf-parity,sergeyzh/BERTA+qdrant/bm25,914c8c8aed14042ed890fc2c662d5e9e66b2faa7+qdrant-java-client-1.19.0,276b496e965c9e9123c0538b70eb0a538ee95047c903080ffb482cc651ca5b2a,nativeSparse,branch_diagnostic,literal_citation_all,all literal-citation questions,191,category,265,НДС,10,240,191,186,49,12,12,0,0.583333333333,0.583333333333,0.583333333333,0.402496085489
qdrant-native-hybrid-rrf,qdrant-1.19-native-hybrid-rrf-parity,sergeyzh/BERTA+qdrant/bm25,914c8c8aed14042ed890fc2c662d5e9e66b2faa7+qdrant-java-client-1.19.0,276b496e965c9e9123c0538b70eb0a538ee95047c903080ffb482cc651ca5b2a,nativeSparse,branch_diagnostic,preliminary_filtered,literal-citation questions after preliminary technical screening,186,category,265,НДС,10,240,191,186,49,12,10,2,0.600000000000,0.600000000000,0.600000000000,0.432995302587
qdrant-native-hybrid-rrf,qdrant-1.19-native-hybrid-rrf-parity,sergeyzh/BERTA+qdrant/bm25,914c8c8aed14042ed890fc2c662d5e9e66b2faa7+qdrant-java-client-1.19.0,276b496e965c9e9123c0538b70eb0a538ee95047c903080ffb482cc651ca5b2a,nativeSparse,branch_diagnostic,literal_citation_all,all literal-citation questions,191,category,265,НДС,20,240,191,186,49,12,12,0,0.750000000000,0.750000000000,0.750000000000,0.447628792213
qdrant-native-hybrid-rrf,qdrant-1.19-native-hybrid-rrf-parity,sergeyzh/BERTA+qdrant/bm25,914c8c8aed14042ed890fc2c662d5e9e66b2faa7+qdrant-java-client-1.19.0,276b496e965c9e9123c0538b70eb0a538ee95047c903080ffb482cc651ca5b2a,nativeSparse,branch_diagnostic,preliminary_filtered,literal-citation questions after preliminary technical screening,186,category,265,НДС,20,240,191,186,49,12,10,2,0.800000000000,0.800000000000,0.800000000000,0.487154550656
qdrant-native-hybrid-rrf,qdrant-1.19-native-hybrid-rrf-parity,sergeyzh/BERTA+qdrant/bm25,914c8c8aed14042ed890fc2c662d5e9e66b2faa7+qdrant-java-client-1.19.0,276b496e965c9e9123c0538b70eb0a538ee95047c903080ffb482cc651ca5b2a,nativeSparse,branch_diagnostic,literal_citation_all,all literal-citation questions,191,category,265,НДС,50,240,191,186,49,12,12,0,0.916666666667,0.875000000000,0.833333333333,0.475405106240
qdrant-native-hybrid-rrf,qdrant-1.19-native-hybrid-rrf-parity,sergeyzh/BERTA+qdrant/bm25,914c8c8aed14042ed890fc2c662d5e9e66b2faa7+qdrant-java-client-1.19.0,276b496e965c9e9123c0538b70eb0a538ee95047c903080ffb482cc651ca5b2a,nativeSparse,branch_diagnostic,preliminary_filtered,literal-citation questions after preliminary technical screening,186,category,265,НДС,50,240,191,186,49,12,10,2,0.900000000000,0.850000000000,0.800000000000,0.498675698289
qdrant-native-hybrid-rrf,qdrant-1.19-native-hybrid-rrf-parity,sergeyzh/BERTA+qdrant/bm25,914c8c8aed14042ed890fc2c662d5e9e66b2faa7+qdrant-java-client-1.19.0,276b496e965c9e9123c0538b70eb0a538ee95047c903080ffb482cc651ca5b2a,nativeSparse,branch_diagnostic,literal_citation_all,all literal-citation questions,191,category,911,Налог на профессиональный доход,10,240,191,186,49,2,2,0,0.500000000000,0.500000000000,0.500000000000,0.205916920218
qdrant-native-hybrid-rrf,qdrant-1.19-native-hybrid-rrf-parity,sergeyzh/BERTA+qdrant/bm25,914c8c8aed14042ed890fc2c662d5e9e66b2faa7+qdrant-java-client-1.19.0,276b496e965c9e9123c0538b70eb0a538ee95047c903080ffb482cc651ca5b2a,nativeSparse,branch_diagnostic,preliminary_filtered,literal-citation questions after preliminary technical screening,186,category,911,Налог на профессиональный доход,10,240,191,186,49,2,2,0,0.500000000000,0.500000000000,0.500000000000,0.205916920218
qdrant-native-hybrid-rrf,qdrant-1.19-native-hybrid-rrf-parity,sergeyzh/BERTA+qdrant/bm25,914c8c8aed14042ed890fc2c662d5e9e66b2faa7+qdrant-java-client-1.19.0,276b496e965c9e9123c0538b70eb0a538ee95047c903080ffb482cc651ca5b2a,nativeSparse,branch_diagnostic,literal_citation_all,all literal-citation questions,191,category,911,Налог на профессиональный доход,20,240,191,186,49,2,2,0,0.500000000000,0.500000000000,0.500000000000,0.205916920218
qdrant-native-hybrid-rrf,qdrant-1.19-native-hybrid-rrf-parity,sergeyzh/BERTA+qdrant/bm25,914c8c8aed14042ed890fc2c662d5e9e66b2faa7+qdrant-java-client-1.19.0,276b496e965c9e9123c0538b70eb0a538ee95047c903080ffb482cc651ca5b2a,nativeSparse,branch_diagnostic,preliminary_filtered,literal-citation questions after preliminary technical screening,186,category,911,Налог на профессиональный доход,20,240,191,186,49,2,2,0,0.500000000000,0.500000000000,0.500000000000,0.205916920218
qdrant-native-hybrid-rrf,qdrant-1.19-native-hybrid-rrf-parity,sergeyzh/BERTA+qdrant/bm25,914c8c8aed14042ed890fc2c662d5e9e66b2faa7+qdrant-java-client-1.19.0,276b496e965c9e9123c0538b70eb0a538ee95047c903080ffb482cc651ca5b2a,nativeSparse,branch_diagnostic,literal_citation_all,all literal-citation questions,191,category,911,Налог на профессиональный доход,50,240,191,186,49,2,2,0,0.500000000000,0.500000000000,0.500000000000,0.205916920218
qdrant-native-hybrid-rrf,qdrant-1.19-native-hybrid-rrf-parity,sergeyzh/BERTA+qdrant/bm25,914c8c8aed14042ed890fc2c662d5e9e66b2faa7+qdrant-java-client-1.19.0,276b496e965c9e9123c0538b70eb0a538ee95047c903080ffb482cc651ca5b2a,nativeSparse,branch_diagnostic,preliminary_filtered,literal-citation questions after preliminary technical screening,186,category,911,Налог на профессиональный доход,50,240,191,186,49,2,2,0,0.500000000000,0.500000000000,0.500000000000,0.205916920218
qdrant-native-hybrid-rrf,qdrant-1.19-native-hybrid-rrf-parity,sergeyzh/BERTA+qdrant/bm25,914c8c8aed14042ed890fc2c662d5e9e66b2faa7+qdrant-java-client-1.19.0,276b496e965c9e9123c0538b70eb0a538ee95047c903080ffb482cc651ca5b2a,clientRrf,headline_deterministic,literal_citation_all,all literal-citation questions,191,all,all,all,10,240,191,186,49,191,191,0,0.853403141361,0.776178010471,0.701570680628,0.645345360355
qdrant-native-hybrid-rrf,qdrant-1.19-native-hybrid-rrf-parity,sergeyzh/BERTA+qdrant/bm25,914c8c8aed14042ed890fc2c662d5e9e66b2faa7+qdrant-java-client-1.19.0,276b496e965c9e9123c0538b70eb0a538ee95047c903080ffb482cc651ca5b2a,clientRrf,headline_deterministic,literal_citation_all,all literal-citation questions,191,multi,multi,multiple citations,10,240,191,186,49,52,52,0,0.923076923077,0.639423076923,0.365384615385,0.543819465794
qdrant-native-hybrid-rrf,qdrant-1.19-native-hybrid-rrf-parity,sergeyzh/BERTA+qdrant/bm25,914c8c8aed14042ed890fc2c662d5e9e66b2faa7+qdrant-java-client-1.19.0,276b496e965c9e9123c0538b70eb0a538ee95047c903080ffb482cc651ca5b2a,clientRrf,headline_deterministic,literal_citation_all,all literal-citation questions,191,sensitivity,without_flagged_duplicate,all eligible except flagged duplicate,10,240,191,186,49,239,190,49,0.852631578947,0.775000000000,0.700000000000,0.643478756988
qdrant-native-hybrid-rrf,qdrant-1.19-native-hybrid-rrf-parity,sergeyzh/BERTA+qdrant/bm25,914c8c8aed14042ed890fc2c662d5e9e66b2faa7+qdrant-java-client-1.19.0,276b496e965c9e9123c0538b70eb0a538ee95047c903080ffb482cc651ca5b2a,clientRrf,headline_deterministic,literal_citation_all,all literal-citation questions,191,category,267,УСН,10,240,191,186,49,17,17,0,0.882352941176,0.647058823529,0.470588235294,0.540048450344
qdrant-native-hybrid-rrf,qdrant-1.19-native-hybrid-rrf-parity,sergeyzh/BERTA+qdrant/bm25,914c8c8aed14042ed890fc2c662d5e9e66b2faa7+qdrant-java-client-1.19.0,276b496e965c9e9123c0538b70eb0a538ee95047c903080ffb482cc651ca5b2a,clientRrf,headline_deterministic,preliminary_filtered,literal-citation questions after preliminary technical screening,186,all,all,all,10,240,191,186,49,191,186,5,0.860215053763,0.780913978495,0.704301075269,0.649252493698
qdrant-native-hybrid-rrf,qdrant-1.19-native-hybrid-rrf-parity,sergeyzh/BERTA+qdrant/bm25,914c8c8aed14042ed890fc2c662d5e9e66b2faa7+qdrant-java-client-1.19.0,276b496e965c9e9123c0538b70eb0a538ee95047c903080ffb482cc651ca5b2a,clientRrf,headline_deterministic,preliminary_filtered,literal-citation questions after preliminary technical screening,186,multi,multi,multiple citations,10,240,191,186,49,52,51,1,0.941176470588,0.651960784314,0.372549019608,0.554482592574
qdrant-native-hybrid-rrf,qdrant-1.19-native-hybrid-rrf-parity,sergeyzh/BERTA+qdrant/bm25,914c8c8aed14042ed890fc2c662d5e9e66b2faa7+qdrant-java-client-1.19.0,276b496e965c9e9123c0538b70eb0a538ee95047c903080ffb482cc651ca5b2a,clientRrf,headline_deterministic,preliminary_filtered,literal-citation questions after preliminary technical screening,186,sensitivity,without_flagged_duplicate,all eligible except flagged duplicate,10,240,191,186,49,239,185,54,0.859459459459,0.779729729730,0.702702702703,0.647356561231
qdrant-native-hybrid-rrf,qdrant-1.19-native-hybrid-rrf-parity,sergeyzh/BERTA+qdrant/bm25,914c8c8aed14042ed890fc2c662d5e9e66b2faa7+qdrant-java-client-1.19.0,276b496e965c9e9123c0538b70eb0a538ee95047c903080ffb482cc651ca5b2a,clientRrf,headline_deterministic,preliminary_filtered,literal-citation questions after preliminary technical screening,186,category,267,УСН,10,240,191,186,49,17,16,1,0.937500000000,0.687500000000,0.500000000000,0.573801478491
qdrant-native-hybrid-rrf,qdrant-1.19-native-hybrid-rrf-parity,sergeyzh/BERTA+qdrant/bm25,914c8c8aed14042ed890fc2c662d5e9e66b2faa7+qdrant-java-client-1.19.0,276b496e965c9e9123c0538b70eb0a538ee95047c903080ffb482cc651ca5b2a,clientRrf,headline_deterministic,literal_citation_all,all literal-citation questions,191,all,all,all,20,240,191,186,49,191,191,0,0.926701570681,0.865794066318,0.801047120419,0.671050550934
qdrant-native-hybrid-rrf,qdrant-1.19-native-hybrid-rrf-parity,sergeyzh/BERTA+qdrant/bm25,914c8c8aed14042ed890fc2c662d5e9e66b2faa7+qdrant-java-client-1.19.0,276b496e965c9e9123c0538b70eb0a538ee95047c903080ffb482cc651ca5b2a,clientRrf,headline_deterministic,literal_citation_all,all literal-citation questions,191,multi,multi,multiple citations,20,240,191,186,49,52,52,0,0.980769230769,0.757051282051,0.519230769231,0.584002271989
qdrant-native-hybrid-rrf,qdrant-1.19-native-hybrid-rrf-parity,sergeyzh/BERTA+qdrant/bm25,914c8c8aed14042ed890fc2c662d5e9e66b2faa7+qdrant-java-client-1.19.0,276b496e965c9e9123c0538b70eb0a538ee95047c903080ffb482cc651ca5b2a,clientRrf,headline_deterministic,literal_citation_all,all literal-citation questions,191,sensitivity,without_flagged_duplicate,all eligible except flagged duplicate,20,240,191,186,49,239,190,49,0.926315789474,0.865087719298,0.800000000000,0.669319238044
qdrant-native-hybrid-rrf,qdrant-1.19-native-hybrid-rrf-parity,sergeyzh/BERTA+qdrant/bm25,914c8c8aed14042ed890fc2c662d5e9e66b2faa7+qdrant-java-client-1.19.0,276b496e965c9e9123c0538b70eb0a538ee95047c903080ffb482cc651ca5b2a,clientRrf,headline_deterministic,literal_citation_all,all literal-citation questions,191,category,267,УСН,20,240,191,186,49,17,17,0,0.882352941176,0.705882352941,0.529411764706,0.561072277849
qdrant-native-hybrid-rrf,qdrant-1.19-native-hybrid-rrf-parity,sergeyzh/BERTA+qdrant/bm25,914c8c8aed14042ed890fc2c662d5e9e66b2faa7+qdrant-java-client-1.19.0,276b496e965c9e9123c0538b70eb0a538ee95047c903080ffb482cc651ca5b2a,clientRrf,headline_deterministic,preliminary_filtered,literal-citation questions after preliminary technical screening,186,all,all,all,20,240,191,186,49,191,186,5,0.930107526882,0.870250896057,0.806451612903,0.674804920882
qdrant-native-hybrid-rrf,qdrant-1.19-native-hybrid-rrf-parity,sergeyzh/BERTA+qdrant/bm25,914c8c8aed14042ed890fc2c662d5e9e66b2faa7+qdrant-java-client-1.19.0,276b496e965c9e9123c0538b70eb0a538ee95047c903080ffb482cc651ca5b2a,clientRrf,headline_deterministic,preliminary_filtered,literal-citation questions after preliminary technical screening,186,multi,multi,multiple citations,20,240,191,186,49,52,51,1,0.980392156863,0.762091503268,0.529411764706,0.592376043119
qdrant-native-hybrid-rrf,qdrant-1.19-native-hybrid-rrf-parity,sergeyzh/BERTA+qdrant/bm25,914c8c8aed14042ed890fc2c662d5e9e66b2faa7+qdrant-java-client-1.19.0,276b496e965c9e9123c0538b70eb0a538ee95047c903080ffb482cc651ca5b2a,clientRrf,headline_deterministic,preliminary_filtered,literal-citation questions after preliminary technical screening,186,sensitivity,without_flagged_duplicate,all eligible except flagged duplicate,20,240,191,186,49,239,185,54,0.929729729730,0.869549549550,0.805405405405,0.673047109644
qdrant-native-hybrid-rrf,qdrant-1.19-native-hybrid-rrf-parity,sergeyzh/BERTA+qdrant/bm25,914c8c8aed14042ed890fc2c662d5e9e66b2faa7+qdrant-java-client-1.19.0,276b496e965c9e9123c0538b70eb0a538ee95047c903080ffb482cc651ca5b2a,clientRrf,headline_deterministic,preliminary_filtered,literal-citation questions after preliminary technical screening,186,category,267,УСН,20,240,191,186,49,17,16,1,0.937500000000,0.750000000000,0.562500000000,0.596139295215
qdrant-native-hybrid-rrf,qdrant-1.19-native-hybrid-rrf-parity,sergeyzh/BERTA+qdrant/bm25,914c8c8aed14042ed890fc2c662d5e9e66b2faa7+qdrant-java-client-1.19.0,276b496e965c9e9123c0538b70eb0a538ee95047c903080ffb482cc651ca5b2a,clientRrf,headline_deterministic,literal_citation_all,all literal-citation questions,191,all,all,all,50,240,191,186,49,191,191,0,0.984293193717,0.941012216405,0.890052356021,0.687708196874
qdrant-native-hybrid-rrf,qdrant-1.19-native-hybrid-rrf-parity,sergeyzh/BERTA+qdrant/bm25,914c8c8aed14042ed890fc2c662d5e9e66b2faa7+qdrant-java-client-1.19.0,276b496e965c9e9123c0538b70eb0a538ee95047c903080ffb482cc651ca5b2a,clientRrf,headline_deterministic,literal_citation_all,all literal-citation questions,191,multi,multi,multiple citations,50,240,191,186,49,52,52,0,1.000000000000,0.841025641026,0.653846153846,0.605989810740
qdrant-native-hybrid-rrf,qdrant-1.19-native-hybrid-rrf-parity,sergeyzh/BERTA+qdrant/bm25,914c8c8aed14042ed890fc2c662d5e9e66b2faa7+qdrant-java-client-1.19.0,276b496e965c9e9123c0538b70eb0a538ee95047c903080ffb482cc651ca5b2a,clientRrf,headline_deterministic,literal_citation_all,all literal-citation questions,191,sensitivity,without_flagged_duplicate,all eligible except flagged duplicate,50,240,191,186,49,239,190,49,0.984210526316,0.940701754386,0.889473684211,0.686064555805
qdrant-native-hybrid-rrf,qdrant-1.19-native-hybrid-rrf-parity,sergeyzh/BERTA+qdrant/bm25,914c8c8aed14042ed890fc2c662d5e9e66b2faa7+qdrant-java-client-1.19.0,276b496e965c9e9123c0538b70eb0a538ee95047c903080ffb482cc651ca5b2a,clientRrf,headline_deterministic,literal_citation_all,all literal-citation questions,191,category,267,УСН,50,240,191,186,49,17,17,0,1.000000000000,0.823529411765,0.647058823529,0.586027796921
qdrant-native-hybrid-rrf,qdrant-1.19-native-hybrid-rrf-parity,sergeyzh/BERTA+qdrant/bm25,914c8c8aed14042ed890fc2c662d5e9e66b2faa7+qdrant-java-client-1.19.0,276b496e965c9e9123c0538b70eb0a538ee95047c903080ffb482cc651ca5b2a,clientRrf,headline_deterministic,preliminary_filtered,literal-citation questions after preliminary technical screening,186,all,all,all,50,240,191,186,49,191,186,5,0.983870967742,0.939426523297,0.887096774194,0.690003425746
qdrant-native-hybrid-rrf,qdrant-1.19-native-hybrid-rrf-parity,sergeyzh/BERTA+qdrant/bm25,914c8c8aed14042ed890fc2c662d5e9e66b2faa7+qdrant-java-client-1.19.0,276b496e965c9e9123c0538b70eb0a538ee95047c903080ffb482cc651ca5b2a,clientRrf,headline_deterministic,preliminary_filtered,literal-citation questions after preliminary technical screening,186,multi,multi,multiple citations,50,240,191,186,49,52,51,1,1.000000000000,0.837908496732,0.647058823529,0.612236971933
qdrant-native-hybrid-rrf,qdrant-1.19-native-hybrid-rrf-parity,sergeyzh/BERTA+qdrant/bm25,914c8c8aed14042ed890fc2c662d5e9e66b2faa7+qdrant-java-client-1.19.0,276b496e965c9e9123c0538b70eb0a538ee95047c903080ffb482cc651ca5b2a,clientRrf,headline_deterministic,preliminary_filtered,literal-citation questions after preliminary technical screening,186,sensitivity,without_flagged_duplicate,all eligible except flagged duplicate,50,240,191,186,49,239,185,54,0.983783783784,0.939099099099,0.886486486486,0.688327768588
qdrant-native-hybrid-rrf,qdrant-1.19-native-hybrid-rrf-parity,sergeyzh/BERTA+qdrant/bm25,914c8c8aed14042ed890fc2c662d5e9e66b2faa7+qdrant-java-client-1.19.0,276b496e965c9e9123c0538b70eb0a538ee95047c903080ffb482cc651ca5b2a,clientRrf,headline_deterministic,preliminary_filtered,literal-citation questions after preliminary technical screening,186,category,267,УСН,50,240,191,186,49,17,16,1,1.000000000000,0.812500000000,0.625000000000,0.608639295215
qdrant-native-hybrid-rrf,qdrant-1.19-native-hybrid-rrf-parity,sergeyzh/BERTA+qdrant/bm25,914c8c8aed14042ed890fc2c662d5e9e66b2faa7+qdrant-java-client-1.19.0,276b496e965c9e9123c0538b70eb0a538ee95047c903080ffb482cc651ca5b2a,clientRrf,headline_deterministic,literal_citation_all,all literal-citation questions,191,single,single,single citation,10,240,191,186,49,139,139,0,0.827338129496,0.827338129496,0.827338129496,0.683326270550
qdrant-native-hybrid-rrf,qdrant-1.19-native-hybrid-rrf-parity,sergeyzh/BERTA+qdrant/bm25,914c8c8aed14042ed890fc2c662d5e9e66b2faa7+qdrant-java-client-1.19.0,276b496e965c9e9123c0538b70eb0a538ee95047c903080ffb482cc651ca5b2a,clientRrf,headline_deterministic,literal_citation_all,all literal-citation questions,191,category,705,Налоговый контроль,10,240,191,186,49,12,12,0,1.000000000000,0.958333333333,0.916666666667,0.807258302782
qdrant-native-hybrid-rrf,qdrant-1.19-native-hybrid-rrf-parity,sergeyzh/BERTA+qdrant/bm25,914c8c8aed14042ed890fc2c662d5e9e66b2faa7+qdrant-java-client-1.19.0,276b496e965c9e9123c0538b70eb0a538ee95047c903080ffb482cc651ca5b2a,clientRrf,headline_deterministic,preliminary_filtered,literal-citation questions after preliminary technical screening,186,single,single,single citation,10,240,191,186,49,139,135,4,0.829629629630,0.829629629630,0.829629629630,0.685054456344
qdrant-native-hybrid-rrf,qdrant-1.19-native-hybrid-rrf-parity,sergeyzh/BERTA+qdrant/bm25,914c8c8aed14042ed890fc2c662d5e9e66b2faa7+qdrant-java-client-1.19.0,276b496e965c9e9123c0538b70eb0a538ee95047c903080ffb482cc651ca5b2a,clientRrf,headline_deterministic,preliminary_filtered,literal-citation questions after preliminary technical screening,186,category,705,Налоговый контроль,10,240,191,186,49,12,12,0,1.000000000000,0.958333333333,0.916666666667,0.807258302782
qdrant-native-hybrid-rrf,qdrant-1.19-native-hybrid-rrf-parity,sergeyzh/BERTA+qdrant/bm25,914c8c8aed14042ed890fc2c662d5e9e66b2faa7+qdrant-java-client-1.19.0,276b496e965c9e9123c0538b70eb0a538ee95047c903080ffb482cc651ca5b2a,clientRrf,headline_deterministic,literal_citation_all,all literal-citation questions,191,single,single,single citation,20,240,191,186,49,139,139,0,0.906474820144,0.906474820144,0.906474820144,0.703615374712
qdrant-native-hybrid-rrf,qdrant-1.19-native-hybrid-rrf-parity,sergeyzh/BERTA+qdrant/bm25,914c8c8aed14042ed890fc2c662d5e9e66b2faa7+qdrant-java-client-1.19.0,276b496e965c9e9123c0538b70eb0a538ee95047c903080ffb482cc651ca5b2a,clientRrf,headline_deterministic,literal_citation_all,all literal-citation questions,191,category,705,Налоговый контроль,20,240,191,186,49,12,12,0,1.000000000000,0.958333333333,0.916666666667,0.807258302782
qdrant-native-hybrid-rrf,qdrant-1.19-native-hybrid-rrf-parity,sergeyzh/BERTA+qdrant/bm25,914c8c8aed14042ed890fc2c662d5e9e66b2faa7+qdrant-java-client-1.19.0,276b496e965c9e9123c0538b70eb0a538ee95047c903080ffb482cc651ca5b2a,clientRrf,headline_deterministic,preliminary_filtered,literal-citation questions after preliminary technical screening,186,single,single,single citation,20,240,191,186,49,139,135,4,0.911111111111,0.911111111111,0.911111111111,0.705944719148
qdrant-native-hybrid-rrf,qdrant-1.19-native-hybrid-rrf-parity,sergeyzh/BERTA+qdrant/bm25,914c8c8aed14042ed890fc2c662d5e9e66b2faa7+qdrant-java-client-1.19.0,276b496e965c9e9123c0538b70eb0a538ee95047c903080ffb482cc651ca5b2a,clientRrf,headline_deterministic,preliminary_filtered,literal-citation questions after preliminary technical screening,186,category,705,Налоговый контроль,20,240,191,186,49,12,12,0,1.000000000000,0.958333333333,0.916666666667,0.807258302782
qdrant-native-hybrid-rrf,qdrant-1.19-native-hybrid-rrf-parity,sergeyzh/BERTA+qdrant/bm25,914c8c8aed14042ed890fc2c662d5e9e66b2faa7+qdrant-java-client-1.19.0,276b496e965c9e9123c0538b70eb0a538ee95047c903080ffb482cc651ca5b2a,clientRrf,headline_deterministic,literal_citation_all,all literal-citation questions,191,single,single,single citation,50,240,191,186,49,139,139,0,0.978417266187,0.978417266187,0.978417266187,0.718279103917
qdrant-native-hybrid-rrf,qdrant-1.19-native-hybrid-rrf-parity,sergeyzh/BERTA+qdrant/bm25,914c8c8aed14042ed890fc2c662d5e9e66b2faa7+qdrant-java-client-1.19.0,276b496e965c9e9123c0538b70eb0a538ee95047c903080ffb482cc651ca5b2a,clientRrf,headline_deterministic,literal_citation_all,all literal-citation questions,191,category,705,Налоговый контроль,50,240,191,186,49,12,12,0,1.000000000000,0.958333333333,0.916666666667,0.807258302782
qdrant-native-hybrid-rrf,qdrant-1.19-native-hybrid-rrf-parity,sergeyzh/BERTA+qdrant/bm25,914c8c8aed14042ed890fc2c662d5e9e66b2faa7+qdrant-java-client-1.19.0,276b496e965c9e9123c0538b70eb0a538ee95047c903080ffb482cc651ca5b2a,clientRrf,headline_deterministic,preliminary_filtered,literal-citation questions after preliminary technical screening,186,single,single,single citation,50,240,191,186,49,139,135,4,0.977777777778,0.977777777778,0.977777777778,0.719381863853
qdrant-native-hybrid-rrf,qdrant-1.19-native-hybrid-rrf-parity,sergeyzh/BERTA+qdrant/bm25,914c8c8aed14042ed890fc2c662d5e9e66b2faa7+qdrant-java-client-1.19.0,276b496e965c9e9123c0538b70eb0a538ee95047c903080ffb482cc651ca5b2a,clientRrf,headline_deterministic,preliminary_filtered,literal-citation questions after preliminary technical screening,186,category,705,Налоговый контроль,50,240,191,186,49,12,12,0,1.000000000000,0.958333333333,0.916666666667,0.807258302782
qdrant-native-hybrid-rrf,qdrant-1.19-native-hybrid-rrf-parity,sergeyzh/BERTA+qdrant/bm25,914c8c8aed14042ed890fc2c662d5e9e66b2faa7+qdrant-java-client-1.19.0,276b496e965c9e9123c0538b70eb0a538ee95047c903080ffb482cc651ca5b2a,clientRrf,headline_deterministic,literal_citation_all,all literal-citation questions,191,category,263,НДФЛ,10,240,191,186,49,15,15,0,0.933333333333,0.877777777778,0.800000000000,0.859659830993
qdrant-native-hybrid-rrf,qdrant-1.19-native-hybrid-rrf-parity,sergeyzh/BERTA+qdrant/bm25,914c8c8aed14042ed890fc2c662d5e9e66b2faa7+qdrant-java-client-1.19.0,276b496e965c9e9123c0538b70eb0a538ee95047c903080ffb482cc651ca5b2a,clientRrf,headline_deterministic,preliminary_filtered,literal-citation questions after preliminary technical screening,186,category,263,НДФЛ,10,240,191,186,49,15,15,0,0.933333333333,0.877777777778,0.800000000000,0.859659830993
qdrant-native-hybrid-rrf,qdrant-1.19-native-hybrid-rrf-parity,sergeyzh/BERTA+qdrant/bm25,914c8c8aed14042ed890fc2c662d5e9e66b2faa7+qdrant-java-client-1.19.0,276b496e965c9e9123c0538b70eb0a538ee95047c903080ffb482cc651ca5b2a,clientRrf,headline_deterministic,literal_citation_all,all literal-citation questions,191,category,263,НДФЛ,20,240,191,186,49,15,15,0,1.000000000000,0.911111111111,0.800000000000,0.873754957639
qdrant-native-hybrid-rrf,qdrant-1.19-native-hybrid-rrf-parity,sergeyzh/BERTA+qdrant/bm25,914c8c8aed14042ed890fc2c662d5e9e66b2faa7+qdrant-java-client-1.19.0,276b496e965c9e9123c0538b70eb0a538ee95047c903080ffb482cc651ca5b2a,clientRrf,headline_deterministic,preliminary_filtered,literal-citation questions after preliminary technical screening,186,category,263,НДФЛ,20,240,191,186,49,15,15,0,1.000000000000,0.911111111111,0.800000000000,0.873754957639
qdrant-native-hybrid-rrf,qdrant-1.19-native-hybrid-rrf-parity,sergeyzh/BERTA+qdrant/bm25,914c8c8aed14042ed890fc2c662d5e9e66b2faa7+qdrant-java-client-1.19.0,276b496e965c9e9123c0538b70eb0a538ee95047c903080ffb482cc651ca5b2a,clientRrf,headline_deterministic,literal_citation_all,all literal-citation questions,191,category,263,НДФЛ,50,240,191,186,49,15,15,0,1.000000000000,0.911111111111,0.800000000000,0.873754957639
qdrant-native-hybrid-rrf,qdrant-1.19-native-hybrid-rrf-parity,sergeyzh/BERTA+qdrant/bm25,914c8c8aed14042ed890fc2c662d5e9e66b2faa7+qdrant-java-client-1.19.0,276b496e965c9e9123c0538b70eb0a538ee95047c903080ffb482cc651ca5b2a,clientRrf,headline_deterministic,preliminary_filtered,literal-citation questions after preliminary technical screening,186,category,263,НДФЛ,50,240,191,186,49,15,15,0,1.000000000000,0.911111111111,0.800000000000,0.873754957639
qdrant-native-hybrid-rrf,qdrant-1.19-native-hybrid-rrf-parity,sergeyzh/BERTA+qdrant/bm25,914c8c8aed14042ed890fc2c662d5e9e66b2faa7+qdrant-java-client-1.19.0,276b496e965c9e9123c0538b70eb0a538ee95047c903080ffb482cc651ca5b2a,clientRrf,headline_deterministic,literal_citation_all,all literal-citation questions,191,category,704,Трансфертное ценообразование,10,240,191,186,49,17,17,0,1.000000000000,1.000000000000,1.000000000000,0.870446848249
qdrant-native-hybrid-rrf,qdrant-1.19-native-hybrid-rrf-parity,sergeyzh/BERTA+qdrant/bm25,914c8c8aed14042ed890fc2c662d5e9e66b2faa7+qdrant-java-client-1.19.0,276b496e965c9e9123c0538b70eb0a538ee95047c903080ffb482cc651ca5b2a,clientRrf,headline_deterministic,preliminary_filtered,literal-citation questions after preliminary technical screening,186,category,704,Трансфертное ценообразование,10,240,191,186,49,17,17,0,1.000000000000,1.000000000000,1.000000000000,0.870446848249
qdrant-native-hybrid-rrf,qdrant-1.19-native-hybrid-rrf-parity,sergeyzh/BERTA+qdrant/bm25,914c8c8aed14042ed890fc2c662d5e9e66b2faa7+qdrant-java-client-1.19.0,276b496e965c9e9123c0538b70eb0a538ee95047c903080ffb482cc651ca5b2a,clientRrf,headline_deterministic,literal_citation_all,all literal-citation questions,191,category,704,Трансфертное ценообразование,20,240,191,186,49,17,17,0,1.000000000000,1.000000000000,1.000000000000,0.870446848249
qdrant-native-hybrid-rrf,qdrant-1.19-native-hybrid-rrf-parity,sergeyzh/BERTA+qdrant/bm25,914c8c8aed14042ed890fc2c662d5e9e66b2faa7+qdrant-java-client-1.19.0,276b496e965c9e9123c0538b70eb0a538ee95047c903080ffb482cc651ca5b2a,clientRrf,headline_deterministic,preliminary_filtered,literal-citation questions after preliminary technical screening,186,category,704,Трансфертное ценообразование,20,240,191,186,49,17,17,0,1.000000000000,1.000000000000,1.000000000000,0.870446848249
qdrant-native-hybrid-rrf,qdrant-1.19-native-hybrid-rrf-parity,sergeyzh/BERTA+qdrant/bm25,914c8c8aed14042ed890fc2c662d5e9e66b2faa7+qdrant-java-client-1.19.0,276b496e965c9e9123c0538b70eb0a538ee95047c903080ffb482cc651ca5b2a,clientRrf,headline_deterministic,literal_citation_all,all literal-citation questions,191,category,704,Трансфертное ценообразование,50,240,191,186,49,17,17,0,1.000000000000,1.000000000000,1.000000000000,0.870446848249
qdrant-native-hybrid-rrf,qdrant-1.19-native-hybrid-rrf-parity,sergeyzh/BERTA+qdrant/bm25,914c8c8aed14042ed890fc2c662d5e9e66b2faa7+qdrant-java-client-1.19.0,276b496e965c9e9123c0538b70eb0a538ee95047c903080ffb482cc651ca5b2a,clientRrf,headline_deterministic,preliminary_filtered,literal-citation questions after preliminary technical screening,186,category,704,Трансфертное ценообразование,50,240,191,186,49,17,17,0,1.000000000000,1.000000000000,1.000000000000,0.870446848249
qdrant-native-hybrid-rrf,qdrant-1.19-native-hybrid-rrf-parity,sergeyzh/BERTA+qdrant/bm25,914c8c8aed14042ed890fc2c662d5e9e66b2faa7+qdrant-java-client-1.19.0,276b496e965c9e9123c0538b70eb0a538ee95047c903080ffb482cc651ca5b2a,clientRrf,headline_deterministic,literal_citation_all,all literal-citation questions,191,category,246,Урегулирование задолженности,10,240,191,186,49,9,9,0,0.888888888889,0.833333333333,0.777777777778,0.604823607938
qdrant-native-hybrid-rrf,qdrant-1.19-native-hybrid-rrf-parity,sergeyzh/BERTA+qdrant/bm25,914c8c8aed14042ed890fc2c662d5e9e66b2faa7+qdrant-java-client-1.19.0,276b496e965c9e9123c0538b70eb0a538ee95047c903080ffb482cc651ca5b2a,clientRrf,headline_deterministic,preliminary_filtered,literal-citation questions after preliminary technical screening,186,category,246,Урегулирование задолженности,10,240,191,186,49,9,9,0,0.888888888889,0.833333333333,0.777777777778,0.604823607938
qdrant-native-hybrid-rrf,qdrant-1.19-native-hybrid-rrf-parity,sergeyzh/BERTA+qdrant/bm25,914c8c8aed14042ed890fc2c662d5e9e66b2faa7+qdrant-java-client-1.19.0,276b496e965c9e9123c0538b70eb0a538ee95047c903080ffb482cc651ca5b2a,clientRrf,headline_deterministic,literal_citation_all,all literal-citation questions,191,category,246,Урегулирование задолженности,20,240,191,186,49,9,9,0,0.888888888889,0.888888888889,0.888888888889,0.621855474404
qdrant-native-hybrid-rrf,qdrant-1.19-native-hybrid-rrf-parity,sergeyzh/BERTA+qdrant/bm25,914c8c8aed14042ed890fc2c662d5e9e66b2faa7+qdrant-java-client-1.19.0,276b496e965c9e9123c0538b70eb0a538ee95047c903080ffb482cc651ca5b2a,clientRrf,headline_deterministic,preliminary_filtered,literal-citation questions after preliminary technical screening,186,category,246,Урегулирование задолженности,20,240,191,186,49,9,9,0,0.888888888889,0.888888888889,0.888888888889,0.621855474404
qdrant-native-hybrid-rrf,qdrant-1.19-native-hybrid-rrf-parity,sergeyzh/BERTA+qdrant/bm25,914c8c8aed14042ed890fc2c662d5e9e66b2faa7+qdrant-java-client-1.19.0,276b496e965c9e9123c0538b70eb0a538ee95047c903080ffb482cc651ca5b2a,clientRrf,headline_deterministic,literal_citation_all,all literal-citation questions,191,category,246,Урегулирование задолженности,50,240,191,186,49,9,9,0,0.888888888889,0.888888888889,0.888888888889,0.621855474404
qdrant-native-hybrid-rrf,qdrant-1.19-native-hybrid-rrf-parity,sergeyzh/BERTA+qdrant/bm25,914c8c8aed14042ed890fc2c662d5e9e66b2faa7+qdrant-java-client-1.19.0,276b496e965c9e9123c0538b70eb0a538ee95047c903080ffb482cc651ca5b2a,clientRrf,headline_deterministic,preliminary_filtered,literal-citation questions after preliminary technical screening,186,category,246,Урегулирование задолженности,50,240,191,186,49,9,9,0,0.888888888889,0.888888888889,0.888888888889,0.621855474404
qdrant-native-hybrid-rrf,qdrant-1.19-native-hybrid-rrf-parity,sergeyzh/BERTA+qdrant/bm25,914c8c8aed14042ed890fc2c662d5e9e66b2faa7+qdrant-java-client-1.19.0,276b496e965c9e9123c0538b70eb0a538ee95047c903080ffb482cc651ca5b2a,clientRrf,headline_deterministic,literal_citation_all,all literal-citation questions,191,category,1028,Единый налоговый счет,10,240,191,186,49,14,14,0,0.571428571429,0.476190476190,0.357142857143,0.344414228797
qdrant-native-hybrid-rrf,qdrant-1.19-native-hybrid-rrf-parity,sergeyzh/BERTA+qdrant/bm25,914c8c8aed14042ed890fc2c662d5e9e66b2faa7+qdrant-java-client-1.19.0,276b496e965c9e9123c0538b70eb0a538ee95047c903080ffb482cc651ca5b2a,clientRrf,headline_deterministic,preliminary_filtered,literal-citation questions after preliminary technical screening,186,category,1028,Единый налоговый счет,10,240,191,186,49,14,13,1,0.615384615385,0.512820512821,0.384615384615,0.370907631012
qdrant-native-hybrid-rrf,qdrant-1.19-native-hybrid-rrf-parity,sergeyzh/BERTA+qdrant/bm25,914c8c8aed14042ed890fc2c662d5e9e66b2faa7+qdrant-java-client-1.19.0,276b496e965c9e9123c0538b70eb0a538ee95047c903080ffb482cc651ca5b2a,clientRrf,headline_deterministic,literal_citation_all,all literal-citation questions,191,category,1028,Единый налоговый счет,20,240,191,186,49,14,14,0,0.857142857143,0.690476190476,0.500000000000,0.402246398807
qdrant-native-hybrid-rrf,qdrant-1.19-native-hybrid-rrf-parity,sergeyzh/BERTA+qdrant/bm25,914c8c8aed14042ed890fc2c662d5e9e66b2faa7+qdrant-java-client-1.19.0,276b496e965c9e9123c0538b70eb0a538ee95047c903080ffb482cc651ca5b2a,clientRrf,headline_deterministic,preliminary_filtered,literal-citation questions after preliminary technical screening,186,category,1028,Единый налоговый счет,20,240,191,186,49,14,13,1,0.846153846154,0.705128205128,0.538461538462,0.421116126071
qdrant-native-hybrid-rrf,qdrant-1.19-native-hybrid-rrf-parity,sergeyzh/BERTA+qdrant/bm25,914c8c8aed14042ed890fc2c662d5e9e66b2faa7+qdrant-java-client-1.19.0,276b496e965c9e9123c0538b70eb0a538ee95047c903080ffb482cc651ca5b2a,clientRrf,headline_deterministic,literal_citation_all,all literal-citation questions,191,category,1028,Единый налоговый счет,50,240,191,186,49,14,14,0,1.000000000000,0.940476190476,0.857142857143,0.459042664918
qdrant-native-hybrid-rrf,qdrant-1.19-native-hybrid-rrf-parity,sergeyzh/BERTA+qdrant/bm25,914c8c8aed14042ed890fc2c662d5e9e66b2faa7+qdrant-java-client-1.19.0,276b496e965c9e9123c0538b70eb0a538ee95047c903080ffb482cc651ca5b2a,clientRrf,headline_deterministic,preliminary_filtered,literal-citation questions after preliminary technical screening,186,category,1028,Единый налоговый счет,50,240,191,186,49,14,13,1,1.000000000000,0.935897435897,0.846153846154,0.472247132229
qdrant-native-hybrid-rrf,qdrant-1.19-native-hybrid-rrf-parity,sergeyzh/BERTA+qdrant/bm25,914c8c8aed14042ed890fc2c662d5e9e66b2faa7+qdrant-java-client-1.19.0,276b496e965c9e9123c0538b70eb0a538ee95047c903080ffb482cc651ca5b2a,clientRrf,headline_deterministic,literal_citation_all,all literal-citation questions,191,category,746,Патентная система,10,240,191,186,49,16,16,0,0.812500000000,0.601041666667,0.500000000000,0.479832559866
qdrant-native-hybrid-rrf,qdrant-1.19-native-hybrid-rrf-parity,sergeyzh/BERTA+qdrant/bm25,914c8c8aed14042ed890fc2c662d5e9e66b2faa7+qdrant-java-client-1.19.0,276b496e965c9e9123c0538b70eb0a538ee95047c903080ffb482cc651ca5b2a,clientRrf,headline_deterministic,preliminary_filtered,literal-citation questions after preliminary technical screening,186,category,746,Патентная система,10,240,191,186,49,16,16,0,0.812500000000,0.601041666667,0.500000000000,0.479832559866
qdrant-native-hybrid-rrf,qdrant-1.19-native-hybrid-rrf-parity,sergeyzh/BERTA+qdrant/bm25,914c8c8aed14042ed890fc2c662d5e9e66b2faa7+qdrant-java-client-1.19.0,276b496e965c9e9123c0538b70eb0a538ee95047c903080ffb482cc651ca5b2a,clientRrf,headline_deterministic,literal_citation_all,all literal-citation questions,191,category,746,Патентная система,20,240,191,186,49,16,16,0,0.937500000000,0.783333333333,0.687500000000,0.530635431141
qdrant-native-hybrid-rrf,qdrant-1.19-native-hybrid-rrf-parity,sergeyzh/BERTA+qdrant/bm25,914c8c8aed14042ed890fc2c662d5e9e66b2faa7+qdrant-java-client-1.19.0,276b496e965c9e9123c0538b70eb0a538ee95047c903080ffb482cc651ca5b2a,clientRrf,headline_deterministic,preliminary_filtered,literal-citation questions after preliminary technical screening,186,category,746,Патентная система,20,240,191,186,49,16,16,0,0.937500000000,0.783333333333,0.687500000000,0.530635431141
qdrant-native-hybrid-rrf,qdrant-1.19-native-hybrid-rrf-parity,sergeyzh/BERTA+qdrant/bm25,914c8c8aed14042ed890fc2c662d5e9e66b2faa7+qdrant-java-client-1.19.0,276b496e965c9e9123c0538b70eb0a538ee95047c903080ffb482cc651ca5b2a,clientRrf,headline_deterministic,literal_citation_all,all literal-citation questions,191,category,746,Патентная система,50,240,191,186,49,16,16,0,1.000000000000,0.931250000000,0.875000000000,0.568670934047
qdrant-native-hybrid-rrf,qdrant-1.19-native-hybrid-rrf-parity,sergeyzh/BERTA+qdrant/bm25,914c8c8aed14042ed890fc2c662d5e9e66b2faa7+qdrant-java-client-1.19.0,276b496e965c9e9123c0538b70eb0a538ee95047c903080ffb482cc651ca5b2a,clientRrf,headline_deterministic,preliminary_filtered,literal-citation questions after preliminary technical screening,186,category,746,Патентная система,50,240,191,186,49,16,16,0,1.000000000000,0.931250000000,0.875000000000,0.568670934047
qdrant-native-hybrid-rrf,qdrant-1.19-native-hybrid-rrf-parity,sergeyzh/BERTA+qdrant/bm25,914c8c8aed14042ed890fc2c662d5e9e66b2faa7+qdrant-java-client-1.19.0,276b496e965c9e9123c0538b70eb0a538ee95047c903080ffb482cc651ca5b2a,clientRrf,headline_deterministic,literal_citation_all,all literal-citation questions,191,category,882,Страховые взносы,10,240,191,186,49,14,14,0,0.857142857143,0.821428571429,0.785714285714,0.752913063135
qdrant-native-hybrid-rrf,qdrant-1.19-native-hybrid-rrf-parity,sergeyzh/BERTA+qdrant/bm25,914c8c8aed14042ed890fc2c662d5e9e66b2faa7+qdrant-java-client-1.19.0,276b496e965c9e9123c0538b70eb0a538ee95047c903080ffb482cc651ca5b2a,clientRrf,headline_deterministic,preliminary_filtered,literal-citation questions after preliminary technical screening,186,category,882,Страховые взносы,10,240,191,186,49,14,13,1,0.846153846154,0.807692307692,0.769230769231,0.733906375684
qdrant-native-hybrid-rrf,qdrant-1.19-native-hybrid-rrf-parity,sergeyzh/BERTA+qdrant/bm25,914c8c8aed14042ed890fc2c662d5e9e66b2faa7+qdrant-java-client-1.19.0,276b496e965c9e9123c0538b70eb0a538ee95047c903080ffb482cc651ca5b2a,clientRrf,headline_deterministic,literal_citation_all,all literal-citation questions,191,category,882,Страховые взносы,20,240,191,186,49,14,14,0,1.000000000000,0.964285714286,0.928571428571,0.788803206107
qdrant-native-hybrid-rrf,qdrant-1.19-native-hybrid-rrf-parity,sergeyzh/BERTA+qdrant/bm25,914c8c8aed14042ed890fc2c662d5e9e66b2faa7+qdrant-java-client-1.19.0,276b496e965c9e9123c0538b70eb0a538ee95047c903080ffb482cc651ca5b2a,clientRrf,headline_deterministic,preliminary_filtered,literal-citation questions after preliminary technical screening,186,category,882,Страховые взносы,20,240,191,186,49,14,13,1,1.000000000000,0.961538461538,0.923076923077,0.772557298884
qdrant-native-hybrid-rrf,qdrant-1.19-native-hybrid-rrf-parity,sergeyzh/BERTA+qdrant/bm25,914c8c8aed14042ed890fc2c662d5e9e66b2faa7+qdrant-java-client-1.19.0,276b496e965c9e9123c0538b70eb0a538ee95047c903080ffb482cc651ca5b2a,clientRrf,headline_deterministic,literal_citation_all,all literal-citation questions,191,category,882,Страховые взносы,50,240,191,186,49,14,14,0,1.000000000000,0.964285714286,0.928571428571,0.788803206107
qdrant-native-hybrid-rrf,qdrant-1.19-native-hybrid-rrf-parity,sergeyzh/BERTA+qdrant/bm25,914c8c8aed14042ed890fc2c662d5e9e66b2faa7+qdrant-java-client-1.19.0,276b496e965c9e9123c0538b70eb0a538ee95047c903080ffb482cc651ca5b2a,clientRrf,headline_deterministic,preliminary_filtered,literal-citation questions after preliminary technical screening,186,category,882,Страховые взносы,50,240,191,186,49,14,13,1,1.000000000000,0.961538461538,0.923076923077,0.772557298884
qdrant-native-hybrid-rrf,qdrant-1.19-native-hybrid-rrf-parity,sergeyzh/BERTA+qdrant/bm25,914c8c8aed14042ed890fc2c662d5e9e66b2faa7+qdrant-java-client-1.19.0,276b496e965c9e9123c0538b70eb0a538ee95047c903080ffb482cc651ca5b2a,clientRrf,headline_deterministic,literal_citation_all,all literal-citation questions,191,category,268,Акцизы,10,240,191,186,49,14,14,0,0.857142857143,0.807142857143,0.714285714286,0.626583582851
qdrant-native-hybrid-rrf,qdrant-1.19-native-hybrid-rrf-parity,sergeyzh/BERTA+qdrant/bm25,914c8c8aed14042ed890fc2c662d5e9e66b2faa7+qdrant-java-client-1.19.0,276b496e965c9e9123c0538b70eb0a538ee95047c903080ffb482cc651ca5b2a,clientRrf,headline_deterministic,preliminary_filtered,literal-citation questions after preliminary technical screening,186,category,268,Акцизы,10,240,191,186,49,14,14,0,0.857142857143,0.807142857143,0.714285714286,0.626583582851
qdrant-native-hybrid-rrf,qdrant-1.19-native-hybrid-rrf-parity,sergeyzh/BERTA+qdrant/bm25,914c8c8aed14042ed890fc2c662d5e9e66b2faa7+qdrant-java-client-1.19.0,276b496e965c9e9123c0538b70eb0a538ee95047c903080ffb482cc651ca5b2a,clientRrf,headline_deterministic,literal_citation_all,all literal-citation questions,191,category,268,Акцизы,20,240,191,186,49,14,14,0,0.928571428571,0.892857142857,0.857142857143,0.653265675162
qdrant-native-hybrid-rrf,qdrant-1.19-native-hybrid-rrf-parity,sergeyzh/BERTA+qdrant/bm25,914c8c8aed14042ed890fc2c662d5e9e66b2faa7+qdrant-java-client-1.19.0,276b496e965c9e9123c0538b70eb0a538ee95047c903080ffb482cc651ca5b2a,clientRrf,headline_deterministic,preliminary_filtered,literal-citation questions after preliminary technical screening,186,category,268,Акцизы,20,240,191,186,49,14,14,0,0.928571428571,0.892857142857,0.857142857143,0.653265675162
qdrant-native-hybrid-rrf,qdrant-1.19-native-hybrid-rrf-parity,sergeyzh/BERTA+qdrant/bm25,914c8c8aed14042ed890fc2c662d5e9e66b2faa7+qdrant-java-client-1.19.0,276b496e965c9e9123c0538b70eb0a538ee95047c903080ffb482cc651ca5b2a,clientRrf,headline_deterministic,literal_citation_all,all literal-citation questions,191,category,268,Акцизы,50,240,191,186,49,14,14,0,1.000000000000,0.964285714286,0.928571428571,0.665987360416
qdrant-native-hybrid-rrf,qdrant-1.19-native-hybrid-rrf-parity,sergeyzh/BERTA+qdrant/bm25,914c8c8aed14042ed890fc2c662d5e9e66b2faa7+qdrant-java-client-1.19.0,276b496e965c9e9123c0538b70eb0a538ee95047c903080ffb482cc651ca5b2a,clientRrf,headline_deterministic,preliminary_filtered,literal-citation questions after preliminary technical screening,186,category,268,Акцизы,50,240,191,186,49,14,14,0,1.000000000000,0.964285714286,0.928571428571,0.665987360416
qdrant-native-hybrid-rrf,qdrant-1.19-native-hybrid-rrf-parity,sergeyzh/BERTA+qdrant/bm25,914c8c8aed14042ed890fc2c662d5e9e66b2faa7+qdrant-java-client-1.19.0,276b496e965c9e9123c0538b70eb0a538ee95047c903080ffb482cc651ca5b2a,clientRrf,headline_deterministic,literal_citation_all,all literal-citation questions,191,category,270,ЕСХН,10,240,191,186,49,16,16,0,0.875000000000,0.875000000000,0.875000000000,0.747043345469
qdrant-native-hybrid-rrf,qdrant-1.19-native-hybrid-rrf-parity,sergeyzh/BERTA+qdrant/bm25,914c8c8aed14042ed890fc2c662d5e9e66b2faa7+qdrant-java-client-1.19.0,276b496e965c9e9123c0538b70eb0a538ee95047c903080ffb482cc651ca5b2a,clientRrf,headline_deterministic,preliminary_filtered,literal-citation questions after preliminary technical screening,186,category,270,ЕСХН,10,240,191,186,49,16,16,0,0.875000000000,0.875000000000,0.875000000000,0.747043345469
qdrant-native-hybrid-rrf,qdrant-1.19-native-hybrid-rrf-parity,sergeyzh/BERTA+qdrant/bm25,914c8c8aed14042ed890fc2c662d5e9e66b2faa7+qdrant-java-client-1.19.0,276b496e965c9e9123c0538b70eb0a538ee95047c903080ffb482cc651ca5b2a,clientRrf,headline_deterministic,literal_citation_all,all literal-citation questions,191,category,270,ЕСХН,20,240,191,186,49,16,16,0,1.000000000000,1.000000000000,1.000000000000,0.780474656123
qdrant-native-hybrid-rrf,qdrant-1.19-native-hybrid-rrf-parity,sergeyzh/BERTA+qdrant/bm25,914c8c8aed14042ed890fc2c662d5e9e66b2faa7+qdrant-java-client-1.19.0,276b496e965c9e9123c0538b70eb0a538ee95047c903080ffb482cc651ca5b2a,clientRrf,headline_deterministic,preliminary_filtered,literal-citation questions after preliminary technical screening,186,category,270,ЕСХН,20,240,191,186,49,16,16,0,1.000000000000,1.000000000000,1.000000000000,0.780474656123
qdrant-native-hybrid-rrf,qdrant-1.19-native-hybrid-rrf-parity,sergeyzh/BERTA+qdrant/bm25,914c8c8aed14042ed890fc2c662d5e9e66b2faa7+qdrant-java-client-1.19.0,276b496e965c9e9123c0538b70eb0a538ee95047c903080ffb482cc651ca5b2a,clientRrf,headline_deterministic,literal_citation_all,all literal-citation questions,191,category,270,ЕСХН,50,240,191,186,49,16,16,0,1.000000000000,1.000000000000,1.000000000000,0.780474656123
qdrant-native-hybrid-rrf,qdrant-1.19-native-hybrid-rrf-parity,sergeyzh/BERTA+qdrant/bm25,914c8c8aed14042ed890fc2c662d5e9e66b2faa7+qdrant-java-client-1.19.0,276b496e965c9e9123c0538b70eb0a538ee95047c903080ffb482cc651ca5b2a,clientRrf,headline_deterministic,preliminary_filtered,literal-citation questions after preliminary technical screening,186,category,270,ЕСХН,50,240,191,186,49,16,16,0,1.000000000000,1.000000000000,1.000000000000,0.780474656123
qdrant-native-hybrid-rrf,qdrant-1.19-native-hybrid-rrf-parity,sergeyzh/BERTA+qdrant/bm25,914c8c8aed14042ed890fc2c662d5e9e66b2faa7+qdrant-java-client-1.19.0,276b496e965c9e9123c0538b70eb0a538ee95047c903080ffb482cc651ca5b2a,clientRrf,headline_deterministic,literal_citation_all,all literal-citation questions,191,category,264,Налог на прибыль,10,240,191,186,49,17,17,0,0.882352941176,0.794117647059,0.705882352941,0.655482576443
qdrant-native-hybrid-rrf,qdrant-1.19-native-hybrid-rrf-parity,sergeyzh/BERTA+qdrant/bm25,914c8c8aed14042ed890fc2c662d5e9e66b2faa7+qdrant-java-client-1.19.0,276b496e965c9e9123c0538b70eb0a538ee95047c903080ffb482cc651ca5b2a,clientRrf,headline_deterministic,preliminary_filtered,literal-citation questions after preliminary technical screening,186,category,264,Налог на прибыль,10,240,191,186,49,17,17,0,0.882352941176,0.794117647059,0.705882352941,0.655482576443
qdrant-native-hybrid-rrf,qdrant-1.19-native-hybrid-rrf-parity,sergeyzh/BERTA+qdrant/bm25,914c8c8aed14042ed890fc2c662d5e9e66b2faa7+qdrant-java-client-1.19.0,276b496e965c9e9123c0538b70eb0a538ee95047c903080ffb482cc651ca5b2a,clientRrf,headline_deterministic,literal_citation_all,all literal-citation questions,191,category,264,Налог на прибыль,20,240,191,186,49,17,17,0,0.882352941176,0.852941176471,0.823529411765,0.673538266883
qdrant-native-hybrid-rrf,qdrant-1.19-native-hybrid-rrf-parity,sergeyzh/BERTA+qdrant/bm25,914c8c8aed14042ed890fc2c662d5e9e66b2faa7+qdrant-java-client-1.19.0,276b496e965c9e9123c0538b70eb0a538ee95047c903080ffb482cc651ca5b2a,clientRrf,headline_deterministic,preliminary_filtered,literal-citation questions after preliminary technical screening,186,category,264,Налог на прибыль,20,240,191,186,49,17,17,0,0.882352941176,0.852941176471,0.823529411765,0.673538266883
qdrant-native-hybrid-rrf,qdrant-1.19-native-hybrid-rrf-parity,sergeyzh/BERTA+qdrant/bm25,914c8c8aed14042ed890fc2c662d5e9e66b2faa7+qdrant-java-client-1.19.0,276b496e965c9e9123c0538b70eb0a538ee95047c903080ffb482cc651ca5b2a,clientRrf,headline_deterministic,literal_citation_all,all literal-citation questions,191,category,264,Налог на прибыль,50,240,191,186,49,17,17,0,1.000000000000,1.000000000000,1.000000000000,0.705024982473
qdrant-native-hybrid-rrf,qdrant-1.19-native-hybrid-rrf-parity,sergeyzh/BERTA+qdrant/bm25,914c8c8aed14042ed890fc2c662d5e9e66b2faa7+qdrant-java-client-1.19.0,276b496e965c9e9123c0538b70eb0a538ee95047c903080ffb482cc651ca5b2a,clientRrf,headline_deterministic,preliminary_filtered,literal-citation questions after preliminary technical screening,186,category,264,Налог на прибыль,50,240,191,186,49,17,17,0,1.000000000000,1.000000000000,1.000000000000,0.705024982473
qdrant-native-hybrid-rrf,qdrant-1.19-native-hybrid-rrf-parity,sergeyzh/BERTA+qdrant/bm25,914c8c8aed14042ed890fc2c662d5e9e66b2faa7+qdrant-java-client-1.19.0,276b496e965c9e9123c0538b70eb0a538ee95047c903080ffb482cc651ca5b2a,clientRrf,headline_deterministic,literal_citation_all,all literal-citation questions,191,category,259,Налог на имущество,10,240,191,186,49,16,16,0,0.812500000000,0.750000000000,0.625000000000,0.580300839745
qdrant-native-hybrid-rrf,qdrant-1.19-native-hybrid-rrf-parity,sergeyzh/BERTA+qdrant/bm25,914c8c8aed14042ed890fc2c662d5e9e66b2faa7+qdrant-java-client-1.19.0,276b496e965c9e9123c0538b70eb0a538ee95047c903080ffb482cc651ca5b2a,clientRrf,headline_deterministic,preliminary_filtered,literal-citation questions after preliminary technical screening,186,category,259,Налог на имущество,10,240,191,186,49,16,16,0,0.812500000000,0.750000000000,0.625000000000,0.580300839745
qdrant-native-hybrid-rrf,qdrant-1.19-native-hybrid-rrf-parity,sergeyzh/BERTA+qdrant/bm25,914c8c8aed14042ed890fc2c662d5e9e66b2faa7+qdrant-java-client-1.19.0,276b496e965c9e9123c0538b70eb0a538ee95047c903080ffb482cc651ca5b2a,clientRrf,headline_deterministic,literal_citation_all,all literal-citation questions,191,category,259,Налог на имущество,20,240,191,186,49,16,16,0,0.875000000000,0.843750000000,0.750000000000,0.606296860572
qdrant-native-hybrid-rrf,qdrant-1.19-native-hybrid-rrf-parity,sergeyzh/BERTA+qdrant/bm25,914c8c8aed14042ed890fc2c662d5e9e66b2faa7+qdrant-java-client-1.19.0,276b496e965c9e9123c0538b70eb0a538ee95047c903080ffb482cc651ca5b2a,clientRrf,headline_deterministic,preliminary_filtered,literal-citation questions after preliminary technical screening,186,category,259,Налог на имущество,20,240,191,186,49,16,16,0,0.875000000000,0.843750000000,0.750000000000,0.606296860572
qdrant-native-hybrid-rrf,qdrant-1.19-native-hybrid-rrf-parity,sergeyzh/BERTA+qdrant/bm25,914c8c8aed14042ed890fc2c662d5e9e66b2faa7+qdrant-java-client-1.19.0,276b496e965c9e9123c0538b70eb0a538ee95047c903080ffb482cc651ca5b2a,clientRrf,headline_deterministic,literal_citation_all,all literal-citation questions,191,category,259,Налог на имущество,50,240,191,186,49,16,16,0,0.937500000000,0.906250000000,0.812500000000,0.620312099585
qdrant-native-hybrid-rrf,qdrant-1.19-native-hybrid-rrf-parity,sergeyzh/BERTA+qdrant/bm25,914c8c8aed14042ed890fc2c662d5e9e66b2faa7+qdrant-java-client-1.19.0,276b496e965c9e9123c0538b70eb0a538ee95047c903080ffb482cc651ca5b2a,clientRrf,headline_deterministic,preliminary_filtered,literal-citation questions after preliminary technical screening,186,category,259,Налог на имущество,50,240,191,186,49,16,16,0,0.937500000000,0.906250000000,0.812500000000,0.620312099585
qdrant-native-hybrid-rrf,qdrant-1.19-native-hybrid-rrf-parity,sergeyzh/BERTA+qdrant/bm25,914c8c8aed14042ed890fc2c662d5e9e66b2faa7+qdrant-java-client-1.19.0,276b496e965c9e9123c0538b70eb0a538ee95047c903080ffb482cc651ca5b2a,clientRrf,headline_deterministic,literal_citation_all,all literal-citation questions,191,category,265,НДС,10,240,191,186,49,12,12,0,0.750000000000,0.708333333333,0.666666666667,0.534452440367
qdrant-native-hybrid-rrf,qdrant-1.19-native-hybrid-rrf-parity,sergeyzh/BERTA+qdrant/bm25,914c8c8aed14042ed890fc2c662d5e9e66b2faa7+qdrant-java-client-1.19.0,276b496e965c9e9123c0538b70eb0a538ee95047c903080ffb482cc651ca5b2a,clientRrf,headline_deterministic,preliminary_filtered,literal-citation questions after preliminary technical screening,186,category,265,НДС,10,240,191,186,49,12,10,2,0.700000000000,0.650000000000,0.600000000000,0.491342928441
qdrant-native-hybrid-rrf,qdrant-1.19-native-hybrid-rrf-parity,sergeyzh/BERTA+qdrant/bm25,914c8c8aed14042ed890fc2c662d5e9e66b2faa7+qdrant-java-client-1.19.0,276b496e965c9e9123c0538b70eb0a538ee95047c903080ffb482cc651ca5b2a,clientRrf,headline_deterministic,literal_citation_all,all literal-citation questions,191,category,265,НДС,20,240,191,186,49,12,12,0,0.750000000000,0.750000000000,0.750000000000,0.547872675791
qdrant-native-hybrid-rrf,qdrant-1.19-native-hybrid-rrf-parity,sergeyzh/BERTA+qdrant/bm25,914c8c8aed14042ed890fc2c662d5e9e66b2faa7+qdrant-java-client-1.19.0,276b496e965c9e9123c0538b70eb0a538ee95047c903080ffb482cc651ca5b2a,clientRrf,headline_deterministic,preliminary_filtered,literal-citation questions after preliminary technical screening,186,category,265,НДС,20,240,191,186,49,12,10,2,0.700000000000,0.700000000000,0.700000000000,0.507447210950
qdrant-native-hybrid-rrf,qdrant-1.19-native-hybrid-rrf-parity,sergeyzh/BERTA+qdrant/bm25,914c8c8aed14042ed890fc2c662d5e9e66b2faa7+qdrant-java-client-1.19.0,276b496e965c9e9123c0538b70eb0a538ee95047c903080ffb482cc651ca5b2a,clientRrf,headline_deterministic,literal_citation_all,all literal-citation questions,191,category,265,НДС,50,240,191,186,49,12,12,0,0.916666666667,0.916666666667,0.916666666667,0.582541775404
qdrant-native-hybrid-rrf,qdrant-1.19-native-hybrid-rrf-parity,sergeyzh/BERTA+qdrant/bm25,914c8c8aed14042ed890fc2c662d5e9e66b2faa7+qdrant-java-client-1.19.0,276b496e965c9e9123c0538b70eb0a538ee95047c903080ffb482cc651ca5b2a,clientRrf,headline_deterministic,preliminary_filtered,literal-citation questions after preliminary technical screening,186,category,265,НДС,50,240,191,186,49,12,10,2,0.900000000000,0.900000000000,0.900000000000,0.549050130485
qdrant-native-hybrid-rrf,qdrant-1.19-native-hybrid-rrf-parity,sergeyzh/BERTA+qdrant/bm25,914c8c8aed14042ed890fc2c662d5e9e66b2faa7+qdrant-java-client-1.19.0,276b496e965c9e9123c0538b70eb0a538ee95047c903080ffb482cc651ca5b2a,clientRrf,headline_deterministic,literal_citation_all,all literal-citation questions,191,category,911,Налог на профессиональный доход,10,240,191,186,49,2,2,0,0.500000000000,0.500000000000,0.500000000000,0.325460464904
qdrant-native-hybrid-rrf,qdrant-1.19-native-hybrid-rrf-parity,sergeyzh/BERTA+qdrant/bm25,914c8c8aed14042ed890fc2c662d5e9e66b2faa7+qdrant-java-client-1.19.0,276b496e965c9e9123c0538b70eb0a538ee95047c903080ffb482cc651ca5b2a,clientRrf,headline_deterministic,preliminary_filtered,literal-citation questions after preliminary technical screening,186,category,911,Налог на профессиональный доход,10,240,191,186,49,2,2,0,0.500000000000,0.500000000000,0.500000000000,0.325460464904
qdrant-native-hybrid-rrf,qdrant-1.19-native-hybrid-rrf-parity,sergeyzh/BERTA+qdrant/bm25,914c8c8aed14042ed890fc2c662d5e9e66b2faa7+qdrant-java-client-1.19.0,276b496e965c9e9123c0538b70eb0a538ee95047c903080ffb482cc651ca5b2a,clientRrf,headline_deterministic,literal_citation_all,all literal-citation questions,191,category,911,Налог на профессиональный доход,20,240,191,186,49,2,2,0,1.000000000000,1.000000000000,1.000000000000,0.460579542117
qdrant-native-hybrid-rrf,qdrant-1.19-native-hybrid-rrf-parity,sergeyzh/BERTA+qdrant/bm25,914c8c8aed14042ed890fc2c662d5e9e66b2faa7+qdrant-java-client-1.19.0,276b496e965c9e9123c0538b70eb0a538ee95047c903080ffb482cc651ca5b2a,clientRrf,headline_deterministic,preliminary_filtered,literal-citation questions after preliminary technical screening,186,category,911,Налог на профессиональный доход,20,240,191,186,49,2,2,0,1.000000000000,1.000000000000,1.000000000000,0.460579542117
qdrant-native-hybrid-rrf,qdrant-1.19-native-hybrid-rrf-parity,sergeyzh/BERTA+qdrant/bm25,914c8c8aed14042ed890fc2c662d5e9e66b2faa7+qdrant-java-client-1.19.0,276b496e965c9e9123c0538b70eb0a538ee95047c903080ffb482cc651ca5b2a,clientRrf,headline_deterministic,literal_citation_all,all literal-citation questions,191,category,911,Налог на профессиональный доход,50,240,191,186,49,2,2,0,1.000000000000,1.000000000000,1.000000000000,0.460579542117
qdrant-native-hybrid-rrf,qdrant-1.19-native-hybrid-rrf-parity,sergeyzh/BERTA+qdrant/bm25,914c8c8aed14042ed890fc2c662d5e9e66b2faa7+qdrant-java-client-1.19.0,276b496e965c9e9123c0538b70eb0a538ee95047c903080ffb482cc651ca5b2a,clientRrf,headline_deterministic,preliminary_filtered,literal-citation questions after preliminary technical screening,186,category,911,Налог на профессиональный доход,50,240,191,186,49,2,2,0,1.000000000000,1.000000000000,1.000000000000,0.460579542117
qdrant-native-hybrid-rrf,qdrant-1.19-native-hybrid-rrf-parity,sergeyzh/BERTA+qdrant/bm25,914c8c8aed14042ed890fc2c662d5e9e66b2faa7+qdrant-java-client-1.19.0,276b496e965c9e9123c0538b70eb0a538ee95047c903080ffb482cc651ca5b2a,serverRrf,tie_aware_diagnostic,literal_citation_all,all literal-citation questions,191,all,all,all,10,240,191,186,49,191,191,0,0.853403141361,0.776178010471,0.701570680628,0.643849701801
qdrant-native-hybrid-rrf,qdrant-1.19-native-hybrid-rrf-parity,sergeyzh/BERTA+qdrant/bm25,914c8c8aed14042ed890fc2c662d5e9e66b2faa7+qdrant-java-client-1.19.0,276b496e965c9e9123c0538b70eb0a538ee95047c903080ffb482cc651ca5b2a,serverRrf,tie_aware_diagnostic,literal_citation_all,all literal-citation questions,191,multi,multi,multiple citations,10,240,191,186,49,52,52,0,0.923076923077,0.639423076923,0.365384615385,0.548171280900
qdrant-native-hybrid-rrf,qdrant-1.19-native-hybrid-rrf-parity,sergeyzh/BERTA+qdrant/bm25,914c8c8aed14042ed890fc2c662d5e9e66b2faa7+qdrant-java-client-1.19.0,276b496e965c9e9123c0538b70eb0a538ee95047c903080ffb482cc651ca5b2a,serverRrf,tie_aware_diagnostic,literal_citation_all,all literal-citation questions,191,sensitivity,without_flagged_duplicate,all eligible except flagged duplicate,10,240,191,186,49,239,190,49,0.852631578947,0.775000000000,0.700000000000,0.641975226547
qdrant-native-hybrid-rrf,qdrant-1.19-native-hybrid-rrf-parity,sergeyzh/BERTA+qdrant/bm25,914c8c8aed14042ed890fc2c662d5e9e66b2faa7+qdrant-java-client-1.19.0,276b496e965c9e9123c0538b70eb0a538ee95047c903080ffb482cc651ca5b2a,serverRrf,tie_aware_diagnostic,literal_citation_all,all literal-citation questions,191,category,267,УСН,10,240,191,186,49,17,17,0,0.882352941176,0.647058823529,0.470588235294,0.540048450344
qdrant-native-hybrid-rrf,qdrant-1.19-native-hybrid-rrf-parity,sergeyzh/BERTA+qdrant/bm25,914c8c8aed14042ed890fc2c662d5e9e66b2faa7+qdrant-java-client-1.19.0,276b496e965c9e9123c0538b70eb0a538ee95047c903080ffb482cc651ca5b2a,serverRrf,tie_aware_diagnostic,preliminary_filtered,literal-citation questions after preliminary technical screening,186,all,all,all,10,240,191,186,49,191,186,5,0.860215053763,0.780913978495,0.704301075269,0.647716629269
qdrant-native-hybrid-rrf,qdrant-1.19-native-hybrid-rrf-parity,sergeyzh/BERTA+qdrant/bm25,914c8c8aed14042ed890fc2c662d5e9e66b2faa7+qdrant-java-client-1.19.0,276b496e965c9e9123c0538b70eb0a538ee95047c903080ffb482cc651ca5b2a,serverRrf,tie_aware_diagnostic,preliminary_filtered,literal-citation questions after preliminary technical screening,186,multi,multi,multiple citations,10,240,191,186,49,52,51,1,0.941176470588,0.651960784314,0.372549019608,0.558919737389
qdrant-native-hybrid-rrf,qdrant-1.19-native-hybrid-rrf-parity,sergeyzh/BERTA+qdrant/bm25,914c8c8aed14042ed890fc2c662d5e9e66b2faa7+qdrant-java-client-1.19.0,276b496e965c9e9123c0538b70eb0a538ee95047c903080ffb482cc651ca5b2a,serverRrf,tie_aware_diagnostic,preliminary_filtered,literal-citation questions after preliminary technical screening,186,sensitivity,without_flagged_duplicate,all eligible except flagged duplicate,10,240,191,186,49,239,185,54,0.859459459459,0.779729729730,0.702702702703,0.645812394832
qdrant-native-hybrid-rrf,qdrant-1.19-native-hybrid-rrf-parity,sergeyzh/BERTA+qdrant/bm25,914c8c8aed14042ed890fc2c662d5e9e66b2faa7+qdrant-java-client-1.19.0,276b496e965c9e9123c0538b70eb0a538ee95047c903080ffb482cc651ca5b2a,serverRrf,tie_aware_diagnostic,preliminary_filtered,literal-citation questions after preliminary technical screening,186,category,267,УСН,10,240,191,186,49,17,16,1,0.937500000000,0.687500000000,0.500000000000,0.573801478491
qdrant-native-hybrid-rrf,qdrant-1.19-native-hybrid-rrf-parity,sergeyzh/BERTA+qdrant/bm25,914c8c8aed14042ed890fc2c662d5e9e66b2faa7+qdrant-java-client-1.19.0,276b496e965c9e9123c0538b70eb0a538ee95047c903080ffb482cc651ca5b2a,serverRrf,tie_aware_diagnostic,literal_citation_all,all literal-citation questions,191,all,all,all,20,240,191,186,49,191,191,0,0.931937172775,0.871029668412,0.806282722513,0.670683599905
qdrant-native-hybrid-rrf,qdrant-1.19-native-hybrid-rrf-parity,sergeyzh/BERTA+qdrant/bm25,914c8c8aed14042ed890fc2c662d5e9e66b2faa7+qdrant-java-client-1.19.0,276b496e965c9e9123c0538b70eb0a538ee95047c903080ffb482cc651ca5b2a,serverRrf,tie_aware_diagnostic,literal_citation_all,all literal-citation questions,191,multi,multi,multiple citations,20,240,191,186,49,52,52,0,0.980769230769,0.757051282051,0.519230769231,0.588291010075
qdrant-native-hybrid-rrf,qdrant-1.19-native-hybrid-rrf-parity,sergeyzh/BERTA+qdrant/bm25,914c8c8aed14042ed890fc2c662d5e9e66b2faa7+qdrant-java-client-1.19.0,276b496e965c9e9123c0538b70eb0a538ee95047c903080ffb482cc651ca5b2a,serverRrf,tie_aware_diagnostic,literal_citation_all,all literal-citation questions,191,sensitivity,without_flagged_duplicate,all eligible except flagged duplicate,20,240,191,186,49,239,190,49,0.931578947368,0.870350877193,0.805263157895,0.668950355694
qdrant-native-hybrid-rrf,qdrant-1.19-native-hybrid-rrf-parity,sergeyzh/BERTA+qdrant/bm25,914c8c8aed14042ed890fc2c662d5e9e66b2faa7+qdrant-java-client-1.19.0,276b496e965c9e9123c0538b70eb0a538ee95047c903080ffb482cc651ca5b2a,serverRrf,tie_aware_diagnostic,literal_citation_all,all literal-citation questions,191,category,267,УСН,20,240,191,186,49,17,17,0,0.882352941176,0.705882352941,0.529411764706,0.561072277849
qdrant-native-hybrid-rrf,qdrant-1.19-native-hybrid-rrf-parity,sergeyzh/BERTA+qdrant/bm25,914c8c8aed14042ed890fc2c662d5e9e66b2faa7+qdrant-java-client-1.19.0,276b496e965c9e9123c0538b70eb0a538ee95047c903080ffb482cc651ca5b2a,serverRrf,tie_aware_diagnostic,preliminary_filtered,literal-citation questions after preliminary technical screening,186,all,all,all,20,240,191,186,49,191,186,5,0.935483870968,0.875627240143,0.811827956989,0.674428105578
qdrant-native-hybrid-rrf,qdrant-1.19-native-hybrid-rrf-parity,sergeyzh/BERTA+qdrant/bm25,914c8c8aed14042ed890fc2c662d5e9e66b2faa7+qdrant-java-client-1.19.0,276b496e965c9e9123c0538b70eb0a538ee95047c903080ffb482cc651ca5b2a,serverRrf,tie_aware_diagnostic,preliminary_filtered,literal-citation questions after preliminary technical screening,186,multi,multi,multiple citations,20,240,191,186,49,52,51,1,0.980392156863,0.762091503268,0.529411764706,0.596748874108
qdrant-native-hybrid-rrf,qdrant-1.19-native-hybrid-rrf-parity,sergeyzh/BERTA+qdrant/bm25,914c8c8aed14042ed890fc2c662d5e9e66b2faa7+qdrant-java-client-1.19.0,276b496e965c9e9123c0538b70eb0a538ee95047c903080ffb482cc651ca5b2a,serverRrf,tie_aware_diagnostic,preliminary_filtered,literal-citation questions after preliminary technical screening,186,sensitivity,without_flagged_duplicate,all eligible except flagged duplicate,20,240,191,186,49,239,185,54,0.935135135135,0.874954954955,0.810810810811,0.672668257500
qdrant-native-hybrid-rrf,qdrant-1.19-native-hybrid-rrf-parity,sergeyzh/BERTA+qdrant/bm25,914c8c8aed14042ed890fc2c662d5e9e66b2faa7+qdrant-java-client-1.19.0,276b496e965c9e9123c0538b70eb0a538ee95047c903080ffb482cc651ca5b2a,serverRrf,tie_aware_diagnostic,preliminary_filtered,literal-citation questions after preliminary technical screening,186,category,267,УСН,20,240,191,186,49,17,16,1,0.937500000000,0.750000000000,0.562500000000,0.596139295215
qdrant-native-hybrid-rrf,qdrant-1.19-native-hybrid-rrf-parity,sergeyzh/BERTA+qdrant/bm25,914c8c8aed14042ed890fc2c662d5e9e66b2faa7+qdrant-java-client-1.19.0,276b496e965c9e9123c0538b70eb0a538ee95047c903080ffb482cc651ca5b2a,serverRrf,tie_aware_diagnostic,literal_citation_all,all literal-citation questions,191,all,all,all,50,240,191,186,49,191,191,0,0.984293193717,0.941012216405,0.890052356021,0.686191243633
qdrant-native-hybrid-rrf,qdrant-1.19-native-hybrid-rrf-parity,sergeyzh/BERTA+qdrant/bm25,914c8c8aed14042ed890fc2c662d5e9e66b2faa7+qdrant-java-client-1.19.0,276b496e965c9e9123c0538b70eb0a538ee95047c903080ffb482cc651ca5b2a,serverRrf,tie_aware_diagnostic,literal_citation_all,all literal-citation questions,191,multi,multi,multiple citations,50,240,191,186,49,52,52,0,1.000000000000,0.841025641026,0.653846153846,0.610299239510
qdrant-native-hybrid-rrf,qdrant-1.19-native-hybrid-rrf-parity,sergeyzh/BERTA+qdrant/bm25,914c8c8aed14042ed890fc2c662d5e9e66b2faa7+qdrant-java-client-1.19.0,276b496e965c9e9123c0538b70eb0a538ee95047c903080ffb482cc651ca5b2a,serverRrf,tie_aware_diagnostic,literal_citation_all,all literal-citation questions,191,sensitivity,without_flagged_duplicate,all eligible except flagged duplicate,50,240,191,186,49,239,190,49,0.984210526316,0.940701754386,0.889473684211,0.684539618599
qdrant-native-hybrid-rrf,qdrant-1.19-native-hybrid-rrf-parity,sergeyzh/BERTA+qdrant/bm25,914c8c8aed14042ed890fc2c662d5e9e66b2faa7+qdrant-java-client-1.19.0,276b496e965c9e9123c0538b70eb0a538ee95047c903080ffb482cc651ca5b2a,serverRrf,tie_aware_diagnostic,literal_citation_all,all literal-citation questions,191,category,267,УСН,50,240,191,186,49,17,17,0,1.000000000000,0.823529411765,0.647058823529,0.586027796921
qdrant-native-hybrid-rrf,qdrant-1.19-native-hybrid-rrf-parity,sergeyzh/BERTA+qdrant/bm25,914c8c8aed14042ed890fc2c662d5e9e66b2faa7+qdrant-java-client-1.19.0,276b496e965c9e9123c0538b70eb0a538ee95047c903080ffb482cc651ca5b2a,serverRrf,tie_aware_diagnostic,preliminary_filtered,literal-citation questions after preliminary technical screening,186,all,all,all,50,240,191,186,49,191,186,5,0.983870967742,0.939426523297,0.887096774194,0.688445694192
qdrant-native-hybrid-rrf,qdrant-1.19-native-hybrid-rrf-parity,sergeyzh/BERTA+qdrant/bm25,914c8c8aed14042ed890fc2c662d5e9e66b2faa7+qdrant-java-client-1.19.0,276b496e965c9e9123c0538b70eb0a538ee95047c903080ffb482cc651ca5b2a,serverRrf,tie_aware_diagnostic,preliminary_filtered,literal-citation questions after preliminary technical screening,186,multi,multi,multiple citations,50,240,191,186,49,52,51,1,1.000000000000,0.837908496732,0.647058823529,0.616630899307
qdrant-native-hybrid-rrf,qdrant-1.19-native-hybrid-rrf-parity,sergeyzh/BERTA+qdrant/bm25,914c8c8aed14042ed890fc2c662d5e9e66b2faa7+qdrant-java-client-1.19.0,276b496e965c9e9123c0538b70eb0a538ee95047c903080ffb482cc651ca5b2a,serverRrf,tie_aware_diagnostic,preliminary_filtered,literal-citation questions after preliminary technical screening,186,sensitivity,without_flagged_duplicate,all eligible except flagged duplicate,50,240,191,186,49,239,185,54,0.983783783784,0.939099099099,0.886486486486,0.686761616863
qdrant-native-hybrid-rrf,qdrant-1.19-native-hybrid-rrf-parity,sergeyzh/BERTA+qdrant/bm25,914c8c8aed14042ed890fc2c662d5e9e66b2faa7+qdrant-java-client-1.19.0,276b496e965c9e9123c0538b70eb0a538ee95047c903080ffb482cc651ca5b2a,serverRrf,tie_aware_diagnostic,preliminary_filtered,literal-citation questions after preliminary technical screening,186,category,267,УСН,50,240,191,186,49,17,16,1,1.000000000000,0.812500000000,0.625000000000,0.608639295215
qdrant-native-hybrid-rrf,qdrant-1.19-native-hybrid-rrf-parity,sergeyzh/BERTA+qdrant/bm25,914c8c8aed14042ed890fc2c662d5e9e66b2faa7+qdrant-java-client-1.19.0,276b496e965c9e9123c0538b70eb0a538ee95047c903080ffb482cc651ca5b2a,serverRrf,tie_aware_diagnostic,literal_citation_all,all literal-citation questions,191,single,single,single citation,10,240,191,186,49,139,139,0,0.827338129496,0.827338129496,0.827338129496,0.679643067893
qdrant-native-hybrid-rrf,qdrant-1.19-native-hybrid-rrf-parity,sergeyzh/BERTA+qdrant/bm25,914c8c8aed14042ed890fc2c662d5e9e66b2faa7+qdrant-java-client-1.19.0,276b496e965c9e9123c0538b70eb0a538ee95047c903080ffb482cc651ca5b2a,serverRrf,tie_aware_diagnostic,literal_citation_all,all literal-citation questions,191,category,705,Налоговый контроль,10,240,191,186,49,12,12,0,1.000000000000,0.958333333333,0.916666666667,0.806261205336
qdrant-native-hybrid-rrf,qdrant-1.19-native-hybrid-rrf-parity,sergeyzh/BERTA+qdrant/bm25,914c8c8aed14042ed890fc2c662d5e9e66b2faa7+qdrant-java-client-1.19.0,276b496e965c9e9123c0538b70eb0a538ee95047c903080ffb482cc651ca5b2a,serverRrf,tie_aware_diagnostic,preliminary_filtered,literal-citation questions after preliminary technical screening,186,single,single,single citation,10,240,191,186,49,139,135,4,0.829629629630,0.829629629630,0.829629629630,0.681262121757
qdrant-native-hybrid-rrf,qdrant-1.19-native-hybrid-rrf-parity,sergeyzh/BERTA+qdrant/bm25,914c8c8aed14042ed890fc2c662d5e9e66b2faa7+qdrant-java-client-1.19.0,276b496e965c9e9123c0538b70eb0a538ee95047c903080ffb482cc651ca5b2a,serverRrf,tie_aware_diagnostic,preliminary_filtered,literal-citation questions after preliminary technical screening,186,category,705,Налоговый контроль,10,240,191,186,49,12,12,0,1.000000000000,0.958333333333,0.916666666667,0.806261205336
qdrant-native-hybrid-rrf,qdrant-1.19-native-hybrid-rrf-parity,sergeyzh/BERTA+qdrant/bm25,914c8c8aed14042ed890fc2c662d5e9e66b2faa7+qdrant-java-client-1.19.0,276b496e965c9e9123c0538b70eb0a538ee95047c903080ffb482cc651ca5b2a,serverRrf,tie_aware_diagnostic,literal_citation_all,all literal-citation questions,191,single,single,single citation,20,240,191,186,49,139,139,0,0.913669064748,0.913669064748,0.913669064748,0.701506727036
qdrant-native-hybrid-rrf,qdrant-1.19-native-hybrid-rrf-parity,sergeyzh/BERTA+qdrant/bm25,914c8c8aed14042ed890fc2c662d5e9e66b2faa7+qdrant-java-client-1.19.0,276b496e965c9e9123c0538b70eb0a538ee95047c903080ffb482cc651ca5b2a,serverRrf,tie_aware_diagnostic,literal_citation_all,all literal-citation questions,191,category,705,Налоговый контроль,20,240,191,186,49,12,12,0,1.000000000000,0.958333333333,0.916666666667,0.806261205336
qdrant-native-hybrid-rrf,qdrant-1.19-native-hybrid-rrf-parity,sergeyzh/BERTA+qdrant/bm25,914c8c8aed14042ed890fc2c662d5e9e66b2faa7+qdrant-java-client-1.19.0,276b496e965c9e9123c0538b70eb0a538ee95047c903080ffb482cc651ca5b2a,serverRrf,tie_aware_diagnostic,preliminary_filtered,literal-citation questions after preliminary technical screening,186,single,single,single citation,20,240,191,186,49,139,135,4,0.918518518519,0.918518518519,0.918518518519,0.703773593022
qdrant-native-hybrid-rrf,qdrant-1.19-native-hybrid-rrf-parity,sergeyzh/BERTA+qdrant/bm25,914c8c8aed14042ed890fc2c662d5e9e66b2faa7+qdrant-java-client-1.19.0,276b496e965c9e9123c0538b70eb0a538ee95047c903080ffb482cc651ca5b2a,serverRrf,tie_aware_diagnostic,preliminary_filtered,literal-citation questions after preliminary technical screening,186,category,705,Налоговый контроль,20,240,191,186,49,12,12,0,1.000000000000,0.958333333333,0.916666666667,0.806261205336
qdrant-native-hybrid-rrf,qdrant-1.19-native-hybrid-rrf-parity,sergeyzh/BERTA+qdrant/bm25,914c8c8aed14042ed890fc2c662d5e9e66b2faa7+qdrant-java-client-1.19.0,276b496e965c9e9123c0538b70eb0a538ee95047c903080ffb482cc651ca5b2a,serverRrf,tie_aware_diagnostic,literal_citation_all,all literal-citation questions,191,single,single,single citation,50,240,191,186,49,139,139,0,0.978417266187,0.978417266187,0.978417266187,0.714582496973
qdrant-native-hybrid-rrf,qdrant-1.19-native-hybrid-rrf-parity,sergeyzh/BERTA+qdrant/bm25,914c8c8aed14042ed890fc2c662d5e9e66b2faa7+qdrant-java-client-1.19.0,276b496e965c9e9123c0538b70eb0a538ee95047c903080ffb482cc651ca5b2a,serverRrf,tie_aware_diagnostic,literal_citation_all,all literal-citation questions,191,category,705,Налоговый контроль,50,240,191,186,49,12,12,0,1.000000000000,0.958333333333,0.916666666667,0.806261205336
qdrant-native-hybrid-rrf,qdrant-1.19-native-hybrid-rrf-parity,sergeyzh/BERTA+qdrant/bm25,914c8c8aed14042ed890fc2c662d5e9e66b2faa7+qdrant-java-client-1.19.0,276b496e965c9e9123c0538b70eb0a538ee95047c903080ffb482cc651ca5b2a,serverRrf,tie_aware_diagnostic,preliminary_filtered,literal-citation questions after preliminary technical screening,186,single,single,single citation,50,240,191,186,49,139,135,4,0.977777777778,0.977777777778,0.977777777778,0.715575727815
qdrant-native-hybrid-rrf,qdrant-1.19-native-hybrid-rrf-parity,sergeyzh/BERTA+qdrant/bm25,914c8c8aed14042ed890fc2c662d5e9e66b2faa7+qdrant-java-client-1.19.0,276b496e965c9e9123c0538b70eb0a538ee95047c903080ffb482cc651ca5b2a,serverRrf,tie_aware_diagnostic,preliminary_filtered,literal-citation questions after preliminary technical screening,186,category,705,Налоговый контроль,50,240,191,186,49,12,12,0,1.000000000000,0.958333333333,0.916666666667,0.806261205336
qdrant-native-hybrid-rrf,qdrant-1.19-native-hybrid-rrf-parity,sergeyzh/BERTA+qdrant/bm25,914c8c8aed14042ed890fc2c662d5e9e66b2faa7+qdrant-java-client-1.19.0,276b496e965c9e9123c0538b70eb0a538ee95047c903080ffb482cc651ca5b2a,serverRrf,tie_aware_diagnostic,literal_citation_all,all literal-citation questions,191,category,263,НДФЛ,10,240,191,186,49,15,15,0,0.933333333333,0.877777777778,0.800000000000,0.859659830993
qdrant-native-hybrid-rrf,qdrant-1.19-native-hybrid-rrf-parity,sergeyzh/BERTA+qdrant/bm25,914c8c8aed14042ed890fc2c662d5e9e66b2faa7+qdrant-java-client-1.19.0,276b496e965c9e9123c0538b70eb0a538ee95047c903080ffb482cc651ca5b2a,serverRrf,tie_aware_diagnostic,preliminary_filtered,literal-citation questions after preliminary technical screening,186,category,263,НДФЛ,10,240,191,186,49,15,15,0,0.933333333333,0.877777777778,0.800000000000,0.859659830993
qdrant-native-hybrid-rrf,qdrant-1.19-native-hybrid-rrf-parity,sergeyzh/BERTA+qdrant/bm25,914c8c8aed14042ed890fc2c662d5e9e66b2faa7+qdrant-java-client-1.19.0,276b496e965c9e9123c0538b70eb0a538ee95047c903080ffb482cc651ca5b2a,serverRrf,tie_aware_diagnostic,literal_citation_all,all literal-citation questions,191,category,263,НДФЛ,20,240,191,186,49,15,15,0,1.000000000000,0.911111111111,0.800000000000,0.873754957639
qdrant-native-hybrid-rrf,qdrant-1.19-native-hybrid-rrf-parity,sergeyzh/BERTA+qdrant/bm25,914c8c8aed14042ed890fc2c662d5e9e66b2faa7+qdrant-java-client-1.19.0,276b496e965c9e9123c0538b70eb0a538ee95047c903080ffb482cc651ca5b2a,serverRrf,tie_aware_diagnostic,preliminary_filtered,literal-citation questions after preliminary technical screening,186,category,263,НДФЛ,20,240,191,186,49,15,15,0,1.000000000000,0.911111111111,0.800000000000,0.873754957639
qdrant-native-hybrid-rrf,qdrant-1.19-native-hybrid-rrf-parity,sergeyzh/BERTA+qdrant/bm25,914c8c8aed14042ed890fc2c662d5e9e66b2faa7+qdrant-java-client-1.19.0,276b496e965c9e9123c0538b70eb0a538ee95047c903080ffb482cc651ca5b2a,serverRrf,tie_aware_diagnostic,literal_citation_all,all literal-citation questions,191,category,263,НДФЛ,50,240,191,186,49,15,15,0,1.000000000000,0.911111111111,0.800000000000,0.873754957639
qdrant-native-hybrid-rrf,qdrant-1.19-native-hybrid-rrf-parity,sergeyzh/BERTA+qdrant/bm25,914c8c8aed14042ed890fc2c662d5e9e66b2faa7+qdrant-java-client-1.19.0,276b496e965c9e9123c0538b70eb0a538ee95047c903080ffb482cc651ca5b2a,serverRrf,tie_aware_diagnostic,preliminary_filtered,literal-citation questions after preliminary technical screening,186,category,263,НДФЛ,50,240,191,186,49,15,15,0,1.000000000000,0.911111111111,0.800000000000,0.873754957639
qdrant-native-hybrid-rrf,qdrant-1.19-native-hybrid-rrf-parity,sergeyzh/BERTA+qdrant/bm25,914c8c8aed14042ed890fc2c662d5e9e66b2faa7+qdrant-java-client-1.19.0,276b496e965c9e9123c0538b70eb0a538ee95047c903080ffb482cc651ca5b2a,serverRrf,tie_aware_diagnostic,literal_citation_all,all literal-citation questions,191,category,704,Трансфертное ценообразование,10,240,191,186,49,17,17,0,1.000000000000,1.000000000000,1.000000000000,0.848736833754
qdrant-native-hybrid-rrf,qdrant-1.19-native-hybrid-rrf-parity,sergeyzh/BERTA+qdrant/bm25,914c8c8aed14042ed890fc2c662d5e9e66b2faa7+qdrant-java-client-1.19.0,276b496e965c9e9123c0538b70eb0a538ee95047c903080ffb482cc651ca5b2a,serverRrf,tie_aware_diagnostic,preliminary_filtered,literal-citation questions after preliminary technical screening,186,category,704,Трансфертное ценообразование,10,240,191,186,49,17,17,0,1.000000000000,1.000000000000,1.000000000000,0.848736833754
qdrant-native-hybrid-rrf,qdrant-1.19-native-hybrid-rrf-parity,sergeyzh/BERTA+qdrant/bm25,914c8c8aed14042ed890fc2c662d5e9e66b2faa7+qdrant-java-client-1.19.0,276b496e965c9e9123c0538b70eb0a538ee95047c903080ffb482cc651ca5b2a,serverRrf,tie_aware_diagnostic,literal_citation_all,all literal-citation questions,191,category,704,Трансфертное ценообразование,20,240,191,186,49,17,17,0,1.000000000000,1.000000000000,1.000000000000,0.848736833754
qdrant-native-hybrid-rrf,qdrant-1.19-native-hybrid-rrf-parity,sergeyzh/BERTA+qdrant/bm25,914c8c8aed14042ed890fc2c662d5e9e66b2faa7+qdrant-java-client-1.19.0,276b496e965c9e9123c0538b70eb0a538ee95047c903080ffb482cc651ca5b2a,serverRrf,tie_aware_diagnostic,preliminary_filtered,literal-citation questions after preliminary technical screening,186,category,704,Трансфертное ценообразование,20,240,191,186,49,17,17,0,1.000000000000,1.000000000000,1.000000000000,0.848736833754
qdrant-native-hybrid-rrf,qdrant-1.19-native-hybrid-rrf-parity,sergeyzh/BERTA+qdrant/bm25,914c8c8aed14042ed890fc2c662d5e9e66b2faa7+qdrant-java-client-1.19.0,276b496e965c9e9123c0538b70eb0a538ee95047c903080ffb482cc651ca5b2a,serverRrf,tie_aware_diagnostic,literal_citation_all,all literal-citation questions,191,category,704,Трансфертное ценообразование,50,240,191,186,49,17,17,0,1.000000000000,1.000000000000,1.000000000000,0.848736833754
qdrant-native-hybrid-rrf,qdrant-1.19-native-hybrid-rrf-parity,sergeyzh/BERTA+qdrant/bm25,914c8c8aed14042ed890fc2c662d5e9e66b2faa7+qdrant-java-client-1.19.0,276b496e965c9e9123c0538b70eb0a538ee95047c903080ffb482cc651ca5b2a,serverRrf,tie_aware_diagnostic,preliminary_filtered,literal-citation questions after preliminary technical screening,186,category,704,Трансфертное ценообразование,50,240,191,186,49,17,17,0,1.000000000000,1.000000000000,1.000000000000,0.848736833754
qdrant-native-hybrid-rrf,qdrant-1.19-native-hybrid-rrf-parity,sergeyzh/BERTA+qdrant/bm25,914c8c8aed14042ed890fc2c662d5e9e66b2faa7+qdrant-java-client-1.19.0,276b496e965c9e9123c0538b70eb0a538ee95047c903080ffb482cc651ca5b2a,serverRrf,tie_aware_diagnostic,literal_citation_all,all literal-citation questions,191,category,246,Урегулирование задолженности,10,240,191,186,49,9,9,0,0.888888888889,0.833333333333,0.777777777778,0.604823607938
qdrant-native-hybrid-rrf,qdrant-1.19-native-hybrid-rrf-parity,sergeyzh/BERTA+qdrant/bm25,914c8c8aed14042ed890fc2c662d5e9e66b2faa7+qdrant-java-client-1.19.0,276b496e965c9e9123c0538b70eb0a538ee95047c903080ffb482cc651ca5b2a,serverRrf,tie_aware_diagnostic,preliminary_filtered,literal-citation questions after preliminary technical screening,186,category,246,Урегулирование задолженности,10,240,191,186,49,9,9,0,0.888888888889,0.833333333333,0.777777777778,0.604823607938
qdrant-native-hybrid-rrf,qdrant-1.19-native-hybrid-rrf-parity,sergeyzh/BERTA+qdrant/bm25,914c8c8aed14042ed890fc2c662d5e9e66b2faa7+qdrant-java-client-1.19.0,276b496e965c9e9123c0538b70eb0a538ee95047c903080ffb482cc651ca5b2a,serverRrf,tie_aware_diagnostic,literal_citation_all,all literal-citation questions,191,category,246,Урегулирование задолженности,20,240,191,186,49,9,9,0,0.888888888889,0.888888888889,0.888888888889,0.621855474404
qdrant-native-hybrid-rrf,qdrant-1.19-native-hybrid-rrf-parity,sergeyzh/BERTA+qdrant/bm25,914c8c8aed14042ed890fc2c662d5e9e66b2faa7+qdrant-java-client-1.19.0,276b496e965c9e9123c0538b70eb0a538ee95047c903080ffb482cc651ca5b2a,serverRrf,tie_aware_diagnostic,preliminary_filtered,literal-citation questions after preliminary technical screening,186,category,246,Урегулирование задолженности,20,240,191,186,49,9,9,0,0.888888888889,0.888888888889,0.888888888889,0.621855474404
qdrant-native-hybrid-rrf,qdrant-1.19-native-hybrid-rrf-parity,sergeyzh/BERTA+qdrant/bm25,914c8c8aed14042ed890fc2c662d5e9e66b2faa7+qdrant-java-client-1.19.0,276b496e965c9e9123c0538b70eb0a538ee95047c903080ffb482cc651ca5b2a,serverRrf,tie_aware_diagnostic,literal_citation_all,all literal-citation questions,191,category,246,Урегулирование задолженности,50,240,191,186,49,9,9,0,0.888888888889,0.888888888889,0.888888888889,0.621855474404
qdrant-native-hybrid-rrf,qdrant-1.19-native-hybrid-rrf-parity,sergeyzh/BERTA+qdrant/bm25,914c8c8aed14042ed890fc2c662d5e9e66b2faa7+qdrant-java-client-1.19.0,276b496e965c9e9123c0538b70eb0a538ee95047c903080ffb482cc651ca5b2a,serverRrf,tie_aware_diagnostic,preliminary_filtered,literal-citation questions after preliminary technical screening,186,category,246,Урегулирование задолженности,50,240,191,186,49,9,9,0,0.888888888889,0.888888888889,0.888888888889,0.621855474404
qdrant-native-hybrid-rrf,qdrant-1.19-native-hybrid-rrf-parity,sergeyzh/BERTA+qdrant/bm25,914c8c8aed14042ed890fc2c662d5e9e66b2faa7+qdrant-java-client-1.19.0,276b496e965c9e9123c0538b70eb0a538ee95047c903080ffb482cc651ca5b2a,serverRrf,tie_aware_diagnostic,literal_citation_all,all literal-citation questions,191,category,1028,Единый налоговый счет,10,240,191,186,49,14,14,0,0.571428571429,0.476190476190,0.357142857143,0.344414228797
qdrant-native-hybrid-rrf,qdrant-1.19-native-hybrid-rrf-parity,sergeyzh/BERTA+qdrant/bm25,914c8c8aed14042ed890fc2c662d5e9e66b2faa7+qdrant-java-client-1.19.0,276b496e965c9e9123c0538b70eb0a538ee95047c903080ffb482cc651ca5b2a,serverRrf,tie_aware_diagnostic,preliminary_filtered,literal-citation questions after preliminary technical screening,186,category,1028,Единый налоговый счет,10,240,191,186,49,14,13,1,0.615384615385,0.512820512821,0.384615384615,0.370907631012
qdrant-native-hybrid-rrf,qdrant-1.19-native-hybrid-rrf-parity,sergeyzh/BERTA+qdrant/bm25,914c8c8aed14042ed890fc2c662d5e9e66b2faa7+qdrant-java-client-1.19.0,276b496e965c9e9123c0538b70eb0a538ee95047c903080ffb482cc651ca5b2a,serverRrf,tie_aware_diagnostic,literal_citation_all,all literal-citation questions,191,category,1028,Единый налоговый счет,20,240,191,186,49,14,14,0,0.857142857143,0.690476190476,0.500000000000,0.401931859292
qdrant-native-hybrid-rrf,qdrant-1.19-native-hybrid-rrf-parity,sergeyzh/BERTA+qdrant/bm25,914c8c8aed14042ed890fc2c662d5e9e66b2faa7+qdrant-java-client-1.19.0,276b496e965c9e9123c0538b70eb0a538ee95047c903080ffb482cc651ca5b2a,serverRrf,tie_aware_diagnostic,preliminary_filtered,literal-citation questions after preliminary technical screening,186,category,1028,Единый налоговый счет,20,240,191,186,49,14,13,1,0.846153846154,0.705128205128,0.538461538462,0.420777391209
qdrant-native-hybrid-rrf,qdrant-1.19-native-hybrid-rrf-parity,sergeyzh/BERTA+qdrant/bm25,914c8c8aed14042ed890fc2c662d5e9e66b2faa7+qdrant-java-client-1.19.0,276b496e965c9e9123c0538b70eb0a538ee95047c903080ffb482cc651ca5b2a,serverRrf,tie_aware_diagnostic,literal_citation_all,all literal-citation questions,191,category,1028,Единый налоговый счет,50,240,191,186,49,14,14,0,1.000000000000,0.940476190476,0.857142857143,0.458761074905
qdrant-native-hybrid-rrf,qdrant-1.19-native-hybrid-rrf-parity,sergeyzh/BERTA+qdrant/bm25,914c8c8aed14042ed890fc2c662d5e9e66b2faa7+qdrant-java-client-1.19.0,276b496e965c9e9123c0538b70eb0a538ee95047c903080ffb482cc651ca5b2a,serverRrf,tie_aware_diagnostic,preliminary_filtered,literal-citation questions after preliminary technical screening,186,category,1028,Единый налоговый счет,50,240,191,186,49,14,13,1,1.000000000000,0.935897435897,0.846153846154,0.471943881444
qdrant-native-hybrid-rrf,qdrant-1.19-native-hybrid-rrf-parity,sergeyzh/BERTA+qdrant/bm25,914c8c8aed14042ed890fc2c662d5e9e66b2faa7+qdrant-java-client-1.19.0,276b496e965c9e9123c0538b70eb0a538ee95047c903080ffb482cc651ca5b2a,serverRrf,tie_aware_diagnostic,literal_citation_all,all literal-citation questions,191,category,746,Патентная система,10,240,191,186,49,16,16,0,0.812500000000,0.601041666667,0.500000000000,0.479832559866
qdrant-native-hybrid-rrf,qdrant-1.19-native-hybrid-rrf-parity,sergeyzh/BERTA+qdrant/bm25,914c8c8aed14042ed890fc2c662d5e9e66b2faa7+qdrant-java-client-1.19.0,276b496e965c9e9123c0538b70eb0a538ee95047c903080ffb482cc651ca5b2a,serverRrf,tie_aware_diagnostic,preliminary_filtered,literal-citation questions after preliminary technical screening,186,category,746,Патентная система,10,240,191,186,49,16,16,0,0.812500000000,0.601041666667,0.500000000000,0.479832559866
qdrant-native-hybrid-rrf,qdrant-1.19-native-hybrid-rrf-parity,sergeyzh/BERTA+qdrant/bm25,914c8c8aed14042ed890fc2c662d5e9e66b2faa7+qdrant-java-client-1.19.0,276b496e965c9e9123c0538b70eb0a538ee95047c903080ffb482cc651ca5b2a,serverRrf,tie_aware_diagnostic,literal_citation_all,all literal-citation questions,191,category,746,Патентная система,20,240,191,186,49,16,16,0,0.937500000000,0.783333333333,0.687500000000,0.530360209066
qdrant-native-hybrid-rrf,qdrant-1.19-native-hybrid-rrf-parity,sergeyzh/BERTA+qdrant/bm25,914c8c8aed14042ed890fc2c662d5e9e66b2faa7+qdrant-java-client-1.19.0,276b496e965c9e9123c0538b70eb0a538ee95047c903080ffb482cc651ca5b2a,serverRrf,tie_aware_diagnostic,preliminary_filtered,literal-citation questions after preliminary technical screening,186,category,746,Патентная система,20,240,191,186,49,16,16,0,0.937500000000,0.783333333333,0.687500000000,0.530360209066
qdrant-native-hybrid-rrf,qdrant-1.19-native-hybrid-rrf-parity,sergeyzh/BERTA+qdrant/bm25,914c8c8aed14042ed890fc2c662d5e9e66b2faa7+qdrant-java-client-1.19.0,276b496e965c9e9123c0538b70eb0a538ee95047c903080ffb482cc651ca5b2a,serverRrf,tie_aware_diagnostic,literal_citation_all,all literal-citation questions,191,category,746,Патентная система,50,240,191,186,49,16,16,0,1.000000000000,0.931250000000,0.875000000000,0.568547970453
qdrant-native-hybrid-rrf,qdrant-1.19-native-hybrid-rrf-parity,sergeyzh/BERTA+qdrant/bm25,914c8c8aed14042ed890fc2c662d5e9e66b2faa7+qdrant-java-client-1.19.0,276b496e965c9e9123c0538b70eb0a538ee95047c903080ffb482cc651ca5b2a,serverRrf,tie_aware_diagnostic,preliminary_filtered,literal-citation questions after preliminary technical screening,186,category,746,Патентная система,50,240,191,186,49,16,16,0,1.000000000000,0.931250000000,0.875000000000,0.568547970453
qdrant-native-hybrid-rrf,qdrant-1.19-native-hybrid-rrf-parity,sergeyzh/BERTA+qdrant/bm25,914c8c8aed14042ed890fc2c662d5e9e66b2faa7+qdrant-java-client-1.19.0,276b496e965c9e9123c0538b70eb0a538ee95047c903080ffb482cc651ca5b2a,serverRrf,tie_aware_diagnostic,literal_citation_all,all literal-citation questions,191,category,882,Страховые взносы,10,240,191,186,49,14,14,0,0.857142857143,0.821428571429,0.785714285714,0.752913063135
qdrant-native-hybrid-rrf,qdrant-1.19-native-hybrid-rrf-parity,sergeyzh/BERTA+qdrant/bm25,914c8c8aed14042ed890fc2c662d5e9e66b2faa7+qdrant-java-client-1.19.0,276b496e965c9e9123c0538b70eb0a538ee95047c903080ffb482cc651ca5b2a,serverRrf,tie_aware_diagnostic,preliminary_filtered,literal-citation questions after preliminary technical screening,186,category,882,Страховые взносы,10,240,191,186,49,14,13,1,0.846153846154,0.807692307692,0.769230769231,0.733906375684
qdrant-native-hybrid-rrf,qdrant-1.19-native-hybrid-rrf-parity,sergeyzh/BERTA+qdrant/bm25,914c8c8aed14042ed890fc2c662d5e9e66b2faa7+qdrant-java-client-1.19.0,276b496e965c9e9123c0538b70eb0a538ee95047c903080ffb482cc651ca5b2a,serverRrf,tie_aware_diagnostic,literal_citation_all,all literal-citation questions,191,category,882,Страховые взносы,20,240,191,186,49,14,14,0,1.000000000000,0.964285714286,0.928571428571,0.788803206107
qdrant-native-hybrid-rrf,qdrant-1.19-native-hybrid-rrf-parity,sergeyzh/BERTA+qdrant/bm25,914c8c8aed14042ed890fc2c662d5e9e66b2faa7+qdrant-java-client-1.19.0,276b496e965c9e9123c0538b70eb0a538ee95047c903080ffb482cc651ca5b2a,serverRrf,tie_aware_diagnostic,preliminary_filtered,literal-citation questions after preliminary technical screening,186,category,882,Страховые взносы,20,240,191,186,49,14,13,1,1.000000000000,0.961538461538,0.923076923077,0.772557298884
qdrant-native-hybrid-rrf,qdrant-1.19-native-hybrid-rrf-parity,sergeyzh/BERTA+qdrant/bm25,914c8c8aed14042ed890fc2c662d5e9e66b2faa7+qdrant-java-client-1.19.0,276b496e965c9e9123c0538b70eb0a538ee95047c903080ffb482cc651ca5b2a,serverRrf,tie_aware_diagnostic,literal_citation_all,all literal-citation questions,191,category,882,Страховые взносы,50,240,191,186,49,14,14,0,1.000000000000,0.964285714286,0.928571428571,0.788803206107
qdrant-native-hybrid-rrf,qdrant-1.19-native-hybrid-rrf-parity,sergeyzh/BERTA+qdrant/bm25,914c8c8aed14042ed890fc2c662d5e9e66b2faa7+qdrant-java-client-1.19.0,276b496e965c9e9123c0538b70eb0a538ee95047c903080ffb482cc651ca5b2a,serverRrf,tie_aware_diagnostic,preliminary_filtered,literal-citation questions after preliminary technical screening,186,category,882,Страховые взносы,50,240,191,186,49,14,13,1,1.000000000000,0.961538461538,0.923076923077,0.772557298884
qdrant-native-hybrid-rrf,qdrant-1.19-native-hybrid-rrf-parity,sergeyzh/BERTA+qdrant/bm25,914c8c8aed14042ed890fc2c662d5e9e66b2faa7+qdrant-java-client-1.19.0,276b496e965c9e9123c0538b70eb0a538ee95047c903080ffb482cc651ca5b2a,serverRrf,tie_aware_diagnostic,literal_citation_all,all literal-citation questions,191,category,268,Акцизы,10,240,191,186,49,14,14,0,0.857142857143,0.807142857143,0.714285714286,0.617231457596
qdrant-native-hybrid-rrf,qdrant-1.19-native-hybrid-rrf-parity,sergeyzh/BERTA+qdrant/bm25,914c8c8aed14042ed890fc2c662d5e9e66b2faa7+qdrant-java-client-1.19.0,276b496e965c9e9123c0538b70eb0a538ee95047c903080ffb482cc651ca5b2a,serverRrf,tie_aware_diagnostic,preliminary_filtered,literal-citation questions after preliminary technical screening,186,category,268,Акцизы,10,240,191,186,49,14,14,0,0.857142857143,0.807142857143,0.714285714286,0.617231457596
qdrant-native-hybrid-rrf,qdrant-1.19-native-hybrid-rrf-parity,sergeyzh/BERTA+qdrant/bm25,914c8c8aed14042ed890fc2c662d5e9e66b2faa7+qdrant-java-client-1.19.0,276b496e965c9e9123c0538b70eb0a538ee95047c903080ffb482cc651ca5b2a,serverRrf,tie_aware_diagnostic,literal_citation_all,all literal-citation questions,191,category,268,Акцизы,20,240,191,186,49,14,14,0,0.928571428571,0.892857142857,0.857142857143,0.643913549907
qdrant-native-hybrid-rrf,qdrant-1.19-native-hybrid-rrf-parity,sergeyzh/BERTA+qdrant/bm25,914c8c8aed14042ed890fc2c662d5e9e66b2faa7+qdrant-java-client-1.19.0,276b496e965c9e9123c0538b70eb0a538ee95047c903080ffb482cc651ca5b2a,serverRrf,tie_aware_diagnostic,preliminary_filtered,literal-citation questions after preliminary technical screening,186,category,268,Акцизы,20,240,191,186,49,14,14,0,0.928571428571,0.892857142857,0.857142857143,0.643913549907
qdrant-native-hybrid-rrf,qdrant-1.19-native-hybrid-rrf-parity,sergeyzh/BERTA+qdrant/bm25,914c8c8aed14042ed890fc2c662d5e9e66b2faa7+qdrant-java-client-1.19.0,276b496e965c9e9123c0538b70eb0a538ee95047c903080ffb482cc651ca5b2a,serverRrf,tie_aware_diagnostic,literal_citation_all,all literal-citation questions,191,category,268,Акцизы,50,240,191,186,49,14,14,0,1.000000000000,0.964285714286,0.928571428571,0.656635235161
qdrant-native-hybrid-rrf,qdrant-1.19-native-hybrid-rrf-parity,sergeyzh/BERTA+qdrant/bm25,914c8c8aed14042ed890fc2c662d5e9e66b2faa7+qdrant-java-client-1.19.0,276b496e965c9e9123c0538b70eb0a538ee95047c903080ffb482cc651ca5b2a,serverRrf,tie_aware_diagnostic,preliminary_filtered,literal-citation questions after preliminary technical screening,186,category,268,Акцизы,50,240,191,186,49,14,14,0,1.000000000000,0.964285714286,0.928571428571,0.656635235161
qdrant-native-hybrid-rrf,qdrant-1.19-native-hybrid-rrf-parity,sergeyzh/BERTA+qdrant/bm25,914c8c8aed14042ed890fc2c662d5e9e66b2faa7+qdrant-java-client-1.19.0,276b496e965c9e9123c0538b70eb0a538ee95047c903080ffb482cc651ca5b2a,serverRrf,tie_aware_diagnostic,literal_citation_all,all literal-citation questions,191,category,270,ЕСХН,10,240,191,186,49,16,16,0,0.875000000000,0.875000000000,0.875000000000,0.747043345469
qdrant-native-hybrid-rrf,qdrant-1.19-native-hybrid-rrf-parity,sergeyzh/BERTA+qdrant/bm25,914c8c8aed14042ed890fc2c662d5e9e66b2faa7+qdrant-java-client-1.19.0,276b496e965c9e9123c0538b70eb0a538ee95047c903080ffb482cc651ca5b2a,serverRrf,tie_aware_diagnostic,preliminary_filtered,literal-citation questions after preliminary technical screening,186,category,270,ЕСХН,10,240,191,186,49,16,16,0,0.875000000000,0.875000000000,0.875000000000,0.747043345469
qdrant-native-hybrid-rrf,qdrant-1.19-native-hybrid-rrf-parity,sergeyzh/BERTA+qdrant/bm25,914c8c8aed14042ed890fc2c662d5e9e66b2faa7+qdrant-java-client-1.19.0,276b496e965c9e9123c0538b70eb0a538ee95047c903080ffb482cc651ca5b2a,serverRrf,tie_aware_diagnostic,literal_citation_all,all literal-citation questions,191,category,270,ЕСХН,20,240,191,186,49,16,16,0,1.000000000000,1.000000000000,1.000000000000,0.780474656123
qdrant-native-hybrid-rrf,qdrant-1.19-native-hybrid-rrf-parity,sergeyzh/BERTA+qdrant/bm25,914c8c8aed14042ed890fc2c662d5e9e66b2faa7+qdrant-java-client-1.19.0,276b496e965c9e9123c0538b70eb0a538ee95047c903080ffb482cc651ca5b2a,serverRrf,tie_aware_diagnostic,preliminary_filtered,literal-citation questions after preliminary technical screening,186,category,270,ЕСХН,20,240,191,186,49,16,16,0,1.000000000000,1.000000000000,1.000000000000,0.780474656123
qdrant-native-hybrid-rrf,qdrant-1.19-native-hybrid-rrf-parity,sergeyzh/BERTA+qdrant/bm25,914c8c8aed14042ed890fc2c662d5e9e66b2faa7+qdrant-java-client-1.19.0,276b496e965c9e9123c0538b70eb0a538ee95047c903080ffb482cc651ca5b2a,serverRrf,tie_aware_diagnostic,literal_citation_all,all literal-citation questions,191,category,270,ЕСХН,50,240,191,186,49,16,16,0,1.000000000000,1.000000000000,1.000000000000,0.780474656123
qdrant-native-hybrid-rrf,qdrant-1.19-native-hybrid-rrf-parity,sergeyzh/BERTA+qdrant/bm25,914c8c8aed14042ed890fc2c662d5e9e66b2faa7+qdrant-java-client-1.19.0,276b496e965c9e9123c0538b70eb0a538ee95047c903080ffb482cc651ca5b2a,serverRrf,tie_aware_diagnostic,preliminary_filtered,literal-citation questions after preliminary technical screening,186,category,270,ЕСХН,50,240,191,186,49,16,16,0,1.000000000000,1.000000000000,1.000000000000,0.780474656123
qdrant-native-hybrid-rrf,qdrant-1.19-native-hybrid-rrf-parity,sergeyzh/BERTA+qdrant/bm25,914c8c8aed14042ed890fc2c662d5e9e66b2faa7+qdrant-java-client-1.19.0,276b496e965c9e9123c0538b70eb0a538ee95047c903080ffb482cc651ca5b2a,serverRrf,tie_aware_diagnostic,literal_citation_all,all literal-citation questions,191,category,264,Налог на прибыль,10,240,191,186,49,17,17,0,0.882352941176,0.794117647059,0.705882352941,0.655482576443
qdrant-native-hybrid-rrf,qdrant-1.19-native-hybrid-rrf-parity,sergeyzh/BERTA+qdrant/bm25,914c8c8aed14042ed890fc2c662d5e9e66b2faa7+qdrant-java-client-1.19.0,276b496e965c9e9123c0538b70eb0a538ee95047c903080ffb482cc651ca5b2a,serverRrf,tie_aware_diagnostic,preliminary_filtered,literal-citation questions after preliminary technical screening,186,category,264,Налог на прибыль,10,240,191,186,49,17,17,0,0.882352941176,0.794117647059,0.705882352941,0.655482576443
qdrant-native-hybrid-rrf,qdrant-1.19-native-hybrid-rrf-parity,sergeyzh/BERTA+qdrant/bm25,914c8c8aed14042ed890fc2c662d5e9e66b2faa7+qdrant-java-client-1.19.0,276b496e965c9e9123c0538b70eb0a538ee95047c903080ffb482cc651ca5b2a,serverRrf,tie_aware_diagnostic,literal_citation_all,all literal-citation questions,191,category,264,Налог на прибыль,20,240,191,186,49,17,17,0,0.882352941176,0.852941176471,0.823529411765,0.673538266883
qdrant-native-hybrid-rrf,qdrant-1.19-native-hybrid-rrf-parity,sergeyzh/BERTA+qdrant/bm25,914c8c8aed14042ed890fc2c662d5e9e66b2faa7+qdrant-java-client-1.19.0,276b496e965c9e9123c0538b70eb0a538ee95047c903080ffb482cc651ca5b2a,serverRrf,tie_aware_diagnostic,preliminary_filtered,literal-citation questions after preliminary technical screening,186,category,264,Налог на прибыль,20,240,191,186,49,17,17,0,0.882352941176,0.852941176471,0.823529411765,0.673538266883
qdrant-native-hybrid-rrf,qdrant-1.19-native-hybrid-rrf-parity,sergeyzh/BERTA+qdrant/bm25,914c8c8aed14042ed890fc2c662d5e9e66b2faa7+qdrant-java-client-1.19.0,276b496e965c9e9123c0538b70eb0a538ee95047c903080ffb482cc651ca5b2a,serverRrf,tie_aware_diagnostic,literal_citation_all,all literal-citation questions,191,category,264,Налог на прибыль,50,240,191,186,49,17,17,0,1.000000000000,1.000000000000,1.000000000000,0.705124745595
qdrant-native-hybrid-rrf,qdrant-1.19-native-hybrid-rrf-parity,sergeyzh/BERTA+qdrant/bm25,914c8c8aed14042ed890fc2c662d5e9e66b2faa7+qdrant-java-client-1.19.0,276b496e965c9e9123c0538b70eb0a538ee95047c903080ffb482cc651ca5b2a,serverRrf,tie_aware_diagnostic,preliminary_filtered,literal-citation questions after preliminary technical screening,186,category,264,Налог на прибыль,50,240,191,186,49,17,17,0,1.000000000000,1.000000000000,1.000000000000,0.705124745595
qdrant-native-hybrid-rrf,qdrant-1.19-native-hybrid-rrf-parity,sergeyzh/BERTA+qdrant/bm25,914c8c8aed14042ed890fc2c662d5e9e66b2faa7+qdrant-java-client-1.19.0,276b496e965c9e9123c0538b70eb0a538ee95047c903080ffb482cc651ca5b2a,serverRrf,tie_aware_diagnostic,literal_citation_all,all literal-citation questions,191,category,259,Налог на имущество,10,240,191,186,49,16,16,0,0.812500000000,0.750000000000,0.625000000000,0.580300839745
qdrant-native-hybrid-rrf,qdrant-1.19-native-hybrid-rrf-parity,sergeyzh/BERTA+qdrant/bm25,914c8c8aed14042ed890fc2c662d5e9e66b2faa7+qdrant-java-client-1.19.0,276b496e965c9e9123c0538b70eb0a538ee95047c903080ffb482cc651ca5b2a,serverRrf,tie_aware_diagnostic,preliminary_filtered,literal-citation questions after preliminary technical screening,186,category,259,Налог на имущество,10,240,191,186,49,16,16,0,0.812500000000,0.750000000000,0.625000000000,0.580300839745
qdrant-native-hybrid-rrf,qdrant-1.19-native-hybrid-rrf-parity,sergeyzh/BERTA+qdrant/bm25,914c8c8aed14042ed890fc2c662d5e9e66b2faa7+qdrant-java-client-1.19.0,276b496e965c9e9123c0538b70eb0a538ee95047c903080ffb482cc651ca5b2a,serverRrf,tie_aware_diagnostic,literal_citation_all,all literal-citation questions,191,category,259,Налог на имущество,20,240,191,186,49,16,16,0,0.937500000000,0.906250000000,0.812500000000,0.620321250797
qdrant-native-hybrid-rrf,qdrant-1.19-native-hybrid-rrf-parity,sergeyzh/BERTA+qdrant/bm25,914c8c8aed14042ed890fc2c662d5e9e66b2faa7+qdrant-java-client-1.19.0,276b496e965c9e9123c0538b70eb0a538ee95047c903080ffb482cc651ca5b2a,serverRrf,tie_aware_diagnostic,preliminary_filtered,literal-citation questions after preliminary technical screening,186,category,259,Налог на имущество,20,240,191,186,49,16,16,0,0.937500000000,0.906250000000,0.812500000000,0.620321250797
qdrant-native-hybrid-rrf,qdrant-1.19-native-hybrid-rrf-parity,sergeyzh/BERTA+qdrant/bm25,914c8c8aed14042ed890fc2c662d5e9e66b2faa7+qdrant-java-client-1.19.0,276b496e965c9e9123c0538b70eb0a538ee95047c903080ffb482cc651ca5b2a,serverRrf,tie_aware_diagnostic,literal_citation_all,all literal-citation questions,191,category,259,Налог на имущество,50,240,191,186,49,16,16,0,0.937500000000,0.906250000000,0.812500000000,0.620321250797
qdrant-native-hybrid-rrf,qdrant-1.19-native-hybrid-rrf-parity,sergeyzh/BERTA+qdrant/bm25,914c8c8aed14042ed890fc2c662d5e9e66b2faa7+qdrant-java-client-1.19.0,276b496e965c9e9123c0538b70eb0a538ee95047c903080ffb482cc651ca5b2a,serverRrf,tie_aware_diagnostic,preliminary_filtered,literal-citation questions after preliminary technical screening,186,category,259,Налог на имущество,50,240,191,186,49,16,16,0,0.937500000000,0.906250000000,0.812500000000,0.620321250797
qdrant-native-hybrid-rrf,qdrant-1.19-native-hybrid-rrf-parity,sergeyzh/BERTA+qdrant/bm25,914c8c8aed14042ed890fc2c662d5e9e66b2faa7+qdrant-java-client-1.19.0,276b496e965c9e9123c0538b70eb0a538ee95047c903080ffb482cc651ca5b2a,serverRrf,tie_aware_diagnostic,literal_citation_all,all literal-citation questions,191,category,265,НДС,10,240,191,186,49,12,12,0,0.750000000000,0.708333333333,0.666666666667,0.553310305828
qdrant-native-hybrid-rrf,qdrant-1.19-native-hybrid-rrf-parity,sergeyzh/BERTA+qdrant/bm25,914c8c8aed14042ed890fc2c662d5e9e66b2faa7+qdrant-java-client-1.19.0,276b496e965c9e9123c0538b70eb0a538ee95047c903080ffb482cc651ca5b2a,serverRrf,tie_aware_diagnostic,preliminary_filtered,literal-citation questions after preliminary technical screening,186,category,265,НДС,10,240,191,186,49,12,10,2,0.700000000000,0.650000000000,0.600000000000,0.513972366994
qdrant-native-hybrid-rrf,qdrant-1.19-native-hybrid-rrf-parity,sergeyzh/BERTA+qdrant/bm25,914c8c8aed14042ed890fc2c662d5e9e66b2faa7+qdrant-java-client-1.19.0,276b496e965c9e9123c0538b70eb0a538ee95047c903080ffb482cc651ca5b2a,serverRrf,tie_aware_diagnostic,literal_citation_all,all literal-citation questions,191,category,265,НДС,20,240,191,186,49,12,12,0,0.750000000000,0.750000000000,0.750000000000,0.566730541252
qdrant-native-hybrid-rrf,qdrant-1.19-native-hybrid-rrf-parity,sergeyzh/BERTA+qdrant/bm25,914c8c8aed14042ed890fc2c662d5e9e66b2faa7+qdrant-java-client-1.19.0,276b496e965c9e9123c0538b70eb0a538ee95047c903080ffb482cc651ca5b2a,serverRrf,tie_aware_diagnostic,preliminary_filtered,literal-citation questions after preliminary technical screening,186,category,265,НДС,20,240,191,186,49,12,10,2,0.700000000000,0.700000000000,0.700000000000,0.530076649503
qdrant-native-hybrid-rrf,qdrant-1.19-native-hybrid-rrf-parity,sergeyzh/BERTA+qdrant/bm25,914c8c8aed14042ed890fc2c662d5e9e66b2faa7+qdrant-java-client-1.19.0,276b496e965c9e9123c0538b70eb0a538ee95047c903080ffb482cc651ca5b2a,serverRrf,tie_aware_diagnostic,literal_citation_all,all literal-citation questions,191,category,265,НДС,50,240,191,186,49,12,12,0,0.916666666667,0.916666666667,0.916666666667,0.601399640865
qdrant-native-hybrid-rrf,qdrant-1.19-native-hybrid-rrf-parity,sergeyzh/BERTA+qdrant/bm25,914c8c8aed14042ed890fc2c662d5e9e66b2faa7+qdrant-java-client-1.19.0,276b496e965c9e9123c0538b70eb0a538ee95047c903080ffb482cc651ca5b2a,serverRrf,tie_aware_diagnostic,preliminary_filtered,literal-citation questions after preliminary technical screening,186,category,265,НДС,50,240,191,186,49,12,10,2,0.900000000000,0.900000000000,0.900000000000,0.571679569038
qdrant-native-hybrid-rrf,qdrant-1.19-native-hybrid-rrf-parity,sergeyzh/BERTA+qdrant/bm25,914c8c8aed14042ed890fc2c662d5e9e66b2faa7+qdrant-java-client-1.19.0,276b496e965c9e9123c0538b70eb0a538ee95047c903080ffb482cc651ca5b2a,serverRrf,tie_aware_diagnostic,literal_citation_all,all literal-citation questions,191,category,911,Налог на профессиональный доход,10,240,191,186,49,2,2,0,0.500000000000,0.500000000000,0.500000000000,0.325460464904
qdrant-native-hybrid-rrf,qdrant-1.19-native-hybrid-rrf-parity,sergeyzh/BERTA+qdrant/bm25,914c8c8aed14042ed890fc2c662d5e9e66b2faa7+qdrant-java-client-1.19.0,276b496e965c9e9123c0538b70eb0a538ee95047c903080ffb482cc651ca5b2a,serverRrf,tie_aware_diagnostic,preliminary_filtered,literal-citation questions after preliminary technical screening,186,category,911,Налог на профессиональный доход,10,240,191,186,49,2,2,0,0.500000000000,0.500000000000,0.500000000000,0.325460464904
qdrant-native-hybrid-rrf,qdrant-1.19-native-hybrid-rrf-parity,sergeyzh/BERTA+qdrant/bm25,914c8c8aed14042ed890fc2c662d5e9e66b2faa7+qdrant-java-client-1.19.0,276b496e965c9e9123c0538b70eb0a538ee95047c903080ffb482cc651ca5b2a,serverRrf,tie_aware_diagnostic,literal_citation_all,all literal-citation questions,191,category,911,Налог на профессиональный доход,20,240,191,186,49,2,2,0,1.000000000000,1.000000000000,1.000000000000,0.460579542117
qdrant-native-hybrid-rrf,qdrant-1.19-native-hybrid-rrf-parity,sergeyzh/BERTA+qdrant/bm25,914c8c8aed14042ed890fc2c662d5e9e66b2faa7+qdrant-java-client-1.19.0,276b496e965c9e9123c0538b70eb0a538ee95047c903080ffb482cc651ca5b2a,serverRrf,tie_aware_diagnostic,preliminary_filtered,literal-citation questions after preliminary technical screening,186,category,911,Налог на профессиональный доход,20,240,191,186,49,2,2,0,1.000000000000,1.000000000000,1.000000000000,0.460579542117
qdrant-native-hybrid-rrf,qdrant-1.19-native-hybrid-rrf-parity,sergeyzh/BERTA+qdrant/bm25,914c8c8aed14042ed890fc2c662d5e9e66b2faa7+qdrant-java-client-1.19.0,276b496e965c9e9123c0538b70eb0a538ee95047c903080ffb482cc651ca5b2a,serverRrf,tie_aware_diagnostic,literal_citation_all,all literal-citation questions,191,category,911,Налог на профессиональный доход,50,240,191,186,49,2,2,0,1.000000000000,1.000000000000,1.000000000000,0.460579542117
qdrant-native-hybrid-rrf,qdrant-1.19-native-hybrid-rrf-parity,sergeyzh/BERTA+qdrant/bm25,914c8c8aed14042ed890fc2c662d5e9e66b2faa7+qdrant-java-client-1.19.0,276b496e965c9e9123c0538b70eb0a538ee95047c903080ffb482cc651ca5b2a,serverRrf,tie_aware_diagnostic,preliminary_filtered,literal-citation questions after preliminary technical screening,186,category,911,Налог на профессиональный доход,50,240,191,186,49,2,2,0,1.000000000000,1.000000000000,1.000000000000,0.460579542117
