source,qid,kind,quality_pool,scored_pool,candidate_rank,rerank_rank,scored_pool_latency_ms
dense,exact-001,exact,10,100,1,1,1404.047
dense,exact-001,exact,20,100,1,1,1404.047
dense,exact-001,exact,30,100,1,1,1404.047
dense,exact-001,exact,50,100,1,1,1404.047
dense,exact-001,exact,100,100,1,1,1404.047
dense,exact-002,exact,10,100,1,1,1201.054
dense,exact-002,exact,20,100,1,1,1201.054
dense,exact-002,exact,30,100,1,1,1201.054
dense,exact-002,exact,50,100,1,1,1201.054
dense,exact-002,exact,100,100,1,1,1201.054
dense,exact-003,exact,10,100,2,1,1151.305
dense,exact-003,exact,20,100,2,1,1151.305
dense,exact-003,exact,30,100,2,1,1151.305
dense,exact-003,exact,50,100,2,1,1151.305
dense,exact-003,exact,100,100,2,1,1151.305
dense,exact-004,exact,10,100,1,1,1164.844
dense,exact-004,exact,20,100,1,1,1164.844
dense,exact-004,exact,30,100,1,1,1164.844
dense,exact-004,exact,50,100,1,1,1164.844
dense,exact-004,exact,100,100,1,1,1164.844
dense,exact-005,exact,10,100,2,4,1156.323
dense,exact-005,exact,20,100,2,4,1156.323
dense,exact-005,exact,30,100,2,4,1156.323
dense,exact-005,exact,50,100,2,4,1156.323
dense,exact-005,exact,100,100,2,4,1156.323
dense,exact-006,exact,10,100,1,1,1154.133
dense,exact-006,exact,20,100,1,1,1154.133
dense,exact-006,exact,30,100,1,1,1154.133
dense,exact-006,exact,50,100,1,1,1154.133
dense,exact-006,exact,100,100,1,1,1154.133
dense,exact-007,exact,10,100,2,2,1156.841
dense,exact-007,exact,20,100,2,2,1156.841
dense,exact-007,exact,30,100,2,2,1156.841
dense,exact-007,exact,50,100,2,2,1156.841
dense,exact-007,exact,100,100,2,2,1156.841
dense,exact-008,exact,10,100,1,1,1164.849
dense,exact-008,exact,20,100,1,1,1164.849
dense,exact-008,exact,30,100,1,1,1164.849
dense,exact-008,exact,50,100,1,1,1164.849
dense,exact-008,exact,100,100,1,1,1164.849
dense,exact-009,exact,10,100,1,1,1152.979
dense,exact-009,exact,20,100,1,1,1152.979
dense,exact-009,exact,30,100,1,1,1152.979
dense,exact-009,exact,50,100,1,1,1152.979
dense,exact-009,exact,100,100,1,1,1152.979
dense,exact-010,exact,10,100,1,2,1149.716
dense,exact-010,exact,20,100,1,2,1149.716
dense,exact-010,exact,30,100,1,2,1149.716
dense,exact-010,exact,50,100,1,2,1149.716
dense,exact-010,exact,100,100,1,2,1149.716
dense,exact-011,exact,10,100,1,1,1146.834
dense,exact-011,exact,20,100,1,1,1146.834
dense,exact-011,exact,30,100,1,1,1146.834
dense,exact-011,exact,50,100,1,1,1146.834
dense,exact-011,exact,100,100,1,1,1146.834
dense,exact-012,exact,10,100,1,1,1159.426
dense,exact-012,exact,20,100,1,1,1159.426
dense,exact-012,exact,30,100,1,1,1159.426
dense,exact-012,exact,50,100,1,1,1159.426
dense,exact-012,exact,100,100,1,1,1159.426
dense,exact-013,exact,10,100,1,1,1150.437
dense,exact-013,exact,20,100,1,1,1150.437
dense,exact-013,exact,30,100,1,1,1150.437
dense,exact-013,exact,50,100,1,1,1150.437
dense,exact-013,exact,100,100,1,1,1150.437
dense,exact-014,exact,10,100,1,1,1161.459
dense,exact-014,exact,20,100,1,1,1161.459
dense,exact-014,exact,30,100,1,1,1161.459
dense,exact-014,exact,50,100,1,1,1161.459
dense,exact-014,exact,100,100,1,1,1161.459
dense,exact-015,exact,10,100,1,1,1153.651
dense,exact-015,exact,20,100,1,1,1153.651
dense,exact-015,exact,30,100,1,1,1153.651
dense,exact-015,exact,50,100,1,1,1153.651
dense,exact-015,exact,100,100,1,1,1153.651
dense,exact-016,exact,10,100,1,1,1154.453
dense,exact-016,exact,20,100,1,1,1154.453
dense,exact-016,exact,30,100,1,1,1154.453
dense,exact-016,exact,50,100,1,1,1154.453
dense,exact-016,exact,100,100,1,1,1154.453
dense,exact-017,exact,10,100,1,1,1159.698
dense,exact-017,exact,20,100,1,1,1159.698
dense,exact-017,exact,30,100,1,1,1159.698
dense,exact-017,exact,50,100,1,1,1159.698
dense,exact-017,exact,100,100,1,1,1159.698
dense,exact-018,exact,10,100,1,1,1158.527
dense,exact-018,exact,20,100,1,1,1158.527
dense,exact-018,exact,30,100,1,1,1158.527
dense,exact-018,exact,50,100,1,1,1158.527
dense,exact-018,exact,100,100,1,1,1158.527
dense,exact-019,exact,10,100,1,1,1154.512
dense,exact-019,exact,20,100,1,1,1154.512
dense,exact-019,exact,30,100,1,1,1154.512
dense,exact-019,exact,50,100,1,1,1154.512
dense,exact-019,exact,100,100,1,1,1154.512
dense,exact-020,exact,10,100,1,1,1152.315
dense,exact-020,exact,20,100,1,1,1152.315
dense,exact-020,exact,30,100,1,1,1152.315
dense,exact-020,exact,50,100,1,1,1152.315
dense,exact-020,exact,100,100,1,1,1152.315
dense,exact-021,exact,10,100,1,1,1147.058
dense,exact-021,exact,20,100,1,1,1147.058
dense,exact-021,exact,30,100,1,1,1147.058
dense,exact-021,exact,50,100,1,1,1147.058
dense,exact-021,exact,100,100,1,1,1147.058
dense,exact-022,exact,10,100,1,1,1162.143
dense,exact-022,exact,20,100,1,1,1162.143
dense,exact-022,exact,30,100,1,1,1162.143
dense,exact-022,exact,50,100,1,1,1162.143
dense,exact-022,exact,100,100,1,1,1162.143
dense,exact-023,exact,10,100,4,3,1152.147
dense,exact-023,exact,20,100,4,3,1152.147
dense,exact-023,exact,30,100,4,3,1152.147
dense,exact-023,exact,50,100,4,3,1152.147
dense,exact-023,exact,100,100,4,3,1152.147
dense,exact-024,exact,10,100,6,1,1153.285
dense,exact-024,exact,20,100,6,1,1153.285
dense,exact-024,exact,30,100,6,1,1153.285
dense,exact-024,exact,50,100,6,1,1153.285
dense,exact-024,exact,100,100,6,1,1153.285
dense,exact-025,exact,10,100,0,0,1149.589
dense,exact-025,exact,20,100,0,0,1149.589
dense,exact-025,exact,30,100,0,0,1149.589
dense,exact-025,exact,50,100,0,0,1149.589
dense,exact-025,exact,100,100,99,4,1149.589
dense,exact-026,exact,10,100,1,1,1155.317
dense,exact-026,exact,20,100,1,1,1155.317
dense,exact-026,exact,30,100,1,1,1155.317
dense,exact-026,exact,50,100,1,1,1155.317
dense,exact-026,exact,100,100,1,1,1155.317
dense,exact-027,exact,10,100,7,1,1155.632
dense,exact-027,exact,20,100,7,1,1155.632
dense,exact-027,exact,30,100,7,1,1155.632
dense,exact-027,exact,50,100,7,1,1155.632
dense,exact-027,exact,100,100,7,1,1155.632
dense,exact-028,exact,10,100,1,1,1157.343
dense,exact-028,exact,20,100,1,1,1157.343
dense,exact-028,exact,30,100,1,1,1157.343
dense,exact-028,exact,50,100,1,1,1157.343
dense,exact-028,exact,100,100,1,1,1157.343
dense,exact-029,exact,10,100,1,1,1159.187
dense,exact-029,exact,20,100,1,1,1159.187
dense,exact-029,exact,30,100,1,1,1159.187
dense,exact-029,exact,50,100,1,1,1159.187
dense,exact-029,exact,100,100,1,1,1159.187
dense,exact-030,exact,10,100,6,6,1170.472
dense,exact-030,exact,20,100,6,10,1170.472
dense,exact-030,exact,30,100,6,0,1170.472
dense,exact-030,exact,50,100,6,0,1170.472
dense,exact-030,exact,100,100,6,0,1170.472
dense,exact-031,exact,10,100,1,2,1165.776
dense,exact-031,exact,20,100,1,2,1165.776
dense,exact-031,exact,30,100,1,2,1165.776
dense,exact-031,exact,50,100,1,2,1165.776
dense,exact-031,exact,100,100,1,2,1165.776
dense,exact-032,exact,10,100,1,1,1139.745
dense,exact-032,exact,20,100,1,1,1139.745
dense,exact-032,exact,30,100,1,1,1139.745
dense,exact-032,exact,50,100,1,1,1139.745
dense,exact-032,exact,100,100,1,1,1139.745
dense,exact-033,exact,10,100,1,1,1163.390
dense,exact-033,exact,20,100,1,1,1163.390
dense,exact-033,exact,30,100,1,1,1163.390
dense,exact-033,exact,50,100,1,1,1163.390
dense,exact-033,exact,100,100,1,1,1163.390
dense,exact-034,exact,10,100,9,1,1149.384
dense,exact-034,exact,20,100,9,1,1149.384
dense,exact-034,exact,30,100,9,1,1149.384
dense,exact-034,exact,50,100,9,1,1149.384
dense,exact-034,exact,100,100,9,1,1149.384
dense,exact-035,exact,10,100,1,1,1154.820
dense,exact-035,exact,20,100,1,1,1154.820
dense,exact-035,exact,30,100,1,1,1154.820
dense,exact-035,exact,50,100,1,1,1154.820
dense,exact-035,exact,100,100,1,1,1154.820
dense,exact-036,exact,10,100,2,2,1152.643
dense,exact-036,exact,20,100,2,2,1152.643
dense,exact-036,exact,30,100,2,2,1152.643
dense,exact-036,exact,50,100,2,2,1152.643
dense,exact-036,exact,100,100,2,2,1152.643
dense,exact-037,exact,10,100,0,0,1157.065
dense,exact-037,exact,20,100,0,0,1157.065
dense,exact-037,exact,30,100,22,1,1157.065
dense,exact-037,exact,50,100,22,1,1157.065
dense,exact-037,exact,100,100,22,1,1157.065
dense,exact-038,exact,10,100,1,1,1157.393
dense,exact-038,exact,20,100,1,1,1157.393
dense,exact-038,exact,30,100,1,1,1157.393
dense,exact-038,exact,50,100,1,1,1157.393
dense,exact-038,exact,100,100,1,1,1157.393
dense,exact-039,exact,10,100,3,4,1157.436
dense,exact-039,exact,20,100,3,4,1157.436
dense,exact-039,exact,30,100,3,4,1157.436
dense,exact-039,exact,50,100,3,5,1157.436
dense,exact-039,exact,100,100,3,5,1157.436
dense,exact-040,exact,10,100,1,1,1162.908
dense,exact-040,exact,20,100,1,1,1162.908
dense,exact-040,exact,30,100,1,1,1162.908
dense,exact-040,exact,50,100,1,1,1162.908
dense,exact-040,exact,100,100,1,1,1162.908
dense,exact-041,exact,10,100,1,1,1158.398
dense,exact-041,exact,20,100,1,1,1158.398
dense,exact-041,exact,30,100,1,1,1158.398
dense,exact-041,exact,50,100,1,1,1158.398
dense,exact-041,exact,100,100,1,1,1158.398
dense,exact-042,exact,10,100,1,1,1161.125
dense,exact-042,exact,20,100,1,1,1161.125
dense,exact-042,exact,30,100,1,1,1161.125
dense,exact-042,exact,50,100,1,1,1161.125
dense,exact-042,exact,100,100,1,1,1161.125
dense,exact-043,exact,10,100,1,1,1155.304
dense,exact-043,exact,20,100,1,1,1155.304
dense,exact-043,exact,30,100,1,1,1155.304
dense,exact-043,exact,50,100,1,1,1155.304
dense,exact-043,exact,100,100,1,1,1155.304
dense,exact-044,exact,10,100,2,1,1160.131
dense,exact-044,exact,20,100,2,1,1160.131
dense,exact-044,exact,30,100,2,1,1160.131
dense,exact-044,exact,50,100,2,1,1160.131
dense,exact-044,exact,100,100,2,1,1160.131
dense,exact-045,exact,10,100,1,1,1154.627
dense,exact-045,exact,20,100,1,1,1154.627
dense,exact-045,exact,30,100,1,1,1154.627
dense,exact-045,exact,50,100,1,1,1154.627
dense,exact-045,exact,100,100,1,1,1154.627
dense,exact-046,exact,10,100,2,1,1158.156
dense,exact-046,exact,20,100,2,1,1158.156
dense,exact-046,exact,30,100,2,1,1158.156
dense,exact-046,exact,50,100,2,1,1158.156
dense,exact-046,exact,100,100,2,1,1158.156
dense,exact-047,exact,10,100,1,1,1152.309
dense,exact-047,exact,20,100,1,1,1152.309
dense,exact-047,exact,30,100,1,1,1152.309
dense,exact-047,exact,50,100,1,1,1152.309
dense,exact-047,exact,100,100,1,1,1152.309
dense,exact-048,exact,10,100,1,1,1154.516
dense,exact-048,exact,20,100,1,1,1154.516
dense,exact-048,exact,30,100,1,1,1154.516
dense,exact-048,exact,50,100,1,1,1154.516
dense,exact-048,exact,100,100,1,1,1154.516
dense,exact-049,exact,10,100,2,1,1202.406
dense,exact-049,exact,20,100,2,1,1202.406
dense,exact-049,exact,30,100,2,1,1202.406
dense,exact-049,exact,50,100,2,1,1202.406
dense,exact-049,exact,100,100,2,1,1202.406
dense,exact-050,exact,10,100,2,1,1320.653
dense,exact-050,exact,20,100,2,1,1320.653
dense,exact-050,exact,30,100,2,1,1320.653
dense,exact-050,exact,50,100,2,1,1320.653
dense,exact-050,exact,100,100,2,1,1320.653
dense,exact-051,exact,10,100,2,1,1243.749
dense,exact-051,exact,20,100,2,1,1243.749
dense,exact-051,exact,30,100,2,1,1243.749
dense,exact-051,exact,50,100,2,1,1243.749
dense,exact-051,exact,100,100,2,1,1243.749
dense,exact-052,exact,10,100,1,1,1283.796
dense,exact-052,exact,20,100,1,1,1283.796
dense,exact-052,exact,30,100,1,1,1283.796
dense,exact-052,exact,50,100,1,1,1283.796
dense,exact-052,exact,100,100,1,1,1283.796
dense,exact-053,exact,10,100,1,1,1413.560
dense,exact-053,exact,20,100,1,1,1413.560
dense,exact-053,exact,30,100,1,1,1413.560
dense,exact-053,exact,50,100,1,1,1413.560
dense,exact-053,exact,100,100,1,1,1413.560
dense,exact-054,exact,10,100,0,0,1526.848
dense,exact-054,exact,20,100,11,5,1526.848
dense,exact-054,exact,30,100,11,5,1526.848
dense,exact-054,exact,50,100,11,6,1526.848
dense,exact-054,exact,100,100,11,9,1526.848
dense,exact-055,exact,10,100,1,1,1526.169
dense,exact-055,exact,20,100,1,1,1526.169
dense,exact-055,exact,30,100,1,1,1526.169
dense,exact-055,exact,50,100,1,1,1526.169
dense,exact-055,exact,100,100,1,1,1526.169
dense,exact-056,exact,10,100,1,1,1472.560
dense,exact-056,exact,20,100,1,1,1472.560
dense,exact-056,exact,30,100,1,1,1472.560
dense,exact-056,exact,50,100,1,1,1472.560
dense,exact-056,exact,100,100,1,1,1472.560
dense,exact-057,exact,10,100,1,1,1422.803
dense,exact-057,exact,20,100,1,1,1422.803
dense,exact-057,exact,30,100,1,1,1422.803
dense,exact-057,exact,50,100,1,1,1422.803
dense,exact-057,exact,100,100,1,1,1422.803
dense,exact-058,exact,10,100,1,1,1403.835
dense,exact-058,exact,20,100,1,1,1403.835
dense,exact-058,exact,30,100,1,1,1403.835
dense,exact-058,exact,50,100,1,1,1403.835
dense,exact-058,exact,100,100,1,1,1403.835
dense,exact-059,exact,10,100,9,1,1443.955
dense,exact-059,exact,20,100,9,1,1443.955
dense,exact-059,exact,30,100,9,1,1443.955
dense,exact-059,exact,50,100,9,1,1443.955
dense,exact-059,exact,100,100,9,1,1443.955
dense,exact-060,exact,10,100,1,1,1474.469
dense,exact-060,exact,20,100,1,1,1474.469
dense,exact-060,exact,30,100,1,1,1474.469
dense,exact-060,exact,50,100,1,1,1474.469
dense,exact-060,exact,100,100,1,1,1474.469
dense,exact-061,exact,10,100,1,1,1479.525
dense,exact-061,exact,20,100,1,1,1479.525
dense,exact-061,exact,30,100,1,1,1479.525
dense,exact-061,exact,50,100,1,1,1479.525
dense,exact-061,exact,100,100,1,1,1479.525
dense,exact-062,exact,10,100,1,1,1437.361
dense,exact-062,exact,20,100,1,1,1437.361
dense,exact-062,exact,30,100,1,1,1437.361
dense,exact-062,exact,50,100,1,1,1437.361
dense,exact-062,exact,100,100,1,1,1437.361
dense,exact-063,exact,10,100,6,1,1560.010
dense,exact-063,exact,20,100,6,1,1560.010
dense,exact-063,exact,30,100,6,1,1560.010
dense,exact-063,exact,50,100,6,1,1560.010
dense,exact-063,exact,100,100,6,1,1560.010
dense,exact-064,exact,10,100,1,1,1493.801
dense,exact-064,exact,20,100,1,1,1493.801
dense,exact-064,exact,30,100,1,1,1493.801
dense,exact-064,exact,50,100,1,1,1493.801
dense,exact-064,exact,100,100,1,1,1493.801
dense,exact-065,exact,10,100,1,1,1435.853
dense,exact-065,exact,20,100,1,1,1435.853
dense,exact-065,exact,30,100,1,1,1435.853
dense,exact-065,exact,50,100,1,1,1435.853
dense,exact-065,exact,100,100,1,1,1435.853
dense,exact-066,exact,10,100,1,1,1459.425
dense,exact-066,exact,20,100,1,1,1459.425
dense,exact-066,exact,30,100,1,1,1459.425
dense,exact-066,exact,50,100,1,1,1459.425
dense,exact-066,exact,100,100,1,1,1459.425
dense,exact-067,exact,10,100,1,1,1319.337
dense,exact-067,exact,20,100,1,1,1319.337
dense,exact-067,exact,30,100,1,1,1319.337
dense,exact-067,exact,50,100,1,1,1319.337
dense,exact-067,exact,100,100,1,1,1319.337
dense,exact-068,exact,10,100,0,0,1288.888
dense,exact-068,exact,20,100,11,1,1288.888
dense,exact-068,exact,30,100,11,1,1288.888
dense,exact-068,exact,50,100,11,1,1288.888
dense,exact-068,exact,100,100,11,1,1288.888
dense,exact-069,exact,10,100,2,1,1284.964
dense,exact-069,exact,20,100,2,1,1284.964
dense,exact-069,exact,30,100,2,1,1284.964
dense,exact-069,exact,50,100,2,1,1284.964
dense,exact-069,exact,100,100,2,1,1284.964
dense,exact-070,exact,10,100,1,1,1284.320
dense,exact-070,exact,20,100,1,1,1284.320
dense,exact-070,exact,30,100,1,1,1284.320
dense,exact-070,exact,50,100,1,1,1284.320
dense,exact-070,exact,100,100,1,1,1284.320
dense,exact-071,exact,10,100,0,0,1354.202
dense,exact-071,exact,20,100,12,1,1354.202
dense,exact-071,exact,30,100,12,1,1354.202
dense,exact-071,exact,50,100,12,1,1354.202
dense,exact-071,exact,100,100,12,1,1354.202
dense,exact-072,exact,10,100,1,1,1370.641
dense,exact-072,exact,20,100,1,1,1370.641
dense,exact-072,exact,30,100,1,1,1370.641
dense,exact-072,exact,50,100,1,1,1370.641
dense,exact-072,exact,100,100,1,1,1370.641
dense,exact-073,exact,10,100,1,1,1315.450
dense,exact-073,exact,20,100,1,1,1315.450
dense,exact-073,exact,30,100,1,1,1315.450
dense,exact-073,exact,50,100,1,1,1315.450
dense,exact-073,exact,100,100,1,1,1315.450
dense,exact-074,exact,10,100,1,1,1256.856
dense,exact-074,exact,20,100,1,1,1256.856
dense,exact-074,exact,30,100,1,1,1256.856
dense,exact-074,exact,50,100,1,1,1256.856
dense,exact-074,exact,100,100,1,1,1256.856
dense,exact-075,exact,10,100,2,1,1261.256
dense,exact-075,exact,20,100,2,1,1261.256
dense,exact-075,exact,30,100,2,1,1261.256
dense,exact-075,exact,50,100,2,1,1261.256
dense,exact-075,exact,100,100,2,1,1261.256
dense,exact-076,exact,10,100,1,1,1263.633
dense,exact-076,exact,20,100,1,1,1263.633
dense,exact-076,exact,30,100,1,1,1263.633
dense,exact-076,exact,50,100,1,1,1263.633
dense,exact-076,exact,100,100,1,1,1263.633
dense,exact-077,exact,10,100,1,1,1265.504
dense,exact-077,exact,20,100,1,1,1265.504
dense,exact-077,exact,30,100,1,1,1265.504
dense,exact-077,exact,50,100,1,1,1265.504
dense,exact-077,exact,100,100,1,1,1265.504
dense,exact-078,exact,10,100,1,1,1267.443
dense,exact-078,exact,20,100,1,1,1267.443
dense,exact-078,exact,30,100,1,1,1267.443
dense,exact-078,exact,50,100,1,1,1267.443
dense,exact-078,exact,100,100,1,1,1267.443
dense,exact-079,exact,10,100,1,1,1268.143
dense,exact-079,exact,20,100,1,1,1268.143
dense,exact-079,exact,30,100,1,1,1268.143
dense,exact-079,exact,50,100,1,1,1268.143
dense,exact-079,exact,100,100,1,1,1268.143
dense,exact-080,exact,10,100,1,1,1259.634
dense,exact-080,exact,20,100,1,1,1259.634
dense,exact-080,exact,30,100,1,1,1259.634
dense,exact-080,exact,50,100,1,1,1259.634
dense,exact-080,exact,100,100,1,1,1259.634
dense,exact-081,exact,10,100,1,1,1438.731
dense,exact-081,exact,20,100,1,1,1438.731
dense,exact-081,exact,30,100,1,1,1438.731
dense,exact-081,exact,50,100,1,1,1438.731
dense,exact-081,exact,100,100,1,1,1438.731
dense,exact-082,exact,10,100,1,1,1390.322
dense,exact-082,exact,20,100,1,1,1390.322
dense,exact-082,exact,30,100,1,1,1390.322
dense,exact-082,exact,50,100,1,1,1390.322
dense,exact-082,exact,100,100,1,1,1390.322
dense,exact-083,exact,10,100,1,1,1328.020
dense,exact-083,exact,20,100,1,1,1328.020
dense,exact-083,exact,30,100,1,1,1328.020
dense,exact-083,exact,50,100,1,1,1328.020
dense,exact-083,exact,100,100,1,1,1328.020
dense,exact-084,exact,10,100,1,1,1315.605
dense,exact-084,exact,20,100,1,1,1315.605
dense,exact-084,exact,30,100,1,1,1315.605
dense,exact-084,exact,50,100,1,1,1315.605
dense,exact-084,exact,100,100,1,1,1315.605
dense,exact-085,exact,10,100,1,1,1340.986
dense,exact-085,exact,20,100,1,1,1340.986
dense,exact-085,exact,30,100,1,1,1340.986
dense,exact-085,exact,50,100,1,1,1340.986
dense,exact-085,exact,100,100,1,1,1340.986
dense,exact-086,exact,10,100,1,1,1386.695
dense,exact-086,exact,20,100,1,1,1386.695
dense,exact-086,exact,30,100,1,1,1386.695
dense,exact-086,exact,50,100,1,1,1386.695
dense,exact-086,exact,100,100,1,1,1386.695
dense,exact-087,exact,10,100,1,1,1374.281
dense,exact-087,exact,20,100,1,1,1374.281
dense,exact-087,exact,30,100,1,1,1374.281
dense,exact-087,exact,50,100,1,1,1374.281
dense,exact-087,exact,100,100,1,1,1374.281
dense,exact-088,exact,10,100,0,0,1377.962
dense,exact-088,exact,20,100,0,0,1377.962
dense,exact-088,exact,30,100,21,1,1377.962
dense,exact-088,exact,50,100,21,1,1377.962
dense,exact-088,exact,100,100,21,1,1377.962
dense,exact-089,exact,10,100,1,1,1368.005
dense,exact-089,exact,20,100,1,1,1368.005
dense,exact-089,exact,30,100,1,1,1368.005
dense,exact-089,exact,50,100,1,1,1368.005
dense,exact-089,exact,100,100,1,1,1368.005
dense,exact-090,exact,10,100,1,1,1259.446
dense,exact-090,exact,20,100,1,1,1259.446
dense,exact-090,exact,30,100,1,1,1259.446
dense,exact-090,exact,50,100,1,1,1259.446
dense,exact-090,exact,100,100,1,1,1259.446
dense,exact-091,exact,10,100,1,1,1259.465
dense,exact-091,exact,20,100,1,1,1259.465
dense,exact-091,exact,30,100,1,1,1259.465
dense,exact-091,exact,50,100,1,1,1259.465
dense,exact-091,exact,100,100,1,1,1259.465
dense,exact-092,exact,10,100,2,1,1238.866
dense,exact-092,exact,20,100,2,1,1238.866
dense,exact-092,exact,30,100,2,1,1238.866
dense,exact-092,exact,50,100,2,1,1238.866
dense,exact-092,exact,100,100,2,1,1238.866
dense,exact-093,exact,10,100,1,1,1256.745
dense,exact-093,exact,20,100,1,1,1256.745
dense,exact-093,exact,30,100,1,1,1256.745
dense,exact-093,exact,50,100,1,1,1256.745
dense,exact-093,exact,100,100,1,1,1256.745
dense,exact-094,exact,10,100,0,0,1271.762
dense,exact-094,exact,20,100,0,0,1271.762
dense,exact-094,exact,30,100,27,5,1271.762
dense,exact-094,exact,50,100,27,5,1271.762
dense,exact-094,exact,100,100,27,5,1271.762
dense,exact-095,exact,10,100,0,0,1286.861
dense,exact-095,exact,20,100,0,0,1286.861
dense,exact-095,exact,30,100,25,3,1286.861
dense,exact-095,exact,50,100,25,3,1286.861
dense,exact-095,exact,100,100,25,3,1286.861
dense,exact-096,exact,10,100,0,0,1323.958
dense,exact-096,exact,20,100,0,0,1323.958
dense,exact-096,exact,30,100,0,0,1323.958
dense,exact-096,exact,50,100,32,1,1323.958
dense,exact-096,exact,100,100,32,1,1323.958
dense,exact-097,exact,10,100,1,1,1319.937
dense,exact-097,exact,20,100,1,1,1319.937
dense,exact-097,exact,30,100,1,1,1319.937
dense,exact-097,exact,50,100,1,1,1319.937
dense,exact-097,exact,100,100,1,1,1319.937
dense,exact-098,exact,10,100,0,0,1271.186
dense,exact-098,exact,20,100,0,0,1271.186
dense,exact-098,exact,30,100,21,2,1271.186
dense,exact-098,exact,50,100,21,2,1271.186
dense,exact-098,exact,100,100,21,2,1271.186
dense,exact-099,exact,10,100,1,1,1345.946
dense,exact-099,exact,20,100,1,1,1345.946
dense,exact-099,exact,30,100,1,1,1345.946
dense,exact-099,exact,50,100,1,1,1345.946
dense,exact-099,exact,100,100,1,1,1345.946
dense,exact-100,exact,10,100,1,1,1262.947
dense,exact-100,exact,20,100,1,1,1262.947
dense,exact-100,exact,30,100,1,1,1262.947
dense,exact-100,exact,50,100,1,1,1262.947
dense,exact-100,exact,100,100,1,1,1262.947
dense,exact-101,exact,10,100,2,3,1241.982
dense,exact-101,exact,20,100,2,4,1241.982
dense,exact-101,exact,30,100,2,4,1241.982
dense,exact-101,exact,50,100,2,4,1241.982
dense,exact-101,exact,100,100,2,4,1241.982
dense,exact-102,exact,10,100,2,4,1233.186
dense,exact-102,exact,20,100,2,4,1233.186
dense,exact-102,exact,30,100,2,4,1233.186
dense,exact-102,exact,50,100,2,4,1233.186
dense,exact-102,exact,100,100,2,4,1233.186
dense,exact-103,exact,10,100,1,1,1238.269
dense,exact-103,exact,20,100,1,1,1238.269
dense,exact-103,exact,30,100,1,1,1238.269
dense,exact-103,exact,50,100,1,1,1238.269
dense,exact-103,exact,100,100,1,1,1238.269
dense,exact-104,exact,10,100,1,1,1226.611
dense,exact-104,exact,20,100,1,1,1226.611
dense,exact-104,exact,30,100,1,1,1226.611
dense,exact-104,exact,50,100,1,1,1226.611
dense,exact-104,exact,100,100,1,1,1226.611
dense,exact-105,exact,10,100,1,1,1219.223
dense,exact-105,exact,20,100,1,1,1219.223
dense,exact-105,exact,30,100,1,1,1219.223
dense,exact-105,exact,50,100,1,1,1219.223
dense,exact-105,exact,100,100,1,1,1219.223
dense,exact-106,exact,10,100,2,1,1233.873
dense,exact-106,exact,20,100,2,1,1233.873
dense,exact-106,exact,30,100,2,1,1233.873
dense,exact-106,exact,50,100,2,1,1233.873
dense,exact-106,exact,100,100,2,1,1233.873
dense,exact-107,exact,10,100,1,1,1227.477
dense,exact-107,exact,20,100,1,1,1227.477
dense,exact-107,exact,30,100,1,1,1227.477
dense,exact-107,exact,50,100,1,1,1227.477
dense,exact-107,exact,100,100,1,1,1227.477
dense,exact-108,exact,10,100,1,1,1237.769
dense,exact-108,exact,20,100,1,1,1237.769
dense,exact-108,exact,30,100,1,1,1237.769
dense,exact-108,exact,50,100,1,1,1237.769
dense,exact-108,exact,100,100,1,1,1237.769
dense,exact-109,exact,10,100,1,1,1242.699
dense,exact-109,exact,20,100,1,1,1242.699
dense,exact-109,exact,30,100,1,1,1242.699
dense,exact-109,exact,50,100,1,1,1242.699
dense,exact-109,exact,100,100,1,1,1242.699
dense,exact-110,exact,10,100,1,1,1243.103
dense,exact-110,exact,20,100,1,1,1243.103
dense,exact-110,exact,30,100,1,1,1243.103
dense,exact-110,exact,50,100,1,1,1243.103
dense,exact-110,exact,100,100,1,1,1243.103
dense,exact-111,exact,10,100,0,0,1226.423
dense,exact-111,exact,20,100,11,1,1226.423
dense,exact-111,exact,30,100,11,1,1226.423
dense,exact-111,exact,50,100,11,1,1226.423
dense,exact-111,exact,100,100,11,1,1226.423
dense,exact-112,exact,10,100,2,1,1231.060
dense,exact-112,exact,20,100,2,1,1231.060
dense,exact-112,exact,30,100,2,1,1231.060
dense,exact-112,exact,50,100,2,1,1231.060
dense,exact-112,exact,100,100,2,1,1231.060
dense,exact-113,exact,10,100,1,1,1233.469
dense,exact-113,exact,20,100,1,1,1233.469
dense,exact-113,exact,30,100,1,1,1233.469
dense,exact-113,exact,50,100,1,1,1233.469
dense,exact-113,exact,100,100,1,1,1233.469
dense,exact-114,exact,10,100,3,1,1225.147
dense,exact-114,exact,20,100,3,1,1225.147
dense,exact-114,exact,30,100,3,1,1225.147
dense,exact-114,exact,50,100,3,1,1225.147
dense,exact-114,exact,100,100,3,1,1225.147
dense,exact-115,exact,10,100,4,1,1227.557
dense,exact-115,exact,20,100,4,1,1227.557
dense,exact-115,exact,30,100,4,1,1227.557
dense,exact-115,exact,50,100,4,1,1227.557
dense,exact-115,exact,100,100,4,1,1227.557
dense,exact-116,exact,10,100,4,1,1254.067
dense,exact-116,exact,20,100,4,1,1254.067
dense,exact-116,exact,30,100,4,1,1254.067
dense,exact-116,exact,50,100,4,1,1254.067
dense,exact-116,exact,100,100,4,1,1254.067
dense,exact-117,exact,10,100,2,1,1250.357
dense,exact-117,exact,20,100,2,1,1250.357
dense,exact-117,exact,30,100,2,1,1250.357
dense,exact-117,exact,50,100,2,1,1250.357
dense,exact-117,exact,100,100,2,1,1250.357
dense,exact-118,exact,10,100,1,1,1252.518
dense,exact-118,exact,20,100,1,1,1252.518
dense,exact-118,exact,30,100,1,1,1252.518
dense,exact-118,exact,50,100,1,1,1252.518
dense,exact-118,exact,100,100,1,1,1252.518
dense,exact-119,exact,10,100,1,1,1240.980
dense,exact-119,exact,20,100,1,1,1240.980
dense,exact-119,exact,30,100,1,1,1240.980
dense,exact-119,exact,50,100,1,1,1240.980
dense,exact-119,exact,100,100,1,1,1240.980
dense,exact-120,exact,10,100,1,1,1251.620
dense,exact-120,exact,20,100,1,1,1251.620
dense,exact-120,exact,30,100,1,1,1251.620
dense,exact-120,exact,50,100,1,1,1251.620
dense,exact-120,exact,100,100,1,1,1251.620
dense,semantic-001,semantic,10,100,1,1,1212.109
dense,semantic-001,semantic,20,100,1,1,1212.109
dense,semantic-001,semantic,30,100,1,1,1212.109
dense,semantic-001,semantic,50,100,1,1,1212.109
dense,semantic-001,semantic,100,100,1,1,1212.109
dense,semantic-002,semantic,10,100,1,1,1224.080
dense,semantic-002,semantic,20,100,1,1,1224.080
dense,semantic-002,semantic,30,100,1,1,1224.080
dense,semantic-002,semantic,50,100,1,1,1224.080
dense,semantic-002,semantic,100,100,1,1,1224.080
dense,semantic-003,semantic,10,100,0,0,1226.545
dense,semantic-003,semantic,20,100,0,0,1226.545
dense,semantic-003,semantic,30,100,0,0,1226.545
dense,semantic-003,semantic,50,100,33,3,1226.545
dense,semantic-003,semantic,100,100,33,3,1226.545
dense,semantic-004,semantic,10,100,1,1,1246.772
dense,semantic-004,semantic,20,100,1,1,1246.772
dense,semantic-004,semantic,30,100,1,1,1246.772
dense,semantic-004,semantic,50,100,1,1,1246.772
dense,semantic-004,semantic,100,100,1,1,1246.772
dense,semantic-005,semantic,10,100,5,3,1244.829
dense,semantic-005,semantic,20,100,5,3,1244.829
dense,semantic-005,semantic,30,100,5,3,1244.829
dense,semantic-005,semantic,50,100,5,3,1244.829
dense,semantic-005,semantic,100,100,5,3,1244.829
dense,semantic-006,semantic,10,100,1,1,1228.035
dense,semantic-006,semantic,20,100,1,1,1228.035
dense,semantic-006,semantic,30,100,1,1,1228.035
dense,semantic-006,semantic,50,100,1,1,1228.035
dense,semantic-006,semantic,100,100,1,1,1228.035
dense,semantic-007,semantic,10,100,2,2,1253.649
dense,semantic-007,semantic,20,100,2,2,1253.649
dense,semantic-007,semantic,30,100,2,2,1253.649
dense,semantic-007,semantic,50,100,2,2,1253.649
dense,semantic-007,semantic,100,100,2,2,1253.649
dense,semantic-008,semantic,10,100,1,1,1246.735
dense,semantic-008,semantic,20,100,1,1,1246.735
dense,semantic-008,semantic,30,100,1,1,1246.735
dense,semantic-008,semantic,50,100,1,1,1246.735
dense,semantic-008,semantic,100,100,1,1,1246.735
dense,semantic-009,semantic,10,100,1,1,1227.556
dense,semantic-009,semantic,20,100,1,1,1227.556
dense,semantic-009,semantic,30,100,1,1,1227.556
dense,semantic-009,semantic,50,100,1,1,1227.556
dense,semantic-009,semantic,100,100,1,1,1227.556
dense,semantic-010,semantic,10,100,8,2,1236.798
dense,semantic-010,semantic,20,100,8,6,1236.798
dense,semantic-010,semantic,30,100,8,6,1236.798
dense,semantic-010,semantic,50,100,8,6,1236.798
dense,semantic-010,semantic,100,100,8,6,1236.798
dense,semantic-011,semantic,10,100,1,1,1221.920
dense,semantic-011,semantic,20,100,1,1,1221.920
dense,semantic-011,semantic,30,100,1,1,1221.920
dense,semantic-011,semantic,50,100,1,1,1221.920
dense,semantic-011,semantic,100,100,1,1,1221.920
dense,semantic-012,semantic,10,100,1,1,1245.915
dense,semantic-012,semantic,20,100,1,1,1245.915
dense,semantic-012,semantic,30,100,1,1,1245.915
dense,semantic-012,semantic,50,100,1,1,1245.915
dense,semantic-012,semantic,100,100,1,1,1245.915
dense,semantic-013,semantic,10,100,2,1,1235.162
dense,semantic-013,semantic,20,100,2,1,1235.162
dense,semantic-013,semantic,30,100,2,1,1235.162
dense,semantic-013,semantic,50,100,2,1,1235.162
dense,semantic-013,semantic,100,100,2,1,1235.162
dense,semantic-014,semantic,10,100,1,1,1240.381
dense,semantic-014,semantic,20,100,1,1,1240.381
dense,semantic-014,semantic,30,100,1,1,1240.381
dense,semantic-014,semantic,50,100,1,1,1240.381
dense,semantic-014,semantic,100,100,1,1,1240.381
dense,semantic-015,semantic,10,100,2,1,1235.691
dense,semantic-015,semantic,20,100,2,1,1235.691
dense,semantic-015,semantic,30,100,2,1,1235.691
dense,semantic-015,semantic,50,100,2,1,1235.691
dense,semantic-015,semantic,100,100,2,1,1235.691
dense,semantic-016,semantic,10,100,1,1,1224.994
dense,semantic-016,semantic,20,100,1,1,1224.994
dense,semantic-016,semantic,30,100,1,1,1224.994
dense,semantic-016,semantic,50,100,1,1,1224.994
dense,semantic-016,semantic,100,100,1,1,1224.994
dense,semantic-017,semantic,10,100,1,1,1227.247
dense,semantic-017,semantic,20,100,1,1,1227.247
dense,semantic-017,semantic,30,100,1,1,1227.247
dense,semantic-017,semantic,50,100,1,1,1227.247
dense,semantic-017,semantic,100,100,1,1,1227.247
dense,semantic-018,semantic,10,100,1,1,1229.645
dense,semantic-018,semantic,20,100,1,1,1229.645
dense,semantic-018,semantic,30,100,1,1,1229.645
dense,semantic-018,semantic,50,100,1,1,1229.645
dense,semantic-018,semantic,100,100,1,1,1229.645
dense,semantic-019,semantic,10,100,1,1,1233.095
dense,semantic-019,semantic,20,100,1,1,1233.095
dense,semantic-019,semantic,30,100,1,1,1233.095
dense,semantic-019,semantic,50,100,1,1,1233.095
dense,semantic-019,semantic,100,100,1,1,1233.095
dense,semantic-020,semantic,10,100,1,1,1251.289
dense,semantic-020,semantic,20,100,1,1,1251.289
dense,semantic-020,semantic,30,100,1,1,1251.289
dense,semantic-020,semantic,50,100,1,1,1251.289
dense,semantic-020,semantic,100,100,1,1,1251.289
dense,semantic-021,semantic,10,100,2,4,1252.083
dense,semantic-021,semantic,20,100,2,5,1252.083
dense,semantic-021,semantic,30,100,2,5,1252.083
dense,semantic-021,semantic,50,100,2,5,1252.083
dense,semantic-021,semantic,100,100,2,5,1252.083
dense,semantic-022,semantic,10,100,1,1,1231.650
dense,semantic-022,semantic,20,100,1,1,1231.650
dense,semantic-022,semantic,30,100,1,1,1231.650
dense,semantic-022,semantic,50,100,1,1,1231.650
dense,semantic-022,semantic,100,100,1,1,1231.650
dense,semantic-023,semantic,10,100,4,5,1230.089
dense,semantic-023,semantic,20,100,4,6,1230.089
dense,semantic-023,semantic,30,100,4,6,1230.089
dense,semantic-023,semantic,50,100,4,6,1230.089
dense,semantic-023,semantic,100,100,4,6,1230.089
dense,semantic-024,semantic,10,100,9,3,1237.478
dense,semantic-024,semantic,20,100,9,4,1237.478
dense,semantic-024,semantic,30,100,9,4,1237.478
dense,semantic-024,semantic,50,100,9,4,1237.478
dense,semantic-024,semantic,100,100,9,4,1237.478
dense,semantic-025,semantic,10,100,0,0,1218.971
dense,semantic-025,semantic,20,100,0,0,1218.971
dense,semantic-025,semantic,30,100,0,0,1218.971
dense,semantic-025,semantic,50,100,0,0,1218.971
dense,semantic-025,semantic,100,100,81,5,1218.971
dense,semantic-026,semantic,10,100,1,1,1227.603
dense,semantic-026,semantic,20,100,1,1,1227.603
dense,semantic-026,semantic,30,100,1,1,1227.603
dense,semantic-026,semantic,50,100,1,1,1227.603
dense,semantic-026,semantic,100,100,1,1,1227.603
dense,semantic-027,semantic,10,100,0,0,1232.974
dense,semantic-027,semantic,20,100,14,1,1232.974
dense,semantic-027,semantic,30,100,14,1,1232.974
dense,semantic-027,semantic,50,100,14,1,1232.974
dense,semantic-027,semantic,100,100,14,1,1232.974
dense,semantic-028,semantic,10,100,1,1,1239.021
dense,semantic-028,semantic,20,100,1,1,1239.021
dense,semantic-028,semantic,30,100,1,1,1239.021
dense,semantic-028,semantic,50,100,1,1,1239.021
dense,semantic-028,semantic,100,100,1,1,1239.021
dense,semantic-029,semantic,10,100,1,1,1228.318
dense,semantic-029,semantic,20,100,1,1,1228.318
dense,semantic-029,semantic,30,100,1,1,1228.318
dense,semantic-029,semantic,50,100,1,1,1228.318
dense,semantic-029,semantic,100,100,1,1,1228.318
dense,semantic-030,semantic,10,100,7,10,1239.856
dense,semantic-030,semantic,20,100,7,0,1239.856
dense,semantic-030,semantic,30,100,7,0,1239.856
dense,semantic-030,semantic,50,100,7,0,1239.856
dense,semantic-030,semantic,100,100,7,0,1239.856
dense,semantic-031,semantic,10,100,2,4,1233.894
dense,semantic-031,semantic,20,100,2,4,1233.894
dense,semantic-031,semantic,30,100,2,4,1233.894
dense,semantic-031,semantic,50,100,2,4,1233.894
dense,semantic-031,semantic,100,100,2,4,1233.894
dense,semantic-032,semantic,10,100,1,1,1215.234
dense,semantic-032,semantic,20,100,1,1,1215.234
dense,semantic-032,semantic,30,100,1,1,1215.234
dense,semantic-032,semantic,50,100,1,1,1215.234
dense,semantic-032,semantic,100,100,1,1,1215.234
dense,semantic-033,semantic,10,100,1,1,1231.865
dense,semantic-033,semantic,20,100,1,1,1231.865
dense,semantic-033,semantic,30,100,1,1,1231.865
dense,semantic-033,semantic,50,100,1,1,1231.865
dense,semantic-033,semantic,100,100,1,1,1231.865
dense,semantic-034,semantic,10,100,0,0,1219.583
dense,semantic-034,semantic,20,100,13,1,1219.583
dense,semantic-034,semantic,30,100,13,1,1219.583
dense,semantic-034,semantic,50,100,13,1,1219.583
dense,semantic-034,semantic,100,100,13,1,1219.583
dense,semantic-035,semantic,10,100,1,1,1227.731
dense,semantic-035,semantic,20,100,1,1,1227.731
dense,semantic-035,semantic,30,100,1,1,1227.731
dense,semantic-035,semantic,50,100,1,1,1227.731
dense,semantic-035,semantic,100,100,1,1,1227.731
dense,semantic-036,semantic,10,100,2,2,1236.777
dense,semantic-036,semantic,20,100,2,2,1236.777
dense,semantic-036,semantic,30,100,2,2,1236.777
dense,semantic-036,semantic,50,100,2,2,1236.777
dense,semantic-036,semantic,100,100,2,2,1236.777
dense,semantic-037,semantic,10,100,0,0,1234.874
dense,semantic-037,semantic,20,100,0,0,1234.874
dense,semantic-037,semantic,30,100,0,0,1234.874
dense,semantic-037,semantic,50,100,0,0,1234.874
dense,semantic-037,semantic,100,100,0,0,1234.874
dense,semantic-038,semantic,10,100,1,1,1232.468
dense,semantic-038,semantic,20,100,1,1,1232.468
dense,semantic-038,semantic,30,100,1,1,1232.468
dense,semantic-038,semantic,50,100,1,1,1232.468
dense,semantic-038,semantic,100,100,1,1,1232.468
dense,semantic-039,semantic,10,100,0,0,1247.351
dense,semantic-039,semantic,20,100,0,0,1247.351
dense,semantic-039,semantic,30,100,0,0,1247.351
dense,semantic-039,semantic,50,100,46,4,1247.351
dense,semantic-039,semantic,100,100,46,6,1247.351
dense,semantic-040,semantic,10,100,1,1,1238.699
dense,semantic-040,semantic,20,100,1,1,1238.699
dense,semantic-040,semantic,30,100,1,1,1238.699
dense,semantic-040,semantic,50,100,1,1,1238.699
dense,semantic-040,semantic,100,100,1,1,1238.699
dense,semantic-041,semantic,10,100,2,2,1229.490
dense,semantic-041,semantic,20,100,2,2,1229.490
dense,semantic-041,semantic,30,100,2,2,1229.490
dense,semantic-041,semantic,50,100,2,2,1229.490
dense,semantic-041,semantic,100,100,2,2,1229.490
dense,semantic-042,semantic,10,100,1,1,1234.867
dense,semantic-042,semantic,20,100,1,1,1234.867
dense,semantic-042,semantic,30,100,1,1,1234.867
dense,semantic-042,semantic,50,100,1,1,1234.867
dense,semantic-042,semantic,100,100,1,1,1234.867
dense,semantic-043,semantic,10,100,1,1,1240.140
dense,semantic-043,semantic,20,100,1,1,1240.140
dense,semantic-043,semantic,30,100,1,1,1240.140
dense,semantic-043,semantic,50,100,1,1,1240.140
dense,semantic-043,semantic,100,100,1,1,1240.140
dense,semantic-044,semantic,10,100,1,1,1236.950
dense,semantic-044,semantic,20,100,1,1,1236.950
dense,semantic-044,semantic,30,100,1,1,1236.950
dense,semantic-044,semantic,50,100,1,1,1236.950
dense,semantic-044,semantic,100,100,1,1,1236.950
dense,semantic-045,semantic,10,100,1,1,1232.604
dense,semantic-045,semantic,20,100,1,1,1232.604
dense,semantic-045,semantic,30,100,1,1,1232.604
dense,semantic-045,semantic,50,100,1,1,1232.604
dense,semantic-045,semantic,100,100,1,1,1232.604
dense,semantic-046,semantic,10,100,2,1,1235.538
dense,semantic-046,semantic,20,100,2,1,1235.538
dense,semantic-046,semantic,30,100,2,1,1235.538
dense,semantic-046,semantic,50,100,2,1,1235.538
dense,semantic-046,semantic,100,100,2,1,1235.538
dense,semantic-047,semantic,10,100,1,1,1241.848
dense,semantic-047,semantic,20,100,1,1,1241.848
dense,semantic-047,semantic,30,100,1,1,1241.848
dense,semantic-047,semantic,50,100,1,1,1241.848
dense,semantic-047,semantic,100,100,1,1,1241.848
dense,semantic-048,semantic,10,100,1,1,1226.312
dense,semantic-048,semantic,20,100,1,1,1226.312
dense,semantic-048,semantic,30,100,1,1,1226.312
dense,semantic-048,semantic,50,100,1,1,1226.312
dense,semantic-048,semantic,100,100,1,1,1226.312
dense,semantic-049,semantic,10,100,2,1,1234.830
dense,semantic-049,semantic,20,100,2,1,1234.830
dense,semantic-049,semantic,30,100,2,1,1234.830
dense,semantic-049,semantic,50,100,2,1,1234.830
dense,semantic-049,semantic,100,100,2,1,1234.830
dense,semantic-050,semantic,10,100,7,3,1224.621
dense,semantic-050,semantic,20,100,7,4,1224.621
dense,semantic-050,semantic,30,100,7,4,1224.621
dense,semantic-050,semantic,50,100,7,4,1224.621
dense,semantic-050,semantic,100,100,7,4,1224.621
dense,semantic-051,semantic,10,100,3,1,1264.903
dense,semantic-051,semantic,20,100,3,1,1264.903
dense,semantic-051,semantic,30,100,3,1,1264.903
dense,semantic-051,semantic,50,100,3,1,1264.903
dense,semantic-051,semantic,100,100,3,1,1264.903
dense,semantic-052,semantic,10,100,2,1,1239.515
dense,semantic-052,semantic,20,100,2,1,1239.515
dense,semantic-052,semantic,30,100,2,1,1239.515
dense,semantic-052,semantic,50,100,2,1,1239.515
dense,semantic-052,semantic,100,100,2,1,1239.515
dense,semantic-053,semantic,10,100,1,1,1230.157
dense,semantic-053,semantic,20,100,1,1,1230.157
dense,semantic-053,semantic,30,100,1,1,1230.157
dense,semantic-053,semantic,50,100,1,1,1230.157
dense,semantic-053,semantic,100,100,1,1,1230.157
dense,semantic-054,semantic,10,100,0,0,1251.360
dense,semantic-054,semantic,20,100,0,0,1251.360
dense,semantic-054,semantic,30,100,0,0,1251.360
dense,semantic-054,semantic,50,100,42,8,1251.360
dense,semantic-054,semantic,100,100,42,8,1251.360
dense,semantic-055,semantic,10,100,1,1,1282.726
dense,semantic-055,semantic,20,100,1,1,1282.726
dense,semantic-055,semantic,30,100,1,1,1282.726
dense,semantic-055,semantic,50,100,1,1,1282.726
dense,semantic-055,semantic,100,100,1,1,1282.726
dense,semantic-056,semantic,10,100,1,1,1689.103
dense,semantic-056,semantic,20,100,1,1,1689.103
dense,semantic-056,semantic,30,100,1,1,1689.103
dense,semantic-056,semantic,50,100,1,1,1689.103
dense,semantic-056,semantic,100,100,1,1,1689.103
dense,semantic-057,semantic,10,100,1,1,1320.606
dense,semantic-057,semantic,20,100,1,1,1320.606
dense,semantic-057,semantic,30,100,1,1,1320.606
dense,semantic-057,semantic,50,100,1,1,1320.606
dense,semantic-057,semantic,100,100,1,1,1320.606
dense,semantic-058,semantic,10,100,1,1,1284.624
dense,semantic-058,semantic,20,100,1,1,1284.624
dense,semantic-058,semantic,30,100,1,1,1284.624
dense,semantic-058,semantic,50,100,1,1,1284.624
dense,semantic-058,semantic,100,100,1,1,1284.624
dense,semantic-059,semantic,10,100,0,0,1289.312
dense,semantic-059,semantic,20,100,14,0,1289.312
dense,semantic-059,semantic,30,100,14,0,1289.312
dense,semantic-059,semantic,50,100,14,0,1289.312
dense,semantic-059,semantic,100,100,14,0,1289.312
dense,semantic-060,semantic,10,100,1,1,1299.846
dense,semantic-060,semantic,20,100,1,1,1299.846
dense,semantic-060,semantic,30,100,1,1,1299.846
dense,semantic-060,semantic,50,100,1,1,1299.846
dense,semantic-060,semantic,100,100,1,1,1299.846
dense,semantic-061,semantic,10,100,1,1,1324.295
dense,semantic-061,semantic,20,100,1,1,1324.295
dense,semantic-061,semantic,30,100,1,1,1324.295
dense,semantic-061,semantic,50,100,1,1,1324.295
dense,semantic-061,semantic,100,100,1,1,1324.295
dense,semantic-062,semantic,10,100,4,1,1376.559
dense,semantic-062,semantic,20,100,4,1,1376.559
dense,semantic-062,semantic,30,100,4,1,1376.559
dense,semantic-062,semantic,50,100,4,1,1376.559
dense,semantic-062,semantic,100,100,4,1,1376.559
dense,semantic-063,semantic,10,100,5,1,1481.899
dense,semantic-063,semantic,20,100,5,1,1481.899
dense,semantic-063,semantic,30,100,5,1,1481.899
dense,semantic-063,semantic,50,100,5,1,1481.899
dense,semantic-063,semantic,100,100,5,1,1481.899
dense,semantic-064,semantic,10,100,1,1,1302.786
dense,semantic-064,semantic,20,100,1,1,1302.786
dense,semantic-064,semantic,30,100,1,1,1302.786
dense,semantic-064,semantic,50,100,1,1,1302.786
dense,semantic-064,semantic,100,100,1,1,1302.786
dense,semantic-065,semantic,10,100,1,1,1261.953
dense,semantic-065,semantic,20,100,1,1,1261.953
dense,semantic-065,semantic,30,100,1,1,1261.953
dense,semantic-065,semantic,50,100,1,1,1261.953
dense,semantic-065,semantic,100,100,1,1,1261.953
dense,semantic-066,semantic,10,100,1,1,1268.093
dense,semantic-066,semantic,20,100,1,1,1268.093
dense,semantic-066,semantic,30,100,1,1,1268.093
dense,semantic-066,semantic,50,100,1,1,1268.093
dense,semantic-066,semantic,100,100,1,1,1268.093
dense,semantic-067,semantic,10,100,1,1,1352.590
dense,semantic-067,semantic,20,100,1,1,1352.590
dense,semantic-067,semantic,30,100,1,1,1352.590
dense,semantic-067,semantic,50,100,1,1,1352.590
dense,semantic-067,semantic,100,100,1,1,1352.590
dense,semantic-068,semantic,10,100,0,0,1312.244
dense,semantic-068,semantic,20,100,0,0,1312.244
dense,semantic-068,semantic,30,100,0,0,1312.244
dense,semantic-068,semantic,50,100,0,0,1312.244
dense,semantic-068,semantic,100,100,77,2,1312.244
dense,semantic-069,semantic,10,100,2,1,1310.887
dense,semantic-069,semantic,20,100,2,1,1310.887
dense,semantic-069,semantic,30,100,2,1,1310.887
dense,semantic-069,semantic,50,100,2,1,1310.887
dense,semantic-069,semantic,100,100,2,1,1310.887
dense,semantic-070,semantic,10,100,1,1,1292.257
dense,semantic-070,semantic,20,100,1,1,1292.257
dense,semantic-070,semantic,30,100,1,1,1292.257
dense,semantic-070,semantic,50,100,1,1,1292.257
dense,semantic-070,semantic,100,100,1,1,1292.257
dense,semantic-071,semantic,10,100,0,0,1294.896
dense,semantic-071,semantic,20,100,0,0,1294.896
dense,semantic-071,semantic,30,100,28,4,1294.896
dense,semantic-071,semantic,50,100,28,4,1294.896
dense,semantic-071,semantic,100,100,28,4,1294.896
dense,semantic-072,semantic,10,100,1,1,1300.271
dense,semantic-072,semantic,20,100,1,1,1300.271
dense,semantic-072,semantic,30,100,1,1,1300.271
dense,semantic-072,semantic,50,100,1,1,1300.271
dense,semantic-072,semantic,100,100,1,1,1300.271
dense,semantic-073,semantic,10,100,1,1,1295.417
dense,semantic-073,semantic,20,100,1,1,1295.417
dense,semantic-073,semantic,30,100,1,1,1295.417
dense,semantic-073,semantic,50,100,1,1,1295.417
dense,semantic-073,semantic,100,100,1,1,1295.417
dense,semantic-074,semantic,10,100,1,1,1309.249
dense,semantic-074,semantic,20,100,1,1,1309.249
dense,semantic-074,semantic,30,100,1,1,1309.249
dense,semantic-074,semantic,50,100,1,1,1309.249
dense,semantic-074,semantic,100,100,1,1,1309.249
dense,semantic-075,semantic,10,100,2,1,1637.037
dense,semantic-075,semantic,20,100,2,1,1637.037
dense,semantic-075,semantic,30,100,2,1,1637.037
dense,semantic-075,semantic,50,100,2,1,1637.037
dense,semantic-075,semantic,100,100,2,1,1637.037
dense,semantic-076,semantic,10,100,1,1,1359.413
dense,semantic-076,semantic,20,100,1,1,1359.413
dense,semantic-076,semantic,30,100,1,1,1359.413
dense,semantic-076,semantic,50,100,1,1,1359.413
dense,semantic-076,semantic,100,100,1,1,1359.413
dense,semantic-077,semantic,10,100,1,1,1296.449
dense,semantic-077,semantic,20,100,1,1,1296.449
dense,semantic-077,semantic,30,100,1,1,1296.449
dense,semantic-077,semantic,50,100,1,1,1296.449
dense,semantic-077,semantic,100,100,1,1,1296.449
dense,semantic-078,semantic,10,100,1,1,1311.612
dense,semantic-078,semantic,20,100,1,1,1311.612
dense,semantic-078,semantic,30,100,1,1,1311.612
dense,semantic-078,semantic,50,100,1,1,1311.612
dense,semantic-078,semantic,100,100,1,1,1311.612
dense,semantic-079,semantic,10,100,1,1,1468.318
dense,semantic-079,semantic,20,100,1,1,1468.318
dense,semantic-079,semantic,30,100,1,1,1468.318
dense,semantic-079,semantic,50,100,1,1,1468.318
dense,semantic-079,semantic,100,100,1,1,1468.318
dense,semantic-080,semantic,10,100,1,1,1349.801
dense,semantic-080,semantic,20,100,1,1,1349.801
dense,semantic-080,semantic,30,100,1,1,1349.801
dense,semantic-080,semantic,50,100,1,1,1349.801
dense,semantic-080,semantic,100,100,1,1,1349.801
dense,semantic-081,semantic,10,100,1,1,1320.612
dense,semantic-081,semantic,20,100,1,1,1320.612
dense,semantic-081,semantic,30,100,1,1,1320.612
dense,semantic-081,semantic,50,100,1,1,1320.612
dense,semantic-081,semantic,100,100,1,1,1320.612
dense,semantic-082,semantic,10,100,1,1,1313.217
dense,semantic-082,semantic,20,100,1,1,1313.217
dense,semantic-082,semantic,30,100,1,1,1313.217
dense,semantic-082,semantic,50,100,1,1,1313.217
dense,semantic-082,semantic,100,100,1,1,1313.217
dense,semantic-083,semantic,10,100,1,1,1299.993
dense,semantic-083,semantic,20,100,1,1,1299.993
dense,semantic-083,semantic,30,100,1,1,1299.993
dense,semantic-083,semantic,50,100,1,1,1299.993
dense,semantic-083,semantic,100,100,1,1,1299.993
dense,semantic-084,semantic,10,100,1,1,1287.686
dense,semantic-084,semantic,20,100,1,1,1287.686
dense,semantic-084,semantic,30,100,1,1,1287.686
dense,semantic-084,semantic,50,100,1,1,1287.686
dense,semantic-084,semantic,100,100,1,1,1287.686
dense,semantic-085,semantic,10,100,1,1,1285.284
dense,semantic-085,semantic,20,100,1,1,1285.284
dense,semantic-085,semantic,30,100,1,1,1285.284
dense,semantic-085,semantic,50,100,1,1,1285.284
dense,semantic-085,semantic,100,100,1,1,1285.284
dense,semantic-086,semantic,10,100,1,1,1297.413
dense,semantic-086,semantic,20,100,1,1,1297.413
dense,semantic-086,semantic,30,100,1,1,1297.413
dense,semantic-086,semantic,50,100,1,1,1297.413
dense,semantic-086,semantic,100,100,1,1,1297.413
dense,semantic-087,semantic,10,100,1,1,1291.336
dense,semantic-087,semantic,20,100,1,1,1291.336
dense,semantic-087,semantic,30,100,1,1,1291.336
dense,semantic-087,semantic,50,100,1,1,1291.336
dense,semantic-087,semantic,100,100,1,1,1291.336
dense,semantic-088,semantic,10,100,0,0,1358.382
dense,semantic-088,semantic,20,100,0,0,1358.382
dense,semantic-088,semantic,30,100,25,2,1358.382
dense,semantic-088,semantic,50,100,25,2,1358.382
dense,semantic-088,semantic,100,100,25,2,1358.382
dense,semantic-089,semantic,10,100,2,3,1348.798
dense,semantic-089,semantic,20,100,2,3,1348.798
dense,semantic-089,semantic,30,100,2,3,1348.798
dense,semantic-089,semantic,50,100,2,3,1348.798
dense,semantic-089,semantic,100,100,2,3,1348.798
dense,semantic-090,semantic,10,100,1,1,1350.718
dense,semantic-090,semantic,20,100,1,1,1350.718
dense,semantic-090,semantic,30,100,1,1,1350.718
dense,semantic-090,semantic,50,100,1,1,1350.718
dense,semantic-090,semantic,100,100,1,1,1350.718
dense,semantic-091,semantic,10,100,1,1,1317.866
dense,semantic-091,semantic,20,100,1,1,1317.866
dense,semantic-091,semantic,30,100,1,1,1317.866
dense,semantic-091,semantic,50,100,1,1,1317.866
dense,semantic-091,semantic,100,100,1,1,1317.866
dense,semantic-092,semantic,10,100,2,2,1679.627
dense,semantic-092,semantic,20,100,2,2,1679.627
dense,semantic-092,semantic,30,100,2,2,1679.627
dense,semantic-092,semantic,50,100,2,2,1679.627
dense,semantic-092,semantic,100,100,2,2,1679.627
dense,semantic-093,semantic,10,100,1,1,1802.017
dense,semantic-093,semantic,20,100,1,1,1802.017
dense,semantic-093,semantic,30,100,1,1,1802.017
dense,semantic-093,semantic,50,100,1,1,1802.017
dense,semantic-093,semantic,100,100,1,1,1802.017
dense,semantic-094,semantic,10,100,0,0,1812.792
dense,semantic-094,semantic,20,100,0,0,1812.792
dense,semantic-094,semantic,30,100,0,0,1812.792
dense,semantic-094,semantic,50,100,0,0,1812.792
dense,semantic-094,semantic,100,100,54,0,1812.792
dense,semantic-095,semantic,10,100,0,0,1571.177
dense,semantic-095,semantic,20,100,13,9,1571.177
dense,semantic-095,semantic,30,100,13,0,1571.177
dense,semantic-095,semantic,50,100,13,0,1571.177
dense,semantic-095,semantic,100,100,13,0,1571.177
dense,semantic-096,semantic,10,100,0,0,1318.682
dense,semantic-096,semantic,20,100,0,0,1318.682
dense,semantic-096,semantic,30,100,0,0,1318.682
dense,semantic-096,semantic,50,100,36,2,1318.682
dense,semantic-096,semantic,100,100,36,3,1318.682
dense,semantic-097,semantic,10,100,2,1,1404.100
dense,semantic-097,semantic,20,100,2,1,1404.100
dense,semantic-097,semantic,30,100,2,1,1404.100
dense,semantic-097,semantic,50,100,2,1,1404.100
dense,semantic-097,semantic,100,100,2,1,1404.100
dense,semantic-098,semantic,10,100,0,0,1492.496
dense,semantic-098,semantic,20,100,0,0,1492.496
dense,semantic-098,semantic,30,100,0,0,1492.496
dense,semantic-098,semantic,50,100,0,0,1492.496
dense,semantic-098,semantic,100,100,0,0,1492.496
dense,semantic-099,semantic,10,100,2,1,1459.125
dense,semantic-099,semantic,20,100,2,1,1459.125
dense,semantic-099,semantic,30,100,2,1,1459.125
dense,semantic-099,semantic,50,100,2,1,1459.125
dense,semantic-099,semantic,100,100,2,1,1459.125
dense,semantic-100,semantic,10,100,1,1,1296.845
dense,semantic-100,semantic,20,100,1,1,1296.845
dense,semantic-100,semantic,30,100,1,1,1296.845
dense,semantic-100,semantic,50,100,1,1,1296.845
dense,semantic-100,semantic,100,100,1,1,1296.845
dense,semantic-101,semantic,10,100,3,6,1278.073
dense,semantic-101,semantic,20,100,3,7,1278.073
dense,semantic-101,semantic,30,100,3,8,1278.073
dense,semantic-101,semantic,50,100,3,9,1278.073
dense,semantic-101,semantic,100,100,3,0,1278.073
dense,semantic-102,semantic,10,100,2,5,1371.085
dense,semantic-102,semantic,20,100,2,7,1371.085
dense,semantic-102,semantic,30,100,2,7,1371.085
dense,semantic-102,semantic,50,100,2,7,1371.085
dense,semantic-102,semantic,100,100,2,7,1371.085
dense,semantic-103,semantic,10,100,1,1,1348.730
dense,semantic-103,semantic,20,100,1,1,1348.730
dense,semantic-103,semantic,30,100,1,1,1348.730
dense,semantic-103,semantic,50,100,1,1,1348.730
dense,semantic-103,semantic,100,100,1,1,1348.730
dense,semantic-104,semantic,10,100,1,1,1391.124
dense,semantic-104,semantic,20,100,1,1,1391.124
dense,semantic-104,semantic,30,100,1,1,1391.124
dense,semantic-104,semantic,50,100,1,1,1391.124
dense,semantic-104,semantic,100,100,1,1,1391.124
dense,semantic-105,semantic,10,100,1,1,1343.800
dense,semantic-105,semantic,20,100,1,1,1343.800
dense,semantic-105,semantic,30,100,1,1,1343.800
dense,semantic-105,semantic,50,100,1,1,1343.800
dense,semantic-105,semantic,100,100,1,1,1343.800
dense,semantic-106,semantic,10,100,2,3,1306.684
dense,semantic-106,semantic,20,100,2,3,1306.684
dense,semantic-106,semantic,30,100,2,3,1306.684
dense,semantic-106,semantic,50,100,2,3,1306.684
dense,semantic-106,semantic,100,100,2,3,1306.684
dense,semantic-107,semantic,10,100,1,1,1291.503
dense,semantic-107,semantic,20,100,1,1,1291.503
dense,semantic-107,semantic,30,100,1,1,1291.503
dense,semantic-107,semantic,50,100,1,1,1291.503
dense,semantic-107,semantic,100,100,1,1,1291.503
dense,semantic-108,semantic,10,100,1,1,1342.590
dense,semantic-108,semantic,20,100,1,1,1342.590
dense,semantic-108,semantic,30,100,1,1,1342.590
dense,semantic-108,semantic,50,100,1,1,1342.590
dense,semantic-108,semantic,100,100,1,1,1342.590
dense,semantic-109,semantic,10,100,1,1,1404.204
dense,semantic-109,semantic,20,100,1,1,1404.204
dense,semantic-109,semantic,30,100,1,1,1404.204
dense,semantic-109,semantic,50,100,1,1,1404.204
dense,semantic-109,semantic,100,100,1,1,1404.204
dense,semantic-110,semantic,10,100,1,1,1306.076
dense,semantic-110,semantic,20,100,1,1,1306.076
dense,semantic-110,semantic,30,100,1,1,1306.076
dense,semantic-110,semantic,50,100,1,1,1306.076
dense,semantic-110,semantic,100,100,1,1,1306.076
dense,semantic-111,semantic,10,100,0,0,1302.083
dense,semantic-111,semantic,20,100,15,2,1302.083
dense,semantic-111,semantic,30,100,15,2,1302.083
dense,semantic-111,semantic,50,100,15,2,1302.083
dense,semantic-111,semantic,100,100,15,2,1302.083
dense,semantic-112,semantic,10,100,2,1,1309.005
dense,semantic-112,semantic,20,100,2,1,1309.005
dense,semantic-112,semantic,30,100,2,1,1309.005
dense,semantic-112,semantic,50,100,2,1,1309.005
dense,semantic-112,semantic,100,100,2,1,1309.005
dense,semantic-113,semantic,10,100,1,1,1298.246
dense,semantic-113,semantic,20,100,1,1,1298.246
dense,semantic-113,semantic,30,100,1,1,1298.246
dense,semantic-113,semantic,50,100,1,1,1298.246
dense,semantic-113,semantic,100,100,1,1,1298.246
dense,semantic-114,semantic,10,100,6,3,1293.610
dense,semantic-114,semantic,20,100,6,3,1293.610
dense,semantic-114,semantic,30,100,6,3,1293.610
dense,semantic-114,semantic,50,100,6,3,1293.610
dense,semantic-114,semantic,100,100,6,3,1293.610
dense,semantic-115,semantic,10,100,4,1,1300.146
dense,semantic-115,semantic,20,100,4,1,1300.146
dense,semantic-115,semantic,30,100,4,1,1300.146
dense,semantic-115,semantic,50,100,4,1,1300.146
dense,semantic-115,semantic,100,100,4,1,1300.146
dense,semantic-116,semantic,10,100,4,1,1311.673
dense,semantic-116,semantic,20,100,4,1,1311.673
dense,semantic-116,semantic,30,100,4,1,1311.673
dense,semantic-116,semantic,50,100,4,1,1311.673
dense,semantic-116,semantic,100,100,4,1,1311.673
dense,semantic-117,semantic,10,100,1,1,1304.223
dense,semantic-117,semantic,20,100,1,1,1304.223
dense,semantic-117,semantic,30,100,1,1,1304.223
dense,semantic-117,semantic,50,100,1,1,1304.223
dense,semantic-117,semantic,100,100,1,1,1304.223
dense,semantic-118,semantic,10,100,1,1,1324.137
dense,semantic-118,semantic,20,100,1,1,1324.137
dense,semantic-118,semantic,30,100,1,1,1324.137
dense,semantic-118,semantic,50,100,1,1,1324.137
dense,semantic-118,semantic,100,100,1,1,1324.137
dense,semantic-119,semantic,10,100,1,1,1303.051
dense,semantic-119,semantic,20,100,1,1,1303.051
dense,semantic-119,semantic,30,100,1,1,1303.051
dense,semantic-119,semantic,50,100,1,1,1303.051
dense,semantic-119,semantic,100,100,1,1,1303.051
dense,semantic-120,semantic,10,100,1,1,1375.905
dense,semantic-120,semantic,20,100,1,1,1375.905
dense,semantic-120,semantic,30,100,1,1,1375.905
dense,semantic-120,semantic,50,100,1,1,1375.905
dense,semantic-120,semantic,100,100,1,1,1375.905
bm25,exact-001,exact,10,100,1,1,1615.927
bm25,exact-001,exact,20,100,1,1,1615.927
bm25,exact-001,exact,30,100,1,1,1615.927
bm25,exact-001,exact,50,100,1,1,1615.927
bm25,exact-001,exact,100,100,1,1,1615.927
bm25,exact-002,exact,10,100,1,1,1329.932
bm25,exact-002,exact,20,100,1,1,1329.932
bm25,exact-002,exact,30,100,1,1,1329.932
bm25,exact-002,exact,50,100,1,1,1329.932
bm25,exact-002,exact,100,100,1,1,1329.932
bm25,exact-003,exact,10,100,4,1,1321.130
bm25,exact-003,exact,20,100,4,1,1321.130
bm25,exact-003,exact,30,100,4,1,1321.130
bm25,exact-003,exact,50,100,4,1,1321.130
bm25,exact-003,exact,100,100,4,1,1321.130
bm25,exact-004,exact,10,100,1,1,1368.223
bm25,exact-004,exact,20,100,1,1,1368.223
bm25,exact-004,exact,30,100,1,1,1368.223
bm25,exact-004,exact,50,100,1,1,1368.223
bm25,exact-004,exact,100,100,1,1,1368.223
bm25,exact-005,exact,10,100,9,2,1249.299
bm25,exact-005,exact,20,100,9,3,1249.299
bm25,exact-005,exact,30,100,9,4,1249.299
bm25,exact-005,exact,50,100,9,4,1249.299
bm25,exact-005,exact,100,100,9,4,1249.299
bm25,exact-006,exact,10,100,1,1,1247.690
bm25,exact-006,exact,20,100,1,1,1247.690
bm25,exact-006,exact,30,100,1,1,1247.690
bm25,exact-006,exact,50,100,1,1,1247.690
bm25,exact-006,exact,100,100,1,1,1247.690
bm25,exact-007,exact,10,100,1,2,1247.978
bm25,exact-007,exact,20,100,1,2,1247.978
bm25,exact-007,exact,30,100,1,2,1247.978
bm25,exact-007,exact,50,100,1,2,1247.978
bm25,exact-007,exact,100,100,1,2,1247.978
bm25,exact-008,exact,10,100,1,1,1240.541
bm25,exact-008,exact,20,100,1,1,1240.541
bm25,exact-008,exact,30,100,1,1,1240.541
bm25,exact-008,exact,50,100,1,1,1240.541
bm25,exact-008,exact,100,100,1,1,1240.541
bm25,exact-009,exact,10,100,1,1,1239.537
bm25,exact-009,exact,20,100,1,1,1239.537
bm25,exact-009,exact,30,100,1,1,1239.537
bm25,exact-009,exact,50,100,1,1,1239.537
bm25,exact-009,exact,100,100,1,1,1239.537
bm25,exact-010,exact,10,100,1,2,1241.375
bm25,exact-010,exact,20,100,1,2,1241.375
bm25,exact-010,exact,30,100,1,2,1241.375
bm25,exact-010,exact,50,100,1,2,1241.375
bm25,exact-010,exact,100,100,1,2,1241.375
bm25,exact-011,exact,10,100,1,1,1232.024
bm25,exact-011,exact,20,100,1,1,1232.024
bm25,exact-011,exact,30,100,1,1,1232.024
bm25,exact-011,exact,50,100,1,1,1232.024
bm25,exact-011,exact,100,100,1,1,1232.024
bm25,exact-012,exact,10,100,2,1,1245.143
bm25,exact-012,exact,20,100,2,1,1245.143
bm25,exact-012,exact,30,100,2,1,1245.143
bm25,exact-012,exact,50,100,2,1,1245.143
bm25,exact-012,exact,100,100,2,1,1245.143
bm25,exact-013,exact,10,100,1,1,1353.510
bm25,exact-013,exact,20,100,1,1,1353.510
bm25,exact-013,exact,30,100,1,1,1353.510
bm25,exact-013,exact,50,100,1,1,1353.510
bm25,exact-013,exact,100,100,1,1,1353.510
bm25,exact-014,exact,10,100,1,1,1400.140
bm25,exact-014,exact,20,100,1,1,1400.140
bm25,exact-014,exact,30,100,1,1,1400.140
bm25,exact-014,exact,50,100,1,1,1400.140
bm25,exact-014,exact,100,100,1,1,1400.140
bm25,exact-015,exact,10,100,4,1,1272.446
bm25,exact-015,exact,20,100,4,1,1272.446
bm25,exact-015,exact,30,100,4,1,1272.446
bm25,exact-015,exact,50,100,4,1,1272.446
bm25,exact-015,exact,100,100,4,1,1272.446
bm25,exact-016,exact,10,100,1,1,1233.191
bm25,exact-016,exact,20,100,1,1,1233.191
bm25,exact-016,exact,30,100,1,1,1233.191
bm25,exact-016,exact,50,100,1,1,1233.191
bm25,exact-016,exact,100,100,1,1,1233.191
bm25,exact-017,exact,10,100,1,1,1312.973
bm25,exact-017,exact,20,100,1,1,1312.973
bm25,exact-017,exact,30,100,1,1,1312.973
bm25,exact-017,exact,50,100,1,1,1312.973
bm25,exact-017,exact,100,100,1,1,1312.973
bm25,exact-018,exact,10,100,1,1,1669.365
bm25,exact-018,exact,20,100,1,1,1669.365
bm25,exact-018,exact,30,100,1,1,1669.365
bm25,exact-018,exact,50,100,1,1,1669.365
bm25,exact-018,exact,100,100,1,1,1669.365
bm25,exact-019,exact,10,100,1,1,1314.225
bm25,exact-019,exact,20,100,1,1,1314.225
bm25,exact-019,exact,30,100,1,1,1314.225
bm25,exact-019,exact,50,100,1,1,1314.225
bm25,exact-019,exact,100,100,1,1,1314.225
bm25,exact-020,exact,10,100,1,1,1334.221
bm25,exact-020,exact,20,100,1,1,1334.221
bm25,exact-020,exact,30,100,1,1,1334.221
bm25,exact-020,exact,50,100,1,1,1334.221
bm25,exact-020,exact,100,100,1,1,1334.221
bm25,exact-021,exact,10,100,1,1,1460.479
bm25,exact-021,exact,20,100,1,1,1460.479
bm25,exact-021,exact,30,100,1,1,1460.479
bm25,exact-021,exact,50,100,1,1,1460.479
bm25,exact-021,exact,100,100,1,1,1460.479
bm25,exact-022,exact,10,100,1,1,1476.603
bm25,exact-022,exact,20,100,1,1,1476.603
bm25,exact-022,exact,30,100,1,1,1476.603
bm25,exact-022,exact,50,100,1,1,1476.603
bm25,exact-022,exact,100,100,1,1,1476.603
bm25,exact-023,exact,10,100,2,3,1441.223
bm25,exact-023,exact,20,100,2,3,1441.223
bm25,exact-023,exact,30,100,2,3,1441.223
bm25,exact-023,exact,50,100,2,3,1441.223
bm25,exact-023,exact,100,100,2,3,1441.223
bm25,exact-024,exact,10,100,2,1,1695.805
bm25,exact-024,exact,20,100,2,1,1695.805
bm25,exact-024,exact,30,100,2,1,1695.805
bm25,exact-024,exact,50,100,2,1,1695.805
bm25,exact-024,exact,100,100,2,1,1695.805
bm25,exact-025,exact,10,100,1,4,1511.615
bm25,exact-025,exact,20,100,1,4,1511.615
bm25,exact-025,exact,30,100,1,4,1511.615
bm25,exact-025,exact,50,100,1,4,1511.615
bm25,exact-025,exact,100,100,1,4,1511.615
bm25,exact-026,exact,10,100,1,1,1700.374
bm25,exact-026,exact,20,100,1,1,1700.374
bm25,exact-026,exact,30,100,1,1,1700.374
bm25,exact-026,exact,50,100,1,1,1700.374
bm25,exact-026,exact,100,100,1,1,1700.374
bm25,exact-027,exact,10,100,1,1,1391.398
bm25,exact-027,exact,20,100,1,1,1391.398
bm25,exact-027,exact,30,100,1,1,1391.398
bm25,exact-027,exact,50,100,1,1,1391.398
bm25,exact-027,exact,100,100,1,1,1391.398
bm25,exact-028,exact,10,100,1,1,1484.658
bm25,exact-028,exact,20,100,1,1,1484.658
bm25,exact-028,exact,30,100,1,1,1484.658
bm25,exact-028,exact,50,100,1,1,1484.658
bm25,exact-028,exact,100,100,1,1,1484.658
bm25,exact-029,exact,10,100,1,1,1359.037
bm25,exact-029,exact,20,100,1,1,1359.037
bm25,exact-029,exact,30,100,1,1,1359.037
bm25,exact-029,exact,50,100,1,1,1359.037
bm25,exact-029,exact,100,100,1,1,1359.037
bm25,exact-030,exact,10,100,1,6,1714.187
bm25,exact-030,exact,20,100,1,8,1714.187
bm25,exact-030,exact,30,100,1,9,1714.187
bm25,exact-030,exact,50,100,1,10,1714.187
bm25,exact-030,exact,100,100,1,0,1714.187
bm25,exact-031,exact,10,100,1,2,1646.351
bm25,exact-031,exact,20,100,1,2,1646.351
bm25,exact-031,exact,30,100,1,2,1646.351
bm25,exact-031,exact,50,100,1,2,1646.351
bm25,exact-031,exact,100,100,1,2,1646.351
bm25,exact-032,exact,10,100,1,1,1580.553
bm25,exact-032,exact,20,100,1,1,1580.553
bm25,exact-032,exact,30,100,1,1,1580.553
bm25,exact-032,exact,50,100,1,1,1580.553
bm25,exact-032,exact,100,100,1,1,1580.553
bm25,exact-033,exact,10,100,1,1,1636.231
bm25,exact-033,exact,20,100,1,1,1636.231
bm25,exact-033,exact,30,100,1,1,1636.231
bm25,exact-033,exact,50,100,1,1,1636.231
bm25,exact-033,exact,100,100,1,1,1636.231
bm25,exact-034,exact,10,100,1,1,1713.971
bm25,exact-034,exact,20,100,1,1,1713.971
bm25,exact-034,exact,30,100,1,1,1713.971
bm25,exact-034,exact,50,100,1,1,1713.971
bm25,exact-034,exact,100,100,1,1,1713.971
bm25,exact-035,exact,10,100,1,1,1327.382
bm25,exact-035,exact,20,100,1,1,1327.382
bm25,exact-035,exact,30,100,1,1,1327.382
bm25,exact-035,exact,50,100,1,1,1327.382
bm25,exact-035,exact,100,100,1,1,1327.382
bm25,exact-036,exact,10,100,1,2,1394.015
bm25,exact-036,exact,20,100,1,2,1394.015
bm25,exact-036,exact,30,100,1,2,1394.015
bm25,exact-036,exact,50,100,1,2,1394.015
bm25,exact-036,exact,100,100,1,2,1394.015
bm25,exact-037,exact,10,100,1,1,1260.027
bm25,exact-037,exact,20,100,1,1,1260.027
bm25,exact-037,exact,30,100,1,1,1260.027
bm25,exact-037,exact,50,100,1,1,1260.027
bm25,exact-037,exact,100,100,1,1,1260.027
bm25,exact-038,exact,10,100,1,1,1239.264
bm25,exact-038,exact,20,100,1,1,1239.264
bm25,exact-038,exact,30,100,1,1,1239.264
bm25,exact-038,exact,50,100,1,1,1239.264
bm25,exact-038,exact,100,100,1,1,1239.264
bm25,exact-039,exact,10,100,3,4,1235.432
bm25,exact-039,exact,20,100,3,5,1235.432
bm25,exact-039,exact,30,100,3,5,1235.432
bm25,exact-039,exact,50,100,3,5,1235.432
bm25,exact-039,exact,100,100,3,6,1235.432
bm25,exact-040,exact,10,100,1,1,1232.333
bm25,exact-040,exact,20,100,1,1,1232.333
bm25,exact-040,exact,30,100,1,1,1232.333
bm25,exact-040,exact,50,100,1,1,1232.333
bm25,exact-040,exact,100,100,1,1,1232.333
bm25,exact-041,exact,10,100,1,1,1249.498
bm25,exact-041,exact,20,100,1,1,1249.498
bm25,exact-041,exact,30,100,1,1,1249.498
bm25,exact-041,exact,50,100,1,1,1249.498
bm25,exact-041,exact,100,100,1,1,1249.498
bm25,exact-042,exact,10,100,1,1,1242.510
bm25,exact-042,exact,20,100,1,1,1242.510
bm25,exact-042,exact,30,100,1,1,1242.510
bm25,exact-042,exact,50,100,1,1,1242.510
bm25,exact-042,exact,100,100,1,1,1242.510
bm25,exact-043,exact,10,100,1,1,1241.438
bm25,exact-043,exact,20,100,1,1,1241.438
bm25,exact-043,exact,30,100,1,1,1241.438
bm25,exact-043,exact,50,100,1,1,1241.438
bm25,exact-043,exact,100,100,1,1,1241.438
bm25,exact-044,exact,10,100,1,1,1236.299
bm25,exact-044,exact,20,100,1,1,1236.299
bm25,exact-044,exact,30,100,1,1,1236.299
bm25,exact-044,exact,50,100,1,1,1236.299
bm25,exact-044,exact,100,100,1,1,1236.299
bm25,exact-045,exact,10,100,1,1,1244.444
bm25,exact-045,exact,20,100,1,1,1244.444
bm25,exact-045,exact,30,100,1,1,1244.444
bm25,exact-045,exact,50,100,1,1,1244.444
bm25,exact-045,exact,100,100,1,1,1244.444
bm25,exact-046,exact,10,100,6,1,1336.186
bm25,exact-046,exact,20,100,6,1,1336.186
bm25,exact-046,exact,30,100,6,1,1336.186
bm25,exact-046,exact,50,100,6,1,1336.186
bm25,exact-046,exact,100,100,6,1,1336.186
bm25,exact-047,exact,10,100,1,1,1309.474
bm25,exact-047,exact,20,100,1,1,1309.474
bm25,exact-047,exact,30,100,1,1,1309.474
bm25,exact-047,exact,50,100,1,1,1309.474
bm25,exact-047,exact,100,100,1,1,1309.474
bm25,exact-048,exact,10,100,1,1,1504.080
bm25,exact-048,exact,20,100,1,1,1504.080
bm25,exact-048,exact,30,100,1,1,1504.080
bm25,exact-048,exact,50,100,1,1,1504.080
bm25,exact-048,exact,100,100,1,1,1504.080
bm25,exact-049,exact,10,100,1,1,1521.327
bm25,exact-049,exact,20,100,1,1,1521.327
bm25,exact-049,exact,30,100,1,1,1521.327
bm25,exact-049,exact,50,100,1,1,1521.327
bm25,exact-049,exact,100,100,1,1,1521.327
bm25,exact-050,exact,10,100,5,1,1292.748
bm25,exact-050,exact,20,100,5,1,1292.748
bm25,exact-050,exact,30,100,5,1,1292.748
bm25,exact-050,exact,50,100,5,1,1292.748
bm25,exact-050,exact,100,100,5,1,1292.748
bm25,exact-051,exact,10,100,1,1,1385.756
bm25,exact-051,exact,20,100,1,1,1385.756
bm25,exact-051,exact,30,100,1,1,1385.756
bm25,exact-051,exact,50,100,1,1,1385.756
bm25,exact-051,exact,100,100,1,1,1385.756
bm25,exact-052,exact,10,100,1,1,1448.966
bm25,exact-052,exact,20,100,1,1,1448.966
bm25,exact-052,exact,30,100,1,1,1448.966
bm25,exact-052,exact,50,100,1,1,1448.966
bm25,exact-052,exact,100,100,1,1,1448.966
bm25,exact-053,exact,10,100,1,1,1369.824
bm25,exact-053,exact,20,100,1,1,1369.824
bm25,exact-053,exact,30,100,1,1,1369.824
bm25,exact-053,exact,50,100,1,1,1369.824
bm25,exact-053,exact,100,100,1,1,1369.824
bm25,exact-054,exact,10,100,1,7,1381.992
bm25,exact-054,exact,20,100,1,7,1381.992
bm25,exact-054,exact,30,100,1,7,1381.992
bm25,exact-054,exact,50,100,1,8,1381.992
bm25,exact-054,exact,100,100,1,10,1381.992
bm25,exact-055,exact,10,100,8,1,1258.630
bm25,exact-055,exact,20,100,8,1,1258.630
bm25,exact-055,exact,30,100,8,1,1258.630
bm25,exact-055,exact,50,100,8,1,1258.630
bm25,exact-055,exact,100,100,8,1,1258.630
bm25,exact-056,exact,10,100,2,1,1244.926
bm25,exact-056,exact,20,100,2,1,1244.926
bm25,exact-056,exact,30,100,2,1,1244.926
bm25,exact-056,exact,50,100,2,1,1244.926
bm25,exact-056,exact,100,100,2,1,1244.926
bm25,exact-057,exact,10,100,1,1,1238.708
bm25,exact-057,exact,20,100,1,1,1238.708
bm25,exact-057,exact,30,100,1,1,1238.708
bm25,exact-057,exact,50,100,1,1,1238.708
bm25,exact-057,exact,100,100,1,1,1238.708
bm25,exact-058,exact,10,100,1,1,1244.468
bm25,exact-058,exact,20,100,1,1,1244.468
bm25,exact-058,exact,30,100,1,1,1244.468
bm25,exact-058,exact,50,100,1,1,1244.468
bm25,exact-058,exact,100,100,1,1,1244.468
bm25,exact-059,exact,10,100,4,1,1239.169
bm25,exact-059,exact,20,100,4,1,1239.169
bm25,exact-059,exact,30,100,4,1,1239.169
bm25,exact-059,exact,50,100,4,1,1239.169
bm25,exact-059,exact,100,100,4,1,1239.169
bm25,exact-060,exact,10,100,1,1,1248.486
bm25,exact-060,exact,20,100,1,1,1248.486
bm25,exact-060,exact,30,100,1,1,1248.486
bm25,exact-060,exact,50,100,1,1,1248.486
bm25,exact-060,exact,100,100,1,1,1248.486
bm25,exact-061,exact,10,100,1,1,1236.043
bm25,exact-061,exact,20,100,1,1,1236.043
bm25,exact-061,exact,30,100,1,1,1236.043
bm25,exact-061,exact,50,100,1,1,1236.043
bm25,exact-061,exact,100,100,1,1,1236.043
bm25,exact-062,exact,10,100,1,1,1247.145
bm25,exact-062,exact,20,100,1,1,1247.145
bm25,exact-062,exact,30,100,1,1,1247.145
bm25,exact-062,exact,50,100,1,1,1247.145
bm25,exact-062,exact,100,100,1,1,1247.145
bm25,exact-063,exact,10,100,1,1,1308.116
bm25,exact-063,exact,20,100,1,1,1308.116
bm25,exact-063,exact,30,100,1,1,1308.116
bm25,exact-063,exact,50,100,1,1,1308.116
bm25,exact-063,exact,100,100,1,1,1308.116
bm25,exact-064,exact,10,100,1,1,1308.069
bm25,exact-064,exact,20,100,1,1,1308.069
bm25,exact-064,exact,30,100,1,1,1308.069
bm25,exact-064,exact,50,100,1,1,1308.069
bm25,exact-064,exact,100,100,1,1,1308.069
bm25,exact-065,exact,10,100,1,1,1310.824
bm25,exact-065,exact,20,100,1,1,1310.824
bm25,exact-065,exact,30,100,1,1,1310.824
bm25,exact-065,exact,50,100,1,1,1310.824
bm25,exact-065,exact,100,100,1,1,1310.824
bm25,exact-066,exact,10,100,1,1,1305.622
bm25,exact-066,exact,20,100,1,1,1305.622
bm25,exact-066,exact,30,100,1,1,1305.622
bm25,exact-066,exact,50,100,1,1,1305.622
bm25,exact-066,exact,100,100,1,1,1305.622
bm25,exact-067,exact,10,100,1,1,1310.249
bm25,exact-067,exact,20,100,1,1,1310.249
bm25,exact-067,exact,30,100,1,1,1310.249
bm25,exact-067,exact,50,100,1,1,1310.249
bm25,exact-067,exact,100,100,1,1,1310.249
bm25,exact-068,exact,10,100,1,1,1617.690
bm25,exact-068,exact,20,100,1,1,1617.690
bm25,exact-068,exact,30,100,1,1,1617.690
bm25,exact-068,exact,50,100,1,1,1617.690
bm25,exact-068,exact,100,100,1,1,1617.690
bm25,exact-069,exact,10,100,1,1,1782.760
bm25,exact-069,exact,20,100,1,1,1782.760
bm25,exact-069,exact,30,100,1,1,1782.760
bm25,exact-069,exact,50,100,1,1,1782.760
bm25,exact-069,exact,100,100,1,1,1782.760
bm25,exact-070,exact,10,100,1,1,1683.940
bm25,exact-070,exact,20,100,1,1,1683.940
bm25,exact-070,exact,30,100,1,1,1683.940
bm25,exact-070,exact,50,100,1,1,1683.940
bm25,exact-070,exact,100,100,1,1,1683.940
bm25,exact-071,exact,10,100,1,1,1471.151
bm25,exact-071,exact,20,100,1,1,1471.151
bm25,exact-071,exact,30,100,1,1,1471.151
bm25,exact-071,exact,50,100,1,1,1471.151
bm25,exact-071,exact,100,100,1,1,1471.151
bm25,exact-072,exact,10,100,1,1,1481.265
bm25,exact-072,exact,20,100,1,1,1481.265
bm25,exact-072,exact,30,100,1,1,1481.265
bm25,exact-072,exact,50,100,1,1,1481.265
bm25,exact-072,exact,100,100,1,1,1481.265
bm25,exact-073,exact,10,100,1,1,1290.926
bm25,exact-073,exact,20,100,1,1,1290.926
bm25,exact-073,exact,30,100,1,1,1290.926
bm25,exact-073,exact,50,100,1,1,1290.926
bm25,exact-073,exact,100,100,1,1,1290.926
bm25,exact-074,exact,10,100,1,1,1293.681
bm25,exact-074,exact,20,100,1,1,1293.681
bm25,exact-074,exact,30,100,1,1,1293.681
bm25,exact-074,exact,50,100,1,1,1293.681
bm25,exact-074,exact,100,100,1,1,1293.681
bm25,exact-075,exact,10,100,1,1,1289.213
bm25,exact-075,exact,20,100,1,1,1289.213
bm25,exact-075,exact,30,100,1,1,1289.213
bm25,exact-075,exact,50,100,1,1,1289.213
bm25,exact-075,exact,100,100,1,1,1289.213
bm25,exact-076,exact,10,100,1,1,1332.177
bm25,exact-076,exact,20,100,1,1,1332.177
bm25,exact-076,exact,30,100,1,1,1332.177
bm25,exact-076,exact,50,100,1,1,1332.177
bm25,exact-076,exact,100,100,1,1,1332.177
bm25,exact-077,exact,10,100,1,1,1288.191
bm25,exact-077,exact,20,100,1,1,1288.191
bm25,exact-077,exact,30,100,1,1,1288.191
bm25,exact-077,exact,50,100,1,1,1288.191
bm25,exact-077,exact,100,100,1,1,1288.191
bm25,exact-078,exact,10,100,1,1,1376.183
bm25,exact-078,exact,20,100,1,1,1376.183
bm25,exact-078,exact,30,100,1,1,1376.183
bm25,exact-078,exact,50,100,1,1,1376.183
bm25,exact-078,exact,100,100,1,1,1376.183
bm25,exact-079,exact,10,100,1,1,1435.256
bm25,exact-079,exact,20,100,1,1,1435.256
bm25,exact-079,exact,30,100,1,1,1435.256
bm25,exact-079,exact,50,100,1,1,1435.256
bm25,exact-079,exact,100,100,1,1,1435.256
bm25,exact-080,exact,10,100,1,1,1374.455
bm25,exact-080,exact,20,100,1,1,1374.455
bm25,exact-080,exact,30,100,1,1,1374.455
bm25,exact-080,exact,50,100,1,1,1374.455
bm25,exact-080,exact,100,100,1,1,1374.455
bm25,exact-081,exact,10,100,1,1,1461.569
bm25,exact-081,exact,20,100,1,1,1461.569
bm25,exact-081,exact,30,100,1,1,1461.569
bm25,exact-081,exact,50,100,1,1,1461.569
bm25,exact-081,exact,100,100,1,1,1461.569
bm25,exact-082,exact,10,100,1,1,1519.905
bm25,exact-082,exact,20,100,1,1,1519.905
bm25,exact-082,exact,30,100,1,1,1519.905
bm25,exact-082,exact,50,100,1,1,1519.905
bm25,exact-082,exact,100,100,1,1,1519.905
bm25,exact-083,exact,10,100,1,1,1318.194
bm25,exact-083,exact,20,100,1,1,1318.194
bm25,exact-083,exact,30,100,1,1,1318.194
bm25,exact-083,exact,50,100,1,1,1318.194
bm25,exact-083,exact,100,100,1,1,1318.194
bm25,exact-084,exact,10,100,1,1,1255.933
bm25,exact-084,exact,20,100,1,1,1255.933
bm25,exact-084,exact,30,100,1,1,1255.933
bm25,exact-084,exact,50,100,1,1,1255.933
bm25,exact-084,exact,100,100,1,1,1255.933
bm25,exact-085,exact,10,100,1,1,1241.248
bm25,exact-085,exact,20,100,1,1,1241.248
bm25,exact-085,exact,30,100,1,1,1241.248
bm25,exact-085,exact,50,100,1,1,1241.248
bm25,exact-085,exact,100,100,1,1,1241.248
bm25,exact-086,exact,10,100,1,1,1394.409
bm25,exact-086,exact,20,100,1,1,1394.409
bm25,exact-086,exact,30,100,1,1,1394.409
bm25,exact-086,exact,50,100,1,1,1394.409
bm25,exact-086,exact,100,100,1,1,1394.409
bm25,exact-087,exact,10,100,1,1,1371.183
bm25,exact-087,exact,20,100,1,1,1371.183
bm25,exact-087,exact,30,100,1,1,1371.183
bm25,exact-087,exact,50,100,1,1,1371.183
bm25,exact-087,exact,100,100,1,1,1371.183
bm25,exact-088,exact,10,100,1,1,1390.724
bm25,exact-088,exact,20,100,1,1,1390.724
bm25,exact-088,exact,30,100,1,1,1390.724
bm25,exact-088,exact,50,100,1,1,1390.724
bm25,exact-088,exact,100,100,1,1,1390.724
bm25,exact-089,exact,10,100,1,1,1430.523
bm25,exact-089,exact,20,100,1,1,1430.523
bm25,exact-089,exact,30,100,1,1,1430.523
bm25,exact-089,exact,50,100,1,1,1430.523
bm25,exact-089,exact,100,100,1,1,1430.523
bm25,exact-090,exact,10,100,1,1,1336.862
bm25,exact-090,exact,20,100,1,1,1336.862
bm25,exact-090,exact,30,100,1,1,1336.862
bm25,exact-090,exact,50,100,1,1,1336.862
bm25,exact-090,exact,100,100,1,1,1336.862
bm25,exact-091,exact,10,100,2,1,1401.341
bm25,exact-091,exact,20,100,2,1,1401.341
bm25,exact-091,exact,30,100,2,1,1401.341
bm25,exact-091,exact,50,100,2,1,1401.341
bm25,exact-091,exact,100,100,2,1,1401.341
bm25,exact-092,exact,10,100,1,1,1564.348
bm25,exact-092,exact,20,100,1,1,1564.348
bm25,exact-092,exact,30,100,1,1,1564.348
bm25,exact-092,exact,50,100,1,1,1564.348
bm25,exact-092,exact,100,100,1,1,1564.348
bm25,exact-093,exact,10,100,1,1,1491.314
bm25,exact-093,exact,20,100,1,1,1491.314
bm25,exact-093,exact,30,100,1,1,1491.314
bm25,exact-093,exact,50,100,1,1,1491.314
bm25,exact-093,exact,100,100,1,1,1491.314
bm25,exact-094,exact,10,100,4,5,1381.026
bm25,exact-094,exact,20,100,4,5,1381.026
bm25,exact-094,exact,30,100,4,5,1381.026
bm25,exact-094,exact,50,100,4,5,1381.026
bm25,exact-094,exact,100,100,4,5,1381.026
bm25,exact-095,exact,10,100,1,2,1334.603
bm25,exact-095,exact,20,100,1,3,1334.603
bm25,exact-095,exact,30,100,1,3,1334.603
bm25,exact-095,exact,50,100,1,3,1334.603
bm25,exact-095,exact,100,100,1,3,1334.603
bm25,exact-096,exact,10,100,1,1,1254.698
bm25,exact-096,exact,20,100,1,1,1254.698
bm25,exact-096,exact,30,100,1,1,1254.698
bm25,exact-096,exact,50,100,1,1,1254.698
bm25,exact-096,exact,100,100,1,1,1254.698
bm25,exact-097,exact,10,100,1,1,1235.825
bm25,exact-097,exact,20,100,1,1,1235.825
bm25,exact-097,exact,30,100,1,1,1235.825
bm25,exact-097,exact,50,100,1,1,1235.825
bm25,exact-097,exact,100,100,1,1,1235.825
bm25,exact-098,exact,10,100,3,2,1235.210
bm25,exact-098,exact,20,100,3,2,1235.210
bm25,exact-098,exact,30,100,3,2,1235.210
bm25,exact-098,exact,50,100,3,2,1235.210
bm25,exact-098,exact,100,100,3,2,1235.210
bm25,exact-099,exact,10,100,1,1,1242.422
bm25,exact-099,exact,20,100,1,1,1242.422
bm25,exact-099,exact,30,100,1,1,1242.422
bm25,exact-099,exact,50,100,1,1,1242.422
bm25,exact-099,exact,100,100,1,1,1242.422
bm25,exact-100,exact,10,100,1,1,1212.570
bm25,exact-100,exact,20,100,1,1,1212.570
bm25,exact-100,exact,30,100,1,1,1212.570
bm25,exact-100,exact,50,100,1,1,1212.570
bm25,exact-100,exact,100,100,1,1,1212.570
bm25,exact-101,exact,10,100,1,4,1240.293
bm25,exact-101,exact,20,100,1,4,1240.293
bm25,exact-101,exact,30,100,1,4,1240.293
bm25,exact-101,exact,50,100,1,4,1240.293
bm25,exact-101,exact,100,100,1,4,1240.293
bm25,exact-102,exact,10,100,1,4,1240.625
bm25,exact-102,exact,20,100,1,4,1240.625
bm25,exact-102,exact,30,100,1,4,1240.625
bm25,exact-102,exact,50,100,1,4,1240.625
bm25,exact-102,exact,100,100,1,4,1240.625
bm25,exact-103,exact,10,100,1,1,1237.543
bm25,exact-103,exact,20,100,1,1,1237.543
bm25,exact-103,exact,30,100,1,1,1237.543
bm25,exact-103,exact,50,100,1,1,1237.543
bm25,exact-103,exact,100,100,1,1,1237.543
bm25,exact-104,exact,10,100,1,1,1238.387
bm25,exact-104,exact,20,100,1,1,1238.387
bm25,exact-104,exact,30,100,1,1,1238.387
bm25,exact-104,exact,50,100,1,1,1238.387
bm25,exact-104,exact,100,100,1,1,1238.387
bm25,exact-105,exact,10,100,1,1,1361.042
bm25,exact-105,exact,20,100,1,1,1361.042
bm25,exact-105,exact,30,100,1,1,1361.042
bm25,exact-105,exact,50,100,1,1,1361.042
bm25,exact-105,exact,100,100,1,1,1361.042
bm25,exact-106,exact,10,100,1,1,1347.162
bm25,exact-106,exact,20,100,1,1,1347.162
bm25,exact-106,exact,30,100,1,1,1347.162
bm25,exact-106,exact,50,100,1,1,1347.162
bm25,exact-106,exact,100,100,1,1,1347.162
bm25,exact-107,exact,10,100,1,1,1336.931
bm25,exact-107,exact,20,100,1,1,1336.931
bm25,exact-107,exact,30,100,1,1,1336.931
bm25,exact-107,exact,50,100,1,1,1336.931
bm25,exact-107,exact,100,100,1,1,1336.931
bm25,exact-108,exact,10,100,1,1,1343.186
bm25,exact-108,exact,20,100,1,1,1343.186
bm25,exact-108,exact,30,100,1,1,1343.186
bm25,exact-108,exact,50,100,1,1,1343.186
bm25,exact-108,exact,100,100,1,1,1343.186
bm25,exact-109,exact,10,100,1,1,1294.493
bm25,exact-109,exact,20,100,1,1,1294.493
bm25,exact-109,exact,30,100,1,1,1294.493
bm25,exact-109,exact,50,100,1,1,1294.493
bm25,exact-109,exact,100,100,1,1,1294.493
bm25,exact-110,exact,10,100,1,1,1324.370
bm25,exact-110,exact,20,100,1,1,1324.370
bm25,exact-110,exact,30,100,1,1,1324.370
bm25,exact-110,exact,50,100,1,1,1324.370
bm25,exact-110,exact,100,100,1,1,1324.370
bm25,exact-111,exact,10,100,1,1,1553.376
bm25,exact-111,exact,20,100,1,1,1553.376
bm25,exact-111,exact,30,100,1,1,1553.376
bm25,exact-111,exact,50,100,1,1,1553.376
bm25,exact-111,exact,100,100,1,1,1553.376
bm25,exact-112,exact,10,100,1,1,1496.391
bm25,exact-112,exact,20,100,1,1,1496.391
bm25,exact-112,exact,30,100,1,1,1496.391
bm25,exact-112,exact,50,100,1,1,1496.391
bm25,exact-112,exact,100,100,1,1,1496.391
bm25,exact-113,exact,10,100,1,1,1529.998
bm25,exact-113,exact,20,100,1,1,1529.998
bm25,exact-113,exact,30,100,1,1,1529.998
bm25,exact-113,exact,50,100,1,1,1529.998
bm25,exact-113,exact,100,100,1,1,1529.998
bm25,exact-114,exact,10,100,1,1,1535.129
bm25,exact-114,exact,20,100,1,1,1535.129
bm25,exact-114,exact,30,100,1,1,1535.129
bm25,exact-114,exact,50,100,1,1,1535.129
bm25,exact-114,exact,100,100,1,1,1535.129
bm25,exact-115,exact,10,100,0,0,1563.830
bm25,exact-115,exact,20,100,18,1,1563.830
bm25,exact-115,exact,30,100,18,1,1563.830
bm25,exact-115,exact,50,100,18,1,1563.830
bm25,exact-115,exact,100,100,18,1,1563.830
bm25,exact-116,exact,10,100,1,1,1545.332
bm25,exact-116,exact,20,100,1,1,1545.332
bm25,exact-116,exact,30,100,1,1,1545.332
bm25,exact-116,exact,50,100,1,1,1545.332
bm25,exact-116,exact,100,100,1,1,1545.332
bm25,exact-117,exact,10,100,1,1,1503.566
bm25,exact-117,exact,20,100,1,1,1503.566
bm25,exact-117,exact,30,100,1,1,1503.566
bm25,exact-117,exact,50,100,1,1,1503.566
bm25,exact-117,exact,100,100,1,1,1503.566
bm25,exact-118,exact,10,100,1,1,1465.100
bm25,exact-118,exact,20,100,1,1,1465.100
bm25,exact-118,exact,30,100,1,1,1465.100
bm25,exact-118,exact,50,100,1,1,1465.100
bm25,exact-118,exact,100,100,1,1,1465.100
bm25,exact-119,exact,10,100,1,1,1467.406
bm25,exact-119,exact,20,100,1,1,1467.406
bm25,exact-119,exact,30,100,1,1,1467.406
bm25,exact-119,exact,50,100,1,1,1467.406
bm25,exact-119,exact,100,100,1,1,1467.406
bm25,exact-120,exact,10,100,1,1,1473.873
bm25,exact-120,exact,20,100,1,1,1473.873
bm25,exact-120,exact,30,100,1,1,1473.873
bm25,exact-120,exact,50,100,1,1,1473.873
bm25,exact-120,exact,100,100,1,1,1473.873
bm25,semantic-001,semantic,10,100,1,1,1466.142
bm25,semantic-001,semantic,20,100,1,1,1466.142
bm25,semantic-001,semantic,30,100,1,1,1466.142
bm25,semantic-001,semantic,50,100,1,1,1466.142
bm25,semantic-001,semantic,100,100,1,1,1466.142
bm25,semantic-002,semantic,10,100,1,1,1472.572
bm25,semantic-002,semantic,20,100,1,1,1472.572
bm25,semantic-002,semantic,30,100,1,1,1472.572
bm25,semantic-002,semantic,50,100,1,1,1472.572
bm25,semantic-002,semantic,100,100,1,1,1472.572
bm25,semantic-003,semantic,10,100,0,0,1464.108
bm25,semantic-003,semantic,20,100,0,0,1464.108
bm25,semantic-003,semantic,30,100,0,0,1464.108
bm25,semantic-003,semantic,50,100,0,0,1464.108
bm25,semantic-003,semantic,100,100,0,0,1464.108
bm25,semantic-004,semantic,10,100,4,1,1466.186
bm25,semantic-004,semantic,20,100,4,1,1466.186
bm25,semantic-004,semantic,30,100,4,1,1466.186
bm25,semantic-004,semantic,50,100,4,1,1466.186
bm25,semantic-004,semantic,100,100,4,1,1466.186
bm25,semantic-005,semantic,10,100,0,0,1458.059
bm25,semantic-005,semantic,20,100,0,0,1458.059
bm25,semantic-005,semantic,30,100,0,0,1458.059
bm25,semantic-005,semantic,50,100,35,3,1458.059
bm25,semantic-005,semantic,100,100,35,3,1458.059
bm25,semantic-006,semantic,10,100,1,1,1459.111
bm25,semantic-006,semantic,20,100,1,1,1459.111
bm25,semantic-006,semantic,30,100,1,1,1459.111
bm25,semantic-006,semantic,50,100,1,1,1459.111
bm25,semantic-006,semantic,100,100,1,1,1459.111
bm25,semantic-007,semantic,10,100,1,2,1451.749
bm25,semantic-007,semantic,20,100,1,2,1451.749
bm25,semantic-007,semantic,30,100,1,2,1451.749
bm25,semantic-007,semantic,50,100,1,2,1451.749
bm25,semantic-007,semantic,100,100,1,2,1451.749
bm25,semantic-008,semantic,10,100,1,1,1468.690
bm25,semantic-008,semantic,20,100,1,1,1468.690
bm25,semantic-008,semantic,30,100,1,1,1468.690
bm25,semantic-008,semantic,50,100,1,1,1468.690
bm25,semantic-008,semantic,100,100,1,1,1468.690
bm25,semantic-009,semantic,10,100,1,1,1465.994
bm25,semantic-009,semantic,20,100,1,1,1465.994
bm25,semantic-009,semantic,30,100,1,1,1465.994
bm25,semantic-009,semantic,50,100,1,1,1465.994
bm25,semantic-009,semantic,100,100,1,1,1465.994
bm25,semantic-010,semantic,10,100,1,4,1419.228
bm25,semantic-010,semantic,20,100,1,5,1419.228
bm25,semantic-010,semantic,30,100,1,5,1419.228
bm25,semantic-010,semantic,50,100,1,5,1419.228
bm25,semantic-010,semantic,100,100,1,5,1419.228
bm25,semantic-011,semantic,10,100,1,1,1459.668
bm25,semantic-011,semantic,20,100,1,1,1459.668
bm25,semantic-011,semantic,30,100,1,1,1459.668
bm25,semantic-011,semantic,50,100,1,1,1459.668
bm25,semantic-011,semantic,100,100,1,1,1459.668
bm25,semantic-012,semantic,10,100,1,1,1463.126
bm25,semantic-012,semantic,20,100,1,1,1463.126
bm25,semantic-012,semantic,30,100,1,1,1463.126
bm25,semantic-012,semantic,50,100,1,1,1463.126
bm25,semantic-012,semantic,100,100,1,1,1463.126
bm25,semantic-013,semantic,10,100,1,1,1470.342
bm25,semantic-013,semantic,20,100,1,1,1470.342
bm25,semantic-013,semantic,30,100,1,1,1470.342
bm25,semantic-013,semantic,50,100,1,1,1470.342
bm25,semantic-013,semantic,100,100,1,1,1470.342
bm25,semantic-014,semantic,10,100,1,1,1470.934
bm25,semantic-014,semantic,20,100,1,1,1470.934
bm25,semantic-014,semantic,30,100,1,1,1470.934
bm25,semantic-014,semantic,50,100,1,1,1470.934
bm25,semantic-014,semantic,100,100,1,1,1470.934
bm25,semantic-015,semantic,10,100,4,1,1471.480
bm25,semantic-015,semantic,20,100,4,1,1471.480
bm25,semantic-015,semantic,30,100,4,1,1471.480
bm25,semantic-015,semantic,50,100,4,1,1471.480
bm25,semantic-015,semantic,100,100,4,1,1471.480
bm25,semantic-016,semantic,10,100,1,1,1473.946
bm25,semantic-016,semantic,20,100,1,1,1473.946
bm25,semantic-016,semantic,30,100,1,1,1473.946
bm25,semantic-016,semantic,50,100,1,1,1473.946
bm25,semantic-016,semantic,100,100,1,1,1473.946
bm25,semantic-017,semantic,10,100,1,1,1562.360
bm25,semantic-017,semantic,20,100,1,1,1562.360
bm25,semantic-017,semantic,30,100,1,1,1562.360
bm25,semantic-017,semantic,50,100,1,1,1562.360
bm25,semantic-017,semantic,100,100,1,1,1562.360
bm25,semantic-018,semantic,10,100,5,1,1575.959
bm25,semantic-018,semantic,20,100,5,1,1575.959
bm25,semantic-018,semantic,30,100,5,1,1575.959
bm25,semantic-018,semantic,50,100,5,1,1575.959
bm25,semantic-018,semantic,100,100,5,1,1575.959
bm25,semantic-019,semantic,10,100,1,1,1557.011
bm25,semantic-019,semantic,20,100,1,1,1557.011
bm25,semantic-019,semantic,30,100,1,1,1557.011
bm25,semantic-019,semantic,50,100,1,1,1557.011
bm25,semantic-019,semantic,100,100,1,1,1557.011
bm25,semantic-020,semantic,10,100,1,1,1626.490
bm25,semantic-020,semantic,20,100,1,1,1626.490
bm25,semantic-020,semantic,30,100,1,1,1626.490
bm25,semantic-020,semantic,50,100,1,1,1626.490
bm25,semantic-020,semantic,100,100,1,1,1626.490
bm25,semantic-021,semantic,10,100,0,0,1473.880
bm25,semantic-021,semantic,20,100,0,0,1473.880
bm25,semantic-021,semantic,30,100,0,0,1473.880
bm25,semantic-021,semantic,50,100,0,0,1473.880
bm25,semantic-021,semantic,100,100,0,0,1473.880
bm25,semantic-022,semantic,10,100,2,1,1452.154
bm25,semantic-022,semantic,20,100,2,1,1452.154
bm25,semantic-022,semantic,30,100,2,1,1452.154
bm25,semantic-022,semantic,50,100,2,1,1452.154
bm25,semantic-022,semantic,100,100,2,1,1452.154
bm25,semantic-023,semantic,10,100,4,5,1569.019
bm25,semantic-023,semantic,20,100,4,6,1569.019
bm25,semantic-023,semantic,30,100,4,6,1569.019
bm25,semantic-023,semantic,50,100,4,6,1569.019
bm25,semantic-023,semantic,100,100,4,6,1569.019
bm25,semantic-024,semantic,10,100,6,3,1474.389
bm25,semantic-024,semantic,20,100,6,3,1474.389
bm25,semantic-024,semantic,30,100,6,3,1474.389
bm25,semantic-024,semantic,50,100,6,4,1474.389
bm25,semantic-024,semantic,100,100,6,4,1474.389
bm25,semantic-025,semantic,10,100,1,5,1480.324
bm25,semantic-025,semantic,20,100,1,5,1480.324
bm25,semantic-025,semantic,30,100,1,5,1480.324
bm25,semantic-025,semantic,50,100,1,5,1480.324
bm25,semantic-025,semantic,100,100,1,5,1480.324
bm25,semantic-026,semantic,10,100,1,1,1556.799
bm25,semantic-026,semantic,20,100,1,1,1556.799
bm25,semantic-026,semantic,30,100,1,1,1556.799
bm25,semantic-026,semantic,50,100,1,1,1556.799
bm25,semantic-026,semantic,100,100,1,1,1556.799
bm25,semantic-027,semantic,10,100,3,1,1492.556
bm25,semantic-027,semantic,20,100,3,1,1492.556
bm25,semantic-027,semantic,30,100,3,1,1492.556
bm25,semantic-027,semantic,50,100,3,1,1492.556
bm25,semantic-027,semantic,100,100,3,1,1492.556
bm25,semantic-028,semantic,10,100,1,1,1439.760
bm25,semantic-028,semantic,20,100,1,1,1439.760
bm25,semantic-028,semantic,30,100,1,1,1439.760
bm25,semantic-028,semantic,50,100,1,1,1439.760
bm25,semantic-028,semantic,100,100,1,1,1439.760
bm25,semantic-029,semantic,10,100,2,1,1405.670
bm25,semantic-029,semantic,20,100,2,1,1405.670
bm25,semantic-029,semantic,30,100,2,1,1405.670
bm25,semantic-029,semantic,50,100,2,1,1405.670
bm25,semantic-029,semantic,100,100,2,1,1405.670
bm25,semantic-030,semantic,10,100,1,4,1623.355
bm25,semantic-030,semantic,20,100,1,5,1623.355
bm25,semantic-030,semantic,30,100,1,8,1623.355
bm25,semantic-030,semantic,50,100,1,0,1623.355
bm25,semantic-030,semantic,100,100,1,0,1623.355
bm25,semantic-031,semantic,10,100,1,4,1593.550
bm25,semantic-031,semantic,20,100,1,4,1593.550
bm25,semantic-031,semantic,30,100,1,4,1593.550
bm25,semantic-031,semantic,50,100,1,4,1593.550
bm25,semantic-031,semantic,100,100,1,4,1593.550
bm25,semantic-032,semantic,10,100,0,0,1537.704
bm25,semantic-032,semantic,20,100,0,0,1537.704
bm25,semantic-032,semantic,30,100,0,0,1537.704
bm25,semantic-032,semantic,50,100,43,1,1537.704
bm25,semantic-032,semantic,100,100,43,1,1537.704
bm25,semantic-033,semantic,10,100,1,1,1464.846
bm25,semantic-033,semantic,20,100,1,1,1464.846
bm25,semantic-033,semantic,30,100,1,1,1464.846
bm25,semantic-033,semantic,50,100,1,1,1464.846
bm25,semantic-033,semantic,100,100,1,1,1464.846
bm25,semantic-034,semantic,10,100,1,1,1531.930
bm25,semantic-034,semantic,20,100,1,1,1531.930
bm25,semantic-034,semantic,30,100,1,1,1531.930
bm25,semantic-034,semantic,50,100,1,1,1531.930
bm25,semantic-034,semantic,100,100,1,1,1531.930
bm25,semantic-035,semantic,10,100,1,1,1458.852
bm25,semantic-035,semantic,20,100,1,1,1458.852
bm25,semantic-035,semantic,30,100,1,1,1458.852
bm25,semantic-035,semantic,50,100,1,1,1458.852
bm25,semantic-035,semantic,100,100,1,1,1458.852
bm25,semantic-036,semantic,10,100,2,2,1443.713
bm25,semantic-036,semantic,20,100,2,2,1443.713
bm25,semantic-036,semantic,30,100,2,2,1443.713
bm25,semantic-036,semantic,50,100,2,2,1443.713
bm25,semantic-036,semantic,100,100,2,2,1443.713
bm25,semantic-037,semantic,10,100,1,7,1345.355
bm25,semantic-037,semantic,20,100,1,0,1345.355
bm25,semantic-037,semantic,30,100,1,0,1345.355
bm25,semantic-037,semantic,50,100,1,0,1345.355
bm25,semantic-037,semantic,100,100,1,0,1345.355
bm25,semantic-038,semantic,10,100,1,1,1403.550
bm25,semantic-038,semantic,20,100,1,1,1403.550
bm25,semantic-038,semantic,30,100,1,1,1403.550
bm25,semantic-038,semantic,50,100,1,1,1403.550
bm25,semantic-038,semantic,100,100,1,1,1403.550
bm25,semantic-039,semantic,10,100,3,4,1265.639
bm25,semantic-039,semantic,20,100,3,4,1265.639
bm25,semantic-039,semantic,30,100,3,4,1265.639
bm25,semantic-039,semantic,50,100,3,5,1265.639
bm25,semantic-039,semantic,100,100,3,5,1265.639
bm25,semantic-040,semantic,10,100,3,1,1436.806
bm25,semantic-040,semantic,20,100,3,1,1436.806
bm25,semantic-040,semantic,30,100,3,1,1436.806
bm25,semantic-040,semantic,50,100,3,1,1436.806
bm25,semantic-040,semantic,100,100,3,1,1436.806
bm25,semantic-041,semantic,10,100,9,1,1687.221
bm25,semantic-041,semantic,20,100,9,1,1687.221
bm25,semantic-041,semantic,30,100,9,2,1687.221
bm25,semantic-041,semantic,50,100,9,2,1687.221
bm25,semantic-041,semantic,100,100,9,2,1687.221
bm25,semantic-042,semantic,10,100,1,1,1674.674
bm25,semantic-042,semantic,20,100,1,1,1674.674
bm25,semantic-042,semantic,30,100,1,1,1674.674
bm25,semantic-042,semantic,50,100,1,1,1674.674
bm25,semantic-042,semantic,100,100,1,1,1674.674
bm25,semantic-043,semantic,10,100,3,1,1616.288
bm25,semantic-043,semantic,20,100,3,1,1616.288
bm25,semantic-043,semantic,30,100,3,1,1616.288
bm25,semantic-043,semantic,50,100,3,1,1616.288
bm25,semantic-043,semantic,100,100,3,1,1616.288
bm25,semantic-044,semantic,10,100,1,1,1507.288
bm25,semantic-044,semantic,20,100,1,1,1507.288
bm25,semantic-044,semantic,30,100,1,1,1507.288
bm25,semantic-044,semantic,50,100,1,1,1507.288
bm25,semantic-044,semantic,100,100,1,1,1507.288
bm25,semantic-045,semantic,10,100,2,1,1384.160
bm25,semantic-045,semantic,20,100,2,1,1384.160
bm25,semantic-045,semantic,30,100,2,1,1384.160
bm25,semantic-045,semantic,50,100,2,1,1384.160
bm25,semantic-045,semantic,100,100,2,1,1384.160
bm25,semantic-046,semantic,10,100,0,0,1377.375
bm25,semantic-046,semantic,20,100,0,0,1377.375
bm25,semantic-046,semantic,30,100,30,1,1377.375
bm25,semantic-046,semantic,50,100,30,1,1377.375
bm25,semantic-046,semantic,100,100,30,1,1377.375
bm25,semantic-047,semantic,10,100,1,1,1283.179
bm25,semantic-047,semantic,20,100,1,1,1283.179
bm25,semantic-047,semantic,30,100,1,1,1283.179
bm25,semantic-047,semantic,50,100,1,1,1283.179
bm25,semantic-047,semantic,100,100,1,1,1283.179
bm25,semantic-048,semantic,10,100,1,1,1319.868
bm25,semantic-048,semantic,20,100,1,1,1319.868
bm25,semantic-048,semantic,30,100,1,1,1319.868
bm25,semantic-048,semantic,50,100,1,1,1319.868
bm25,semantic-048,semantic,100,100,1,1,1319.868
bm25,semantic-049,semantic,10,100,1,1,1364.872
bm25,semantic-049,semantic,20,100,1,1,1364.872
bm25,semantic-049,semantic,30,100,1,1,1364.872
bm25,semantic-049,semantic,50,100,1,1,1364.872
bm25,semantic-049,semantic,100,100,1,1,1364.872
bm25,semantic-050,semantic,10,100,0,0,1388.783
bm25,semantic-050,semantic,20,100,11,3,1388.783
bm25,semantic-050,semantic,30,100,11,3,1388.783
bm25,semantic-050,semantic,50,100,11,4,1388.783
bm25,semantic-050,semantic,100,100,11,4,1388.783
bm25,semantic-051,semantic,10,100,2,1,1395.382
bm25,semantic-051,semantic,20,100,2,1,1395.382
bm25,semantic-051,semantic,30,100,2,1,1395.382
bm25,semantic-051,semantic,50,100,2,1,1395.382
bm25,semantic-051,semantic,100,100,2,1,1395.382
bm25,semantic-052,semantic,10,100,1,1,1387.476
bm25,semantic-052,semantic,20,100,1,1,1387.476
bm25,semantic-052,semantic,30,100,1,1,1387.476
bm25,semantic-052,semantic,50,100,1,1,1387.476
bm25,semantic-052,semantic,100,100,1,1,1387.476
bm25,semantic-053,semantic,10,100,1,1,1373.020
bm25,semantic-053,semantic,20,100,1,1,1373.020
bm25,semantic-053,semantic,30,100,1,1,1373.020
bm25,semantic-053,semantic,50,100,1,1,1373.020
bm25,semantic-053,semantic,100,100,1,1,1373.020
bm25,semantic-054,semantic,10,100,1,6,1454.844
bm25,semantic-054,semantic,20,100,1,9,1454.844
bm25,semantic-054,semantic,30,100,1,10,1454.844
bm25,semantic-054,semantic,50,100,1,0,1454.844
bm25,semantic-054,semantic,100,100,1,0,1454.844
bm25,semantic-055,semantic,10,100,0,0,1436.840
bm25,semantic-055,semantic,20,100,20,1,1436.840
bm25,semantic-055,semantic,30,100,20,1,1436.840
bm25,semantic-055,semantic,50,100,20,1,1436.840
bm25,semantic-055,semantic,100,100,20,1,1436.840
bm25,semantic-056,semantic,10,100,3,1,1427.369
bm25,semantic-056,semantic,20,100,3,1,1427.369
bm25,semantic-056,semantic,30,100,3,1,1427.369
bm25,semantic-056,semantic,50,100,3,1,1427.369
bm25,semantic-056,semantic,100,100,3,1,1427.369
bm25,semantic-057,semantic,10,100,3,1,1444.118
bm25,semantic-057,semantic,20,100,3,1,1444.118
bm25,semantic-057,semantic,30,100,3,1,1444.118
bm25,semantic-057,semantic,50,100,3,1,1444.118
bm25,semantic-057,semantic,100,100,3,1,1444.118
bm25,semantic-058,semantic,10,100,1,1,1443.635
bm25,semantic-058,semantic,20,100,1,1,1443.635
bm25,semantic-058,semantic,30,100,1,1,1443.635
bm25,semantic-058,semantic,50,100,1,1,1443.635
bm25,semantic-058,semantic,100,100,1,1,1443.635
bm25,semantic-059,semantic,10,100,0,0,1500.539
bm25,semantic-059,semantic,20,100,0,0,1500.539
bm25,semantic-059,semantic,30,100,0,0,1500.539
bm25,semantic-059,semantic,50,100,0,0,1500.539
bm25,semantic-059,semantic,100,100,0,0,1500.539
bm25,semantic-060,semantic,10,100,1,1,1464.110
bm25,semantic-060,semantic,20,100,1,1,1464.110
bm25,semantic-060,semantic,30,100,1,1,1464.110
bm25,semantic-060,semantic,50,100,1,1,1464.110
bm25,semantic-060,semantic,100,100,1,1,1464.110
bm25,semantic-061,semantic,10,100,1,1,1379.298
bm25,semantic-061,semantic,20,100,1,1,1379.298
bm25,semantic-061,semantic,30,100,1,1,1379.298
bm25,semantic-061,semantic,50,100,1,1,1379.298
bm25,semantic-061,semantic,100,100,1,1,1379.298
bm25,semantic-062,semantic,10,100,0,0,1576.524
bm25,semantic-062,semantic,20,100,0,0,1576.524
bm25,semantic-062,semantic,30,100,24,1,1576.524
bm25,semantic-062,semantic,50,100,24,1,1576.524
bm25,semantic-062,semantic,100,100,24,1,1576.524
bm25,semantic-063,semantic,10,100,4,1,1483.997
bm25,semantic-063,semantic,20,100,4,1,1483.997
bm25,semantic-063,semantic,30,100,4,1,1483.997
bm25,semantic-063,semantic,50,100,4,1,1483.997
bm25,semantic-063,semantic,100,100,4,1,1483.997
bm25,semantic-064,semantic,10,100,1,1,1438.311
bm25,semantic-064,semantic,20,100,1,1,1438.311
bm25,semantic-064,semantic,30,100,1,1,1438.311
bm25,semantic-064,semantic,50,100,1,1,1438.311
bm25,semantic-064,semantic,100,100,1,1,1438.311
bm25,semantic-065,semantic,10,100,1,1,1447.527
bm25,semantic-065,semantic,20,100,1,1,1447.527
bm25,semantic-065,semantic,30,100,1,1,1447.527
bm25,semantic-065,semantic,50,100,1,1,1447.527
bm25,semantic-065,semantic,100,100,1,1,1447.527
bm25,semantic-066,semantic,10,100,3,1,1437.186
bm25,semantic-066,semantic,20,100,3,1,1437.186
bm25,semantic-066,semantic,30,100,3,1,1437.186
bm25,semantic-066,semantic,50,100,3,1,1437.186
bm25,semantic-066,semantic,100,100,3,1,1437.186
bm25,semantic-067,semantic,10,100,1,1,1469.208
bm25,semantic-067,semantic,20,100,1,1,1469.208
bm25,semantic-067,semantic,30,100,1,1,1469.208
bm25,semantic-067,semantic,50,100,1,1,1469.208
bm25,semantic-067,semantic,100,100,1,1,1469.208
bm25,semantic-068,semantic,10,100,1,2,1568.474
bm25,semantic-068,semantic,20,100,1,2,1568.474
bm25,semantic-068,semantic,30,100,1,2,1568.474
bm25,semantic-068,semantic,50,100,1,2,1568.474
bm25,semantic-068,semantic,100,100,1,2,1568.474
bm25,semantic-069,semantic,10,100,1,1,1540.671
bm25,semantic-069,semantic,20,100,1,1,1540.671
bm25,semantic-069,semantic,30,100,1,1,1540.671
bm25,semantic-069,semantic,50,100,1,1,1540.671
bm25,semantic-069,semantic,100,100,1,1,1540.671
bm25,semantic-070,semantic,10,100,1,1,1504.161
bm25,semantic-070,semantic,20,100,1,1,1504.161
bm25,semantic-070,semantic,30,100,1,1,1504.161
bm25,semantic-070,semantic,50,100,1,1,1504.161
bm25,semantic-070,semantic,100,100,1,1,1504.161
bm25,semantic-071,semantic,10,100,3,1,1487.394
bm25,semantic-071,semantic,20,100,3,2,1487.394
bm25,semantic-071,semantic,30,100,3,2,1487.394
bm25,semantic-071,semantic,50,100,3,4,1487.394
bm25,semantic-071,semantic,100,100,3,4,1487.394
bm25,semantic-072,semantic,10,100,1,1,1569.343
bm25,semantic-072,semantic,20,100,1,1,1569.343
bm25,semantic-072,semantic,30,100,1,1,1569.343
bm25,semantic-072,semantic,50,100,1,1,1569.343
bm25,semantic-072,semantic,100,100,1,1,1569.343
bm25,semantic-073,semantic,10,100,1,1,1374.353
bm25,semantic-073,semantic,20,100,1,1,1374.353
bm25,semantic-073,semantic,30,100,1,1,1374.353
bm25,semantic-073,semantic,50,100,1,1,1374.353
bm25,semantic-073,semantic,100,100,1,1,1374.353
bm25,semantic-074,semantic,10,100,1,1,1712.592
bm25,semantic-074,semantic,20,100,1,1,1712.592
bm25,semantic-074,semantic,30,100,1,1,1712.592
bm25,semantic-074,semantic,50,100,1,1,1712.592
bm25,semantic-074,semantic,100,100,1,1,1712.592
bm25,semantic-075,semantic,10,100,3,1,1726.025
bm25,semantic-075,semantic,20,100,3,1,1726.025
bm25,semantic-075,semantic,30,100,3,1,1726.025
bm25,semantic-075,semantic,50,100,3,1,1726.025
bm25,semantic-075,semantic,100,100,3,1,1726.025
bm25,semantic-076,semantic,10,100,1,1,1691.887
bm25,semantic-076,semantic,20,100,1,1,1691.887
bm25,semantic-076,semantic,30,100,1,1,1691.887
bm25,semantic-076,semantic,50,100,1,1,1691.887
bm25,semantic-076,semantic,100,100,1,1,1691.887
bm25,semantic-077,semantic,10,100,1,1,1704.232
bm25,semantic-077,semantic,20,100,1,1,1704.232
bm25,semantic-077,semantic,30,100,1,1,1704.232
bm25,semantic-077,semantic,50,100,1,1,1704.232
bm25,semantic-077,semantic,100,100,1,1,1704.232
bm25,semantic-078,semantic,10,100,6,1,1493.227
bm25,semantic-078,semantic,20,100,6,1,1493.227
bm25,semantic-078,semantic,30,100,6,1,1493.227
bm25,semantic-078,semantic,50,100,6,1,1493.227
bm25,semantic-078,semantic,100,100,6,1,1493.227
bm25,semantic-079,semantic,10,100,1,1,1775.815
bm25,semantic-079,semantic,20,100,1,1,1775.815
bm25,semantic-079,semantic,30,100,1,1,1775.815
bm25,semantic-079,semantic,50,100,1,1,1775.815
bm25,semantic-079,semantic,100,100,1,1,1775.815
bm25,semantic-080,semantic,10,100,3,1,1776.013
bm25,semantic-080,semantic,20,100,3,1,1776.013
bm25,semantic-080,semantic,30,100,3,1,1776.013
bm25,semantic-080,semantic,50,100,3,1,1776.013
bm25,semantic-080,semantic,100,100,3,1,1776.013
bm25,semantic-081,semantic,10,100,1,1,1798.928
bm25,semantic-081,semantic,20,100,1,1,1798.928
bm25,semantic-081,semantic,30,100,1,1,1798.928
bm25,semantic-081,semantic,50,100,1,1,1798.928
bm25,semantic-081,semantic,100,100,1,1,1798.928
bm25,semantic-082,semantic,10,100,4,1,1797.188
bm25,semantic-082,semantic,20,100,4,1,1797.188
bm25,semantic-082,semantic,30,100,4,1,1797.188
bm25,semantic-082,semantic,50,100,4,1,1797.188
bm25,semantic-082,semantic,100,100,4,1,1797.188
bm25,semantic-083,semantic,10,100,1,1,1806.410
bm25,semantic-083,semantic,20,100,1,1,1806.410
bm25,semantic-083,semantic,30,100,1,1,1806.410
bm25,semantic-083,semantic,50,100,1,1,1806.410
bm25,semantic-083,semantic,100,100,1,1,1806.410
bm25,semantic-084,semantic,10,100,1,1,1781.562
bm25,semantic-084,semantic,20,100,1,1,1781.562
bm25,semantic-084,semantic,30,100,1,1,1781.562
bm25,semantic-084,semantic,50,100,1,1,1781.562
bm25,semantic-084,semantic,100,100,1,1,1781.562
bm25,semantic-085,semantic,10,100,2,1,1817.462
bm25,semantic-085,semantic,20,100,2,1,1817.462
bm25,semantic-085,semantic,30,100,2,1,1817.462
bm25,semantic-085,semantic,50,100,2,1,1817.462
bm25,semantic-085,semantic,100,100,2,1,1817.462
bm25,semantic-086,semantic,10,100,1,1,1794.853
bm25,semantic-086,semantic,20,100,1,1,1794.853
bm25,semantic-086,semantic,30,100,1,1,1794.853
bm25,semantic-086,semantic,50,100,1,1,1794.853
bm25,semantic-086,semantic,100,100,1,1,1794.853
bm25,semantic-087,semantic,10,100,1,1,1827.748
bm25,semantic-087,semantic,20,100,1,1,1827.748
bm25,semantic-087,semantic,30,100,1,1,1827.748
bm25,semantic-087,semantic,50,100,1,1,1827.748
bm25,semantic-087,semantic,100,100,1,1,1827.748
bm25,semantic-088,semantic,10,100,1,2,1813.303
bm25,semantic-088,semantic,20,100,1,2,1813.303
bm25,semantic-088,semantic,30,100,1,2,1813.303
bm25,semantic-088,semantic,50,100,1,2,1813.303
bm25,semantic-088,semantic,100,100,1,2,1813.303
bm25,semantic-089,semantic,10,100,0,0,1813.462
bm25,semantic-089,semantic,20,100,0,0,1813.462
bm25,semantic-089,semantic,30,100,0,0,1813.462
bm25,semantic-089,semantic,50,100,0,0,1813.462
bm25,semantic-089,semantic,100,100,66,3,1813.462
bm25,semantic-090,semantic,10,100,1,1,1773.846
bm25,semantic-090,semantic,20,100,1,1,1773.846
bm25,semantic-090,semantic,30,100,1,1,1773.846
bm25,semantic-090,semantic,50,100,1,1,1773.846
bm25,semantic-090,semantic,100,100,1,1,1773.846
bm25,semantic-091,semantic,10,100,1,1,1551.584
bm25,semantic-091,semantic,20,100,1,1,1551.584
bm25,semantic-091,semantic,30,100,1,1,1551.584
bm25,semantic-091,semantic,50,100,1,1,1551.584
bm25,semantic-091,semantic,100,100,1,1,1551.584
bm25,semantic-092,semantic,10,100,1,2,1481.150
bm25,semantic-092,semantic,20,100,1,2,1481.150
bm25,semantic-092,semantic,30,100,1,2,1481.150
bm25,semantic-092,semantic,50,100,1,2,1481.150
bm25,semantic-092,semantic,100,100,1,2,1481.150
bm25,semantic-093,semantic,10,100,2,1,1788.583
bm25,semantic-093,semantic,20,100,2,1,1788.583
bm25,semantic-093,semantic,30,100,2,1,1788.583
bm25,semantic-093,semantic,50,100,2,1,1788.583
bm25,semantic-093,semantic,100,100,2,1,1788.583
bm25,semantic-094,semantic,10,100,0,0,1824.120
bm25,semantic-094,semantic,20,100,0,0,1824.120
bm25,semantic-094,semantic,30,100,23,0,1824.120
bm25,semantic-094,semantic,50,100,23,0,1824.120
bm25,semantic-094,semantic,100,100,23,0,1824.120
bm25,semantic-095,semantic,10,100,1,9,1803.584
bm25,semantic-095,semantic,20,100,1,0,1803.584
bm25,semantic-095,semantic,30,100,1,0,1803.584
bm25,semantic-095,semantic,50,100,1,0,1803.584
bm25,semantic-095,semantic,100,100,1,0,1803.584
bm25,semantic-096,semantic,10,100,1,2,1811.950
bm25,semantic-096,semantic,20,100,1,3,1811.950
bm25,semantic-096,semantic,30,100,1,3,1811.950
bm25,semantic-096,semantic,50,100,1,3,1811.950
bm25,semantic-096,semantic,100,100,1,3,1811.950
bm25,semantic-097,semantic,10,100,1,1,1802.047
bm25,semantic-097,semantic,20,100,1,1,1802.047
bm25,semantic-097,semantic,30,100,1,1,1802.047
bm25,semantic-097,semantic,50,100,1,1,1802.047
bm25,semantic-097,semantic,100,100,1,1,1802.047
bm25,semantic-098,semantic,10,100,0,0,1790.760
bm25,semantic-098,semantic,20,100,0,0,1790.760
bm25,semantic-098,semantic,30,100,0,0,1790.760
bm25,semantic-098,semantic,50,100,0,0,1790.760
bm25,semantic-098,semantic,100,100,0,0,1790.760
bm25,semantic-099,semantic,10,100,1,1,1800.731
bm25,semantic-099,semantic,20,100,1,1,1800.731
bm25,semantic-099,semantic,30,100,1,1,1800.731
bm25,semantic-099,semantic,50,100,1,1,1800.731
bm25,semantic-099,semantic,100,100,1,1,1800.731
bm25,semantic-100,semantic,10,100,2,1,1811.317
bm25,semantic-100,semantic,20,100,2,1,1811.317
bm25,semantic-100,semantic,30,100,2,1,1811.317
bm25,semantic-100,semantic,50,100,2,1,1811.317
bm25,semantic-100,semantic,100,100,2,1,1811.317
bm25,semantic-101,semantic,10,100,3,7,1671.756
bm25,semantic-101,semantic,20,100,3,10,1671.756
bm25,semantic-101,semantic,30,100,3,10,1671.756
bm25,semantic-101,semantic,50,100,3,0,1671.756
bm25,semantic-101,semantic,100,100,3,0,1671.756
bm25,semantic-102,semantic,10,100,1,7,1610.610
bm25,semantic-102,semantic,20,100,1,7,1610.610
bm25,semantic-102,semantic,30,100,1,7,1610.610
bm25,semantic-102,semantic,50,100,1,7,1610.610
bm25,semantic-102,semantic,100,100,1,7,1610.610
bm25,semantic-103,semantic,10,100,1,1,1700.409
bm25,semantic-103,semantic,20,100,1,1,1700.409
bm25,semantic-103,semantic,30,100,1,1,1700.409
bm25,semantic-103,semantic,50,100,1,1,1700.409
bm25,semantic-103,semantic,100,100,1,1,1700.409
bm25,semantic-104,semantic,10,100,0,0,1809.803
bm25,semantic-104,semantic,20,100,12,1,1809.803
bm25,semantic-104,semantic,30,100,12,1,1809.803
bm25,semantic-104,semantic,50,100,12,1,1809.803
bm25,semantic-104,semantic,100,100,12,1,1809.803
bm25,semantic-105,semantic,10,100,1,1,1805.389
bm25,semantic-105,semantic,20,100,1,1,1805.389
bm25,semantic-105,semantic,30,100,1,1,1805.389
bm25,semantic-105,semantic,50,100,1,1,1805.389
bm25,semantic-105,semantic,100,100,1,1,1805.389
bm25,semantic-106,semantic,10,100,1,3,1812.593
bm25,semantic-106,semantic,20,100,1,3,1812.593
bm25,semantic-106,semantic,30,100,1,3,1812.593
bm25,semantic-106,semantic,50,100,1,3,1812.593
bm25,semantic-106,semantic,100,100,1,3,1812.593
bm25,semantic-107,semantic,10,100,1,1,1797.916
bm25,semantic-107,semantic,20,100,1,1,1797.916
bm25,semantic-107,semantic,30,100,1,1,1797.916
bm25,semantic-107,semantic,50,100,1,1,1797.916
bm25,semantic-107,semantic,100,100,1,1,1797.916
bm25,semantic-108,semantic,10,100,1,1,1828.286
bm25,semantic-108,semantic,20,100,1,1,1828.286
bm25,semantic-108,semantic,30,100,1,1,1828.286
bm25,semantic-108,semantic,50,100,1,1,1828.286
bm25,semantic-108,semantic,100,100,1,1,1828.286
bm25,semantic-109,semantic,10,100,3,1,1819.264
bm25,semantic-109,semantic,20,100,3,1,1819.264
bm25,semantic-109,semantic,30,100,3,1,1819.264
bm25,semantic-109,semantic,50,100,3,1,1819.264
bm25,semantic-109,semantic,100,100,3,1,1819.264
bm25,semantic-110,semantic,10,100,1,1,1798.381
bm25,semantic-110,semantic,20,100,1,1,1798.381
bm25,semantic-110,semantic,30,100,1,1,1798.381
bm25,semantic-110,semantic,50,100,1,1,1798.381
bm25,semantic-110,semantic,100,100,1,1,1798.381
bm25,semantic-111,semantic,10,100,1,2,1802.386
bm25,semantic-111,semantic,20,100,1,2,1802.386
bm25,semantic-111,semantic,30,100,1,2,1802.386
bm25,semantic-111,semantic,50,100,1,2,1802.386
bm25,semantic-111,semantic,100,100,1,2,1802.386
bm25,semantic-112,semantic,10,100,2,1,1804.728
bm25,semantic-112,semantic,20,100,2,1,1804.728
bm25,semantic-112,semantic,30,100,2,1,1804.728
bm25,semantic-112,semantic,50,100,2,1,1804.728
bm25,semantic-112,semantic,100,100,2,1,1804.728
bm25,semantic-113,semantic,10,100,5,1,1796.873
bm25,semantic-113,semantic,20,100,5,1,1796.873
bm25,semantic-113,semantic,30,100,5,1,1796.873
bm25,semantic-113,semantic,50,100,5,1,1796.873
bm25,semantic-113,semantic,100,100,5,1,1796.873
bm25,semantic-114,semantic,10,100,0,0,1808.152
bm25,semantic-114,semantic,20,100,0,0,1808.152
bm25,semantic-114,semantic,30,100,0,0,1808.152
bm25,semantic-114,semantic,50,100,0,0,1808.152
bm25,semantic-114,semantic,100,100,0,0,1808.152
bm25,semantic-115,semantic,10,100,0,0,1798.847
bm25,semantic-115,semantic,20,100,0,0,1798.847
bm25,semantic-115,semantic,30,100,21,1,1798.847
bm25,semantic-115,semantic,50,100,21,1,1798.847
bm25,semantic-115,semantic,100,100,21,1,1798.847
bm25,semantic-116,semantic,10,100,2,1,1809.563
bm25,semantic-116,semantic,20,100,2,1,1809.563
bm25,semantic-116,semantic,30,100,2,1,1809.563
bm25,semantic-116,semantic,50,100,2,1,1809.563
bm25,semantic-116,semantic,100,100,2,1,1809.563
bm25,semantic-117,semantic,10,100,1,1,1821.791
bm25,semantic-117,semantic,20,100,1,1,1821.791
bm25,semantic-117,semantic,30,100,1,1,1821.791
bm25,semantic-117,semantic,50,100,1,1,1821.791
bm25,semantic-117,semantic,100,100,1,1,1821.791
bm25,semantic-118,semantic,10,100,1,1,1812.401
bm25,semantic-118,semantic,20,100,1,1,1812.401
bm25,semantic-118,semantic,30,100,1,1,1812.401
bm25,semantic-118,semantic,50,100,1,1,1812.401
bm25,semantic-118,semantic,100,100,1,1,1812.401
bm25,semantic-119,semantic,10,100,1,1,1796.602
bm25,semantic-119,semantic,20,100,1,1,1796.602
bm25,semantic-119,semantic,30,100,1,1,1796.602
bm25,semantic-119,semantic,50,100,1,1,1796.602
bm25,semantic-119,semantic,100,100,1,1,1796.602
bm25,semantic-120,semantic,10,100,1,1,1793.388
bm25,semantic-120,semantic,20,100,1,1,1793.388
bm25,semantic-120,semantic,30,100,1,1,1793.388
bm25,semantic-120,semantic,50,100,1,1,1793.388
bm25,semantic-120,semantic,100,100,1,1,1793.388
hybrid,exact-001,exact,10,100,1,1,1496.026
hybrid,exact-001,exact,20,100,1,1,1496.026
hybrid,exact-001,exact,30,100,1,1,1496.026
hybrid,exact-001,exact,50,100,1,1,1496.026
hybrid,exact-001,exact,100,100,1,1,1496.026
hybrid,exact-002,exact,10,100,1,1,1639.865
hybrid,exact-002,exact,20,100,1,1,1639.865
hybrid,exact-002,exact,30,100,1,1,1639.865
hybrid,exact-002,exact,50,100,1,1,1639.865
hybrid,exact-002,exact,100,100,1,1,1639.865
hybrid,exact-003,exact,10,100,2,1,1723.150
hybrid,exact-003,exact,20,100,2,1,1723.150
hybrid,exact-003,exact,30,100,2,1,1723.150
hybrid,exact-003,exact,50,100,2,1,1723.150
hybrid,exact-003,exact,100,100,2,1,1723.150
hybrid,exact-004,exact,10,100,1,1,1621.641
hybrid,exact-004,exact,20,100,1,1,1621.641
hybrid,exact-004,exact,30,100,1,1,1621.641
hybrid,exact-004,exact,50,100,1,1,1621.641
hybrid,exact-004,exact,100,100,1,1,1621.641
hybrid,exact-005,exact,10,100,3,4,1400.510
hybrid,exact-005,exact,20,100,3,4,1400.510
hybrid,exact-005,exact,30,100,3,4,1400.510
hybrid,exact-005,exact,50,100,3,4,1400.510
hybrid,exact-005,exact,100,100,3,4,1400.510
hybrid,exact-006,exact,10,100,1,1,1370.853
hybrid,exact-006,exact,20,100,1,1,1370.853
hybrid,exact-006,exact,30,100,1,1,1370.853
hybrid,exact-006,exact,50,100,1,1,1370.853
hybrid,exact-006,exact,100,100,1,1,1370.853
hybrid,exact-007,exact,10,100,2,2,1593.933
hybrid,exact-007,exact,20,100,2,2,1593.933
hybrid,exact-007,exact,30,100,2,2,1593.933
hybrid,exact-007,exact,50,100,2,2,1593.933
hybrid,exact-007,exact,100,100,2,2,1593.933
hybrid,exact-008,exact,10,100,1,1,1547.369
hybrid,exact-008,exact,20,100,1,1,1547.369
hybrid,exact-008,exact,30,100,1,1,1547.369
hybrid,exact-008,exact,50,100,1,1,1547.369
hybrid,exact-008,exact,100,100,1,1,1547.369
hybrid,exact-009,exact,10,100,1,1,1506.881
hybrid,exact-009,exact,20,100,1,1,1506.881
hybrid,exact-009,exact,30,100,1,1,1506.881
hybrid,exact-009,exact,50,100,1,1,1506.881
hybrid,exact-009,exact,100,100,1,1,1506.881
hybrid,exact-010,exact,10,100,1,2,1643.344
hybrid,exact-010,exact,20,100,1,2,1643.344
hybrid,exact-010,exact,30,100,1,2,1643.344
hybrid,exact-010,exact,50,100,1,2,1643.344
hybrid,exact-010,exact,100,100,1,2,1643.344
hybrid,exact-011,exact,10,100,1,1,1530.894
hybrid,exact-011,exact,20,100,1,1,1530.894
hybrid,exact-011,exact,30,100,1,1,1530.894
hybrid,exact-011,exact,50,100,1,1,1530.894
hybrid,exact-011,exact,100,100,1,1,1530.894
hybrid,exact-012,exact,10,100,1,1,1330.817
hybrid,exact-012,exact,20,100,1,1,1330.817
hybrid,exact-012,exact,30,100,1,1,1330.817
hybrid,exact-012,exact,50,100,1,1,1330.817
hybrid,exact-012,exact,100,100,1,1,1330.817
hybrid,exact-013,exact,10,100,1,1,1538.371
hybrid,exact-013,exact,20,100,1,1,1538.371
hybrid,exact-013,exact,30,100,1,1,1538.371
hybrid,exact-013,exact,50,100,1,1,1538.371
hybrid,exact-013,exact,100,100,1,1,1538.371
hybrid,exact-014,exact,10,100,1,1,1260.270
hybrid,exact-014,exact,20,100,1,1,1260.270
hybrid,exact-014,exact,30,100,1,1,1260.270
hybrid,exact-014,exact,50,100,1,1,1260.270
hybrid,exact-014,exact,100,100,1,1,1260.270
hybrid,exact-015,exact,10,100,1,1,1266.480
hybrid,exact-015,exact,20,100,1,1,1266.480
hybrid,exact-015,exact,30,100,1,1,1266.480
hybrid,exact-015,exact,50,100,1,1,1266.480
hybrid,exact-015,exact,100,100,1,1,1266.480
hybrid,exact-016,exact,10,100,1,1,1139.683
hybrid,exact-016,exact,20,100,1,1,1139.683
hybrid,exact-016,exact,30,100,1,1,1139.683
hybrid,exact-016,exact,50,100,1,1,1139.683
hybrid,exact-016,exact,100,100,1,1,1139.683
hybrid,exact-017,exact,10,100,1,1,1335.347
hybrid,exact-017,exact,20,100,1,1,1335.347
hybrid,exact-017,exact,30,100,1,1,1335.347
hybrid,exact-017,exact,50,100,1,1,1335.347
hybrid,exact-017,exact,100,100,1,1,1335.347
hybrid,exact-018,exact,10,100,1,1,1489.404
hybrid,exact-018,exact,20,100,1,1,1489.404
hybrid,exact-018,exact,30,100,1,1,1489.404
hybrid,exact-018,exact,50,100,1,1,1489.404
hybrid,exact-018,exact,100,100,1,1,1489.404
hybrid,exact-019,exact,10,100,1,1,1368.536
hybrid,exact-019,exact,20,100,1,1,1368.536
hybrid,exact-019,exact,30,100,1,1,1368.536
hybrid,exact-019,exact,50,100,1,1,1368.536
hybrid,exact-019,exact,100,100,1,1,1368.536
hybrid,exact-020,exact,10,100,1,1,1520.393
hybrid,exact-020,exact,20,100,1,1,1520.393
hybrid,exact-020,exact,30,100,1,1,1520.393
hybrid,exact-020,exact,50,100,1,1,1520.393
hybrid,exact-020,exact,100,100,1,1,1520.393
hybrid,exact-021,exact,10,100,1,1,1522.948
hybrid,exact-021,exact,20,100,1,1,1522.948
hybrid,exact-021,exact,30,100,1,1,1522.948
hybrid,exact-021,exact,50,100,1,1,1522.948
hybrid,exact-021,exact,100,100,1,1,1522.948
hybrid,exact-022,exact,10,100,1,1,1639.249
hybrid,exact-022,exact,20,100,1,1,1639.249
hybrid,exact-022,exact,30,100,1,1,1639.249
hybrid,exact-022,exact,50,100,1,1,1639.249
hybrid,exact-022,exact,100,100,1,1,1639.249
hybrid,exact-023,exact,10,100,3,3,1563.356
hybrid,exact-023,exact,20,100,3,3,1563.356
hybrid,exact-023,exact,30,100,3,3,1563.356
hybrid,exact-023,exact,50,100,3,3,1563.356
hybrid,exact-023,exact,100,100,3,3,1563.356
hybrid,exact-024,exact,10,100,3,1,1171.353
hybrid,exact-024,exact,20,100,3,1,1171.353
hybrid,exact-024,exact,30,100,3,1,1171.353
hybrid,exact-024,exact,50,100,3,1,1171.353
hybrid,exact-024,exact,100,100,3,1,1171.353
hybrid,exact-025,exact,10,100,10,4,1201.928
hybrid,exact-025,exact,20,100,10,4,1201.928
hybrid,exact-025,exact,30,100,10,4,1201.928
hybrid,exact-025,exact,50,100,10,4,1201.928
hybrid,exact-025,exact,100,100,10,4,1201.928
hybrid,exact-026,exact,10,100,1,1,1182.315
hybrid,exact-026,exact,20,100,1,1,1182.315
hybrid,exact-026,exact,30,100,1,1,1182.315
hybrid,exact-026,exact,50,100,1,1,1182.315
hybrid,exact-026,exact,100,100,1,1,1182.315
hybrid,exact-027,exact,10,100,2,1,1149.526
hybrid,exact-027,exact,20,100,2,1,1149.526
hybrid,exact-027,exact,30,100,2,1,1149.526
hybrid,exact-027,exact,50,100,2,1,1149.526
hybrid,exact-027,exact,100,100,2,1,1149.526
hybrid,exact-028,exact,10,100,1,1,1257.960
hybrid,exact-028,exact,20,100,1,1,1257.960
hybrid,exact-028,exact,30,100,1,1,1257.960
hybrid,exact-028,exact,50,100,1,1,1257.960
hybrid,exact-028,exact,100,100,1,1,1257.960
hybrid,exact-029,exact,10,100,1,1,953.876
hybrid,exact-029,exact,20,100,1,1,953.876
hybrid,exact-029,exact,30,100,1,1,953.876
hybrid,exact-029,exact,50,100,1,1,953.876
hybrid,exact-029,exact,100,100,1,1,953.876
hybrid,exact-030,exact,10,100,2,8,1014.189
hybrid,exact-030,exact,20,100,2,10,1014.189
hybrid,exact-030,exact,30,100,2,0,1014.189
hybrid,exact-030,exact,50,100,2,0,1014.189
hybrid,exact-030,exact,100,100,2,0,1014.189
hybrid,exact-031,exact,10,100,1,2,1118.136
hybrid,exact-031,exact,20,100,1,2,1118.136
hybrid,exact-031,exact,30,100,1,2,1118.136
hybrid,exact-031,exact,50,100,1,2,1118.136
hybrid,exact-031,exact,100,100,1,2,1118.136
hybrid,exact-032,exact,10,100,1,1,1107.591
hybrid,exact-032,exact,20,100,1,1,1107.591
hybrid,exact-032,exact,30,100,1,1,1107.591
hybrid,exact-032,exact,50,100,1,1,1107.591
hybrid,exact-032,exact,100,100,1,1,1107.591
hybrid,exact-033,exact,10,100,1,1,1105.277
hybrid,exact-033,exact,20,100,1,1,1105.277
hybrid,exact-033,exact,30,100,1,1,1105.277
hybrid,exact-033,exact,50,100,1,1,1105.277
hybrid,exact-033,exact,100,100,1,1,1105.277
hybrid,exact-034,exact,10,100,2,1,981.433
hybrid,exact-034,exact,20,100,2,1,981.433
hybrid,exact-034,exact,30,100,2,1,981.433
hybrid,exact-034,exact,50,100,2,1,981.433
hybrid,exact-034,exact,100,100,2,1,981.433
hybrid,exact-035,exact,10,100,1,1,1062.205
hybrid,exact-035,exact,20,100,1,1,1062.205
hybrid,exact-035,exact,30,100,1,1,1062.205
hybrid,exact-035,exact,50,100,1,1,1062.205
hybrid,exact-035,exact,100,100,1,1,1062.205
hybrid,exact-036,exact,10,100,1,2,1026.989
hybrid,exact-036,exact,20,100,1,2,1026.989
hybrid,exact-036,exact,30,100,1,2,1026.989
hybrid,exact-036,exact,50,100,1,2,1026.989
hybrid,exact-036,exact,100,100,1,2,1026.989
hybrid,exact-037,exact,10,100,5,1,1043.929
hybrid,exact-037,exact,20,100,5,1,1043.929
hybrid,exact-037,exact,30,100,5,1,1043.929
hybrid,exact-037,exact,50,100,5,1,1043.929
hybrid,exact-037,exact,100,100,5,1,1043.929
hybrid,exact-038,exact,10,100,1,1,1057.876
hybrid,exact-038,exact,20,100,1,1,1057.876
hybrid,exact-038,exact,30,100,1,1,1057.876
hybrid,exact-038,exact,50,100,1,1,1057.876
hybrid,exact-038,exact,100,100,1,1,1057.876
hybrid,exact-039,exact,10,100,3,5,1193.930
hybrid,exact-039,exact,20,100,3,5,1193.930
hybrid,exact-039,exact,30,100,3,5,1193.930
hybrid,exact-039,exact,50,100,3,5,1193.930
hybrid,exact-039,exact,100,100,3,6,1193.930
hybrid,exact-040,exact,10,100,1,1,1201.706
hybrid,exact-040,exact,20,100,1,1,1201.706
hybrid,exact-040,exact,30,100,1,1,1201.706
hybrid,exact-040,exact,50,100,1,1,1201.706
hybrid,exact-040,exact,100,100,1,1,1201.706
hybrid,exact-041,exact,10,100,1,1,1179.459
hybrid,exact-041,exact,20,100,1,1,1179.459
hybrid,exact-041,exact,30,100,1,1,1179.459
hybrid,exact-041,exact,50,100,1,1,1179.459
hybrid,exact-041,exact,100,100,1,1,1179.459
hybrid,exact-042,exact,10,100,1,1,1097.546
hybrid,exact-042,exact,20,100,1,1,1097.546
hybrid,exact-042,exact,30,100,1,1,1097.546
hybrid,exact-042,exact,50,100,1,1,1097.546
hybrid,exact-042,exact,100,100,1,1,1097.546
hybrid,exact-043,exact,10,100,1,1,1486.684
hybrid,exact-043,exact,20,100,1,1,1486.684
hybrid,exact-043,exact,30,100,1,1,1486.684
hybrid,exact-043,exact,50,100,1,1,1486.684
hybrid,exact-043,exact,100,100,1,1,1486.684
hybrid,exact-044,exact,10,100,1,1,1304.628
hybrid,exact-044,exact,20,100,1,1,1304.628
hybrid,exact-044,exact,30,100,1,1,1304.628
hybrid,exact-044,exact,50,100,1,1,1304.628
hybrid,exact-044,exact,100,100,1,1,1304.628
hybrid,exact-045,exact,10,100,1,1,1320.903
hybrid,exact-045,exact,20,100,1,1,1320.903
hybrid,exact-045,exact,30,100,1,1,1320.903
hybrid,exact-045,exact,50,100,1,1,1320.903
hybrid,exact-045,exact,100,100,1,1,1320.903
hybrid,exact-046,exact,10,100,1,1,1648.703
hybrid,exact-046,exact,20,100,1,1,1648.703
hybrid,exact-046,exact,30,100,1,1,1648.703
hybrid,exact-046,exact,50,100,1,1,1648.703
hybrid,exact-046,exact,100,100,1,1,1648.703
hybrid,exact-047,exact,10,100,1,1,1415.275
hybrid,exact-047,exact,20,100,1,1,1415.275
hybrid,exact-047,exact,30,100,1,1,1415.275
hybrid,exact-047,exact,50,100,1,1,1415.275
hybrid,exact-047,exact,100,100,1,1,1415.275
hybrid,exact-048,exact,10,100,1,1,1467.005
hybrid,exact-048,exact,20,100,1,1,1467.005
hybrid,exact-048,exact,30,100,1,1,1467.005
hybrid,exact-048,exact,50,100,1,1,1467.005
hybrid,exact-048,exact,100,100,1,1,1467.005
hybrid,exact-049,exact,10,100,1,1,1339.524
hybrid,exact-049,exact,20,100,1,1,1339.524
hybrid,exact-049,exact,30,100,1,1,1339.524
hybrid,exact-049,exact,50,100,1,1,1339.524
hybrid,exact-049,exact,100,100,1,1,1339.524
hybrid,exact-050,exact,10,100,2,1,1459.103
hybrid,exact-050,exact,20,100,2,1,1459.103
hybrid,exact-050,exact,30,100,2,1,1459.103
hybrid,exact-050,exact,50,100,2,1,1459.103
hybrid,exact-050,exact,100,100,2,1,1459.103
hybrid,exact-051,exact,10,100,1,1,1245.892
hybrid,exact-051,exact,20,100,1,1,1245.892
hybrid,exact-051,exact,30,100,1,1,1245.892
hybrid,exact-051,exact,50,100,1,1,1245.892
hybrid,exact-051,exact,100,100,1,1,1245.892
hybrid,exact-052,exact,10,100,1,1,1504.558
hybrid,exact-052,exact,20,100,1,1,1504.558
hybrid,exact-052,exact,30,100,1,1,1504.558
hybrid,exact-052,exact,50,100,1,1,1504.558
hybrid,exact-052,exact,100,100,1,1,1504.558
hybrid,exact-053,exact,10,100,1,1,1490.259
hybrid,exact-053,exact,20,100,1,1,1490.259
hybrid,exact-053,exact,30,100,1,1,1490.259
hybrid,exact-053,exact,50,100,1,1,1490.259
hybrid,exact-053,exact,100,100,1,1,1490.259
hybrid,exact-054,exact,10,100,5,6,1596.406
hybrid,exact-054,exact,20,100,5,7,1596.406
hybrid,exact-054,exact,30,100,5,7,1596.406
hybrid,exact-054,exact,50,100,5,7,1596.406
hybrid,exact-054,exact,100,100,5,8,1596.406
hybrid,exact-055,exact,10,100,1,1,1569.000
hybrid,exact-055,exact,20,100,1,1,1569.000
hybrid,exact-055,exact,30,100,1,1,1569.000
hybrid,exact-055,exact,50,100,1,1,1569.000
hybrid,exact-055,exact,100,100,1,1,1569.000
hybrid,exact-056,exact,10,100,1,1,1595.466
hybrid,exact-056,exact,20,100,1,1,1595.466
hybrid,exact-056,exact,30,100,1,1,1595.466
hybrid,exact-056,exact,50,100,1,1,1595.466
hybrid,exact-056,exact,100,100,1,1,1595.466
hybrid,exact-057,exact,10,100,1,1,1523.167
hybrid,exact-057,exact,20,100,1,1,1523.167
hybrid,exact-057,exact,30,100,1,1,1523.167
hybrid,exact-057,exact,50,100,1,1,1523.167
hybrid,exact-057,exact,100,100,1,1,1523.167
hybrid,exact-058,exact,10,100,1,1,1444.455
hybrid,exact-058,exact,20,100,1,1,1444.455
hybrid,exact-058,exact,30,100,1,1,1444.455
hybrid,exact-058,exact,50,100,1,1,1444.455
hybrid,exact-058,exact,100,100,1,1,1444.455
hybrid,exact-059,exact,10,100,3,1,1316.992
hybrid,exact-059,exact,20,100,3,1,1316.992
hybrid,exact-059,exact,30,100,3,1,1316.992
hybrid,exact-059,exact,50,100,3,1,1316.992
hybrid,exact-059,exact,100,100,3,1,1316.992
hybrid,exact-060,exact,10,100,1,1,1516.809
hybrid,exact-060,exact,20,100,1,1,1516.809
hybrid,exact-060,exact,30,100,1,1,1516.809
hybrid,exact-060,exact,50,100,1,1,1516.809
hybrid,exact-060,exact,100,100,1,1,1516.809
hybrid,exact-061,exact,10,100,1,1,1558.315
hybrid,exact-061,exact,20,100,1,1,1558.315
hybrid,exact-061,exact,30,100,1,1,1558.315
hybrid,exact-061,exact,50,100,1,1,1558.315
hybrid,exact-061,exact,100,100,1,1,1558.315
hybrid,exact-062,exact,10,100,1,1,1586.232
hybrid,exact-062,exact,20,100,1,1,1586.232
hybrid,exact-062,exact,30,100,1,1,1586.232
hybrid,exact-062,exact,50,100,1,1,1586.232
hybrid,exact-062,exact,100,100,1,1,1586.232
hybrid,exact-063,exact,10,100,2,1,1283.721
hybrid,exact-063,exact,20,100,2,1,1283.721
hybrid,exact-063,exact,30,100,2,1,1283.721
hybrid,exact-063,exact,50,100,2,1,1283.721
hybrid,exact-063,exact,100,100,2,1,1283.721
hybrid,exact-064,exact,10,100,1,1,1607.279
hybrid,exact-064,exact,20,100,1,1,1607.279
hybrid,exact-064,exact,30,100,1,1,1607.279
hybrid,exact-064,exact,50,100,1,1,1607.279
hybrid,exact-064,exact,100,100,1,1,1607.279
hybrid,exact-065,exact,10,100,1,1,1510.321
hybrid,exact-065,exact,20,100,1,1,1510.321
hybrid,exact-065,exact,30,100,1,1,1510.321
hybrid,exact-065,exact,50,100,1,1,1510.321
hybrid,exact-065,exact,100,100,1,1,1510.321
hybrid,exact-066,exact,10,100,1,1,1487.783
hybrid,exact-066,exact,20,100,1,1,1487.783
hybrid,exact-066,exact,30,100,1,1,1487.783
hybrid,exact-066,exact,50,100,1,1,1487.783
hybrid,exact-066,exact,100,100,1,1,1487.783
hybrid,exact-067,exact,10,100,1,1,1301.949
hybrid,exact-067,exact,20,100,1,1,1301.949
hybrid,exact-067,exact,30,100,1,1,1301.949
hybrid,exact-067,exact,50,100,1,1,1301.949
hybrid,exact-067,exact,100,100,1,1,1301.949
hybrid,exact-068,exact,10,100,4,1,1121.485
hybrid,exact-068,exact,20,100,4,1,1121.485
hybrid,exact-068,exact,30,100,4,1,1121.485
hybrid,exact-068,exact,50,100,4,1,1121.485
hybrid,exact-068,exact,100,100,4,1,1121.485
hybrid,exact-069,exact,10,100,1,1,1385.036
hybrid,exact-069,exact,20,100,1,1,1385.036
hybrid,exact-069,exact,30,100,1,1,1385.036
hybrid,exact-069,exact,50,100,1,1,1385.036
hybrid,exact-069,exact,100,100,1,1,1385.036
hybrid,exact-070,exact,10,100,1,1,1358.942
hybrid,exact-070,exact,20,100,1,1,1358.942
hybrid,exact-070,exact,30,100,1,1,1358.942
hybrid,exact-070,exact,50,100,1,1,1358.942
hybrid,exact-070,exact,100,100,1,1,1358.942
hybrid,exact-071,exact,10,100,3,1,1146.852
hybrid,exact-071,exact,20,100,3,1,1146.852
hybrid,exact-071,exact,30,100,3,1,1146.852
hybrid,exact-071,exact,50,100,3,1,1146.852
hybrid,exact-071,exact,100,100,3,1,1146.852
hybrid,exact-072,exact,10,100,1,1,1023.333
hybrid,exact-072,exact,20,100,1,1,1023.333
hybrid,exact-072,exact,30,100,1,1,1023.333
hybrid,exact-072,exact,50,100,1,1,1023.333
hybrid,exact-072,exact,100,100,1,1,1023.333
hybrid,exact-073,exact,10,100,1,1,978.441
hybrid,exact-073,exact,20,100,1,1,978.441
hybrid,exact-073,exact,30,100,1,1,978.441
hybrid,exact-073,exact,50,100,1,1,978.441
hybrid,exact-073,exact,100,100,1,1,978.441
hybrid,exact-074,exact,10,100,1,1,1464.820
hybrid,exact-074,exact,20,100,1,1,1464.820
hybrid,exact-074,exact,30,100,1,1,1464.820
hybrid,exact-074,exact,50,100,1,1,1464.820
hybrid,exact-074,exact,100,100,1,1,1464.820
hybrid,exact-075,exact,10,100,2,1,1246.505
hybrid,exact-075,exact,20,100,2,1,1246.505
hybrid,exact-075,exact,30,100,2,1,1246.505
hybrid,exact-075,exact,50,100,2,1,1246.505
hybrid,exact-075,exact,100,100,2,1,1246.505
hybrid,exact-076,exact,10,100,1,1,1573.936
hybrid,exact-076,exact,20,100,1,1,1573.936
hybrid,exact-076,exact,30,100,1,1,1573.936
hybrid,exact-076,exact,50,100,1,1,1573.936
hybrid,exact-076,exact,100,100,1,1,1573.936
hybrid,exact-077,exact,10,100,1,1,1362.010
hybrid,exact-077,exact,20,100,1,1,1362.010
hybrid,exact-077,exact,30,100,1,1,1362.010
hybrid,exact-077,exact,50,100,1,1,1362.010
hybrid,exact-077,exact,100,100,1,1,1362.010
hybrid,exact-078,exact,10,100,1,1,899.662
hybrid,exact-078,exact,20,100,1,1,899.662
hybrid,exact-078,exact,30,100,1,1,899.662
hybrid,exact-078,exact,50,100,1,1,899.662
hybrid,exact-078,exact,100,100,1,1,899.662
hybrid,exact-079,exact,10,100,1,1,1166.201
hybrid,exact-079,exact,20,100,1,1,1166.201
hybrid,exact-079,exact,30,100,1,1,1166.201
hybrid,exact-079,exact,50,100,1,1,1166.201
hybrid,exact-079,exact,100,100,1,1,1166.201
hybrid,exact-080,exact,10,100,1,1,1244.417
hybrid,exact-080,exact,20,100,1,1,1244.417
hybrid,exact-080,exact,30,100,1,1,1244.417
hybrid,exact-080,exact,50,100,1,1,1244.417
hybrid,exact-080,exact,100,100,1,1,1244.417
hybrid,exact-081,exact,10,100,1,1,1169.918
hybrid,exact-081,exact,20,100,1,1,1169.918
hybrid,exact-081,exact,30,100,1,1,1169.918
hybrid,exact-081,exact,50,100,1,1,1169.918
hybrid,exact-081,exact,100,100,1,1,1169.918
hybrid,exact-082,exact,10,100,1,1,1457.545
hybrid,exact-082,exact,20,100,1,1,1457.545
hybrid,exact-082,exact,30,100,1,1,1457.545
hybrid,exact-082,exact,50,100,1,1,1457.545
hybrid,exact-082,exact,100,100,1,1,1457.545
hybrid,exact-083,exact,10,100,1,1,1165.691
hybrid,exact-083,exact,20,100,1,1,1165.691
hybrid,exact-083,exact,30,100,1,1,1165.691
hybrid,exact-083,exact,50,100,1,1,1165.691
hybrid,exact-083,exact,100,100,1,1,1165.691
hybrid,exact-084,exact,10,100,1,1,1507.051
hybrid,exact-084,exact,20,100,1,1,1507.051
hybrid,exact-084,exact,30,100,1,1,1507.051
hybrid,exact-084,exact,50,100,1,1,1507.051
hybrid,exact-084,exact,100,100,1,1,1507.051
hybrid,exact-085,exact,10,100,1,1,1461.876
hybrid,exact-085,exact,20,100,1,1,1461.876
hybrid,exact-085,exact,30,100,1,1,1461.876
hybrid,exact-085,exact,50,100,1,1,1461.876
hybrid,exact-085,exact,100,100,1,1,1461.876
hybrid,exact-086,exact,10,100,1,1,1343.578
hybrid,exact-086,exact,20,100,1,1,1343.578
hybrid,exact-086,exact,30,100,1,1,1343.578
hybrid,exact-086,exact,50,100,1,1,1343.578
hybrid,exact-086,exact,100,100,1,1,1343.578
hybrid,exact-087,exact,10,100,1,1,1100.730
hybrid,exact-087,exact,20,100,1,1,1100.730
hybrid,exact-087,exact,30,100,1,1,1100.730
hybrid,exact-087,exact,50,100,1,1,1100.730
hybrid,exact-087,exact,100,100,1,1,1100.730
hybrid,exact-088,exact,10,100,4,1,1278.368
hybrid,exact-088,exact,20,100,4,1,1278.368
hybrid,exact-088,exact,30,100,4,1,1278.368
hybrid,exact-088,exact,50,100,4,1,1278.368
hybrid,exact-088,exact,100,100,4,1,1278.368
hybrid,exact-089,exact,10,100,1,1,1325.448
hybrid,exact-089,exact,20,100,1,1,1325.448
hybrid,exact-089,exact,30,100,1,1,1325.448
hybrid,exact-089,exact,50,100,1,1,1325.448
hybrid,exact-089,exact,100,100,1,1,1325.448
hybrid,exact-090,exact,10,100,1,1,1328.855
hybrid,exact-090,exact,20,100,1,1,1328.855
hybrid,exact-090,exact,30,100,1,1,1328.855
hybrid,exact-090,exact,50,100,1,1,1328.855
hybrid,exact-090,exact,100,100,1,1,1328.855
hybrid,exact-091,exact,10,100,1,1,1121.466
hybrid,exact-091,exact,20,100,1,1,1121.466
hybrid,exact-091,exact,30,100,1,1,1121.466
hybrid,exact-091,exact,50,100,1,1,1121.466
hybrid,exact-091,exact,100,100,1,1,1121.466
hybrid,exact-092,exact,10,100,1,1,1177.246
hybrid,exact-092,exact,20,100,1,1,1177.246
hybrid,exact-092,exact,30,100,1,1,1177.246
hybrid,exact-092,exact,50,100,1,1,1177.246
hybrid,exact-092,exact,100,100,1,1,1177.246
hybrid,exact-093,exact,10,100,1,1,1131.980
hybrid,exact-093,exact,20,100,1,1,1131.980
hybrid,exact-093,exact,30,100,1,1,1131.980
hybrid,exact-093,exact,50,100,1,1,1131.980
hybrid,exact-093,exact,100,100,1,1,1131.980
hybrid,exact-094,exact,10,100,9,5,967.663
hybrid,exact-094,exact,20,100,9,5,967.663
hybrid,exact-094,exact,30,100,9,5,967.663
hybrid,exact-094,exact,50,100,9,5,967.663
hybrid,exact-094,exact,100,100,9,5,967.663
hybrid,exact-095,exact,10,100,6,3,1079.565
hybrid,exact-095,exact,20,100,6,3,1079.565
hybrid,exact-095,exact,30,100,6,3,1079.565
hybrid,exact-095,exact,50,100,6,3,1079.565
hybrid,exact-095,exact,100,100,6,3,1079.565
hybrid,exact-096,exact,10,100,2,1,1352.468
hybrid,exact-096,exact,20,100,2,1,1352.468
hybrid,exact-096,exact,30,100,2,1,1352.468
hybrid,exact-096,exact,50,100,2,1,1352.468
hybrid,exact-096,exact,100,100,2,1,1352.468
hybrid,exact-097,exact,10,100,1,1,1029.455
hybrid,exact-097,exact,20,100,1,1,1029.455
hybrid,exact-097,exact,30,100,1,1,1029.455
hybrid,exact-097,exact,50,100,1,1,1029.455
hybrid,exact-097,exact,100,100,1,1,1029.455
hybrid,exact-098,exact,10,100,6,2,1021.246
hybrid,exact-098,exact,20,100,6,2,1021.246
hybrid,exact-098,exact,30,100,6,2,1021.246
hybrid,exact-098,exact,50,100,6,2,1021.246
hybrid,exact-098,exact,100,100,6,2,1021.246
hybrid,exact-099,exact,10,100,1,1,1236.390
hybrid,exact-099,exact,20,100,1,1,1236.390
hybrid,exact-099,exact,30,100,1,1,1236.390
hybrid,exact-099,exact,50,100,1,1,1236.390
hybrid,exact-099,exact,100,100,1,1,1236.390
hybrid,exact-100,exact,10,100,1,1,1182.422
hybrid,exact-100,exact,20,100,1,1,1182.422
hybrid,exact-100,exact,30,100,1,1,1182.422
hybrid,exact-100,exact,50,100,1,1,1182.422
hybrid,exact-100,exact,100,100,1,1,1182.422
hybrid,exact-101,exact,10,100,1,4,1080.899
hybrid,exact-101,exact,20,100,1,4,1080.899
hybrid,exact-101,exact,30,100,1,4,1080.899
hybrid,exact-101,exact,50,100,1,4,1080.899
hybrid,exact-101,exact,100,100,1,4,1080.899
hybrid,exact-102,exact,10,100,1,4,1067.108
hybrid,exact-102,exact,20,100,1,4,1067.108
hybrid,exact-102,exact,30,100,1,4,1067.108
hybrid,exact-102,exact,50,100,1,4,1067.108
hybrid,exact-102,exact,100,100,1,4,1067.108
hybrid,exact-103,exact,10,100,1,1,1476.403
hybrid,exact-103,exact,20,100,1,1,1476.403
hybrid,exact-103,exact,30,100,1,1,1476.403
hybrid,exact-103,exact,50,100,1,1,1476.403
hybrid,exact-103,exact,100,100,1,1,1476.403
hybrid,exact-104,exact,10,100,1,1,1637.904
hybrid,exact-104,exact,20,100,1,1,1637.904
hybrid,exact-104,exact,30,100,1,1,1637.904
hybrid,exact-104,exact,50,100,1,1,1637.904
hybrid,exact-104,exact,100,100,1,1,1637.904
hybrid,exact-105,exact,10,100,1,1,1502.621
hybrid,exact-105,exact,20,100,1,1,1502.621
hybrid,exact-105,exact,30,100,1,1,1502.621
hybrid,exact-105,exact,50,100,1,1,1502.621
hybrid,exact-105,exact,100,100,1,1,1502.621
hybrid,exact-106,exact,10,100,1,1,1435.419
hybrid,exact-106,exact,20,100,1,1,1435.419
hybrid,exact-106,exact,30,100,1,1,1435.419
hybrid,exact-106,exact,50,100,1,1,1435.419
hybrid,exact-106,exact,100,100,1,1,1435.419
hybrid,exact-107,exact,10,100,1,1,1464.797
hybrid,exact-107,exact,20,100,1,1,1464.797
hybrid,exact-107,exact,30,100,1,1,1464.797
hybrid,exact-107,exact,50,100,1,1,1464.797
hybrid,exact-107,exact,100,100,1,1,1464.797
hybrid,exact-108,exact,10,100,1,1,1260.874
hybrid,exact-108,exact,20,100,1,1,1260.874
hybrid,exact-108,exact,30,100,1,1,1260.874
hybrid,exact-108,exact,50,100,1,1,1260.874
hybrid,exact-108,exact,100,100,1,1,1260.874
hybrid,exact-109,exact,10,100,1,1,1331.423
hybrid,exact-109,exact,20,100,1,1,1331.423
hybrid,exact-109,exact,30,100,1,1,1331.423
hybrid,exact-109,exact,50,100,1,1,1331.423
hybrid,exact-109,exact,100,100,1,1,1331.423
hybrid,exact-110,exact,10,100,1,1,1056.612
hybrid,exact-110,exact,20,100,1,1,1056.612
hybrid,exact-110,exact,30,100,1,1,1056.612
hybrid,exact-110,exact,50,100,1,1,1056.612
hybrid,exact-110,exact,100,100,1,1,1056.612
hybrid,exact-111,exact,10,100,3,1,1094.275
hybrid,exact-111,exact,20,100,3,1,1094.275
hybrid,exact-111,exact,30,100,3,1,1094.275
hybrid,exact-111,exact,50,100,3,1,1094.275
hybrid,exact-111,exact,100,100,3,1,1094.275
hybrid,exact-112,exact,10,100,1,1,1199.373
hybrid,exact-112,exact,20,100,1,1,1199.373
hybrid,exact-112,exact,30,100,1,1,1199.373
hybrid,exact-112,exact,50,100,1,1,1199.373
hybrid,exact-112,exact,100,100,1,1,1199.373
hybrid,exact-113,exact,10,100,1,1,1202.681
hybrid,exact-113,exact,20,100,1,1,1202.681
hybrid,exact-113,exact,30,100,1,1,1202.681
hybrid,exact-113,exact,50,100,1,1,1202.681
hybrid,exact-113,exact,100,100,1,1,1202.681
hybrid,exact-114,exact,10,100,1,1,1452.556
hybrid,exact-114,exact,20,100,1,1,1452.556
hybrid,exact-114,exact,30,100,1,1,1452.556
hybrid,exact-114,exact,50,100,1,1,1452.556
hybrid,exact-114,exact,100,100,1,1,1452.556
hybrid,exact-115,exact,10,100,2,1,1627.717
hybrid,exact-115,exact,20,100,2,1,1627.717
hybrid,exact-115,exact,30,100,2,1,1627.717
hybrid,exact-115,exact,50,100,2,1,1627.717
hybrid,exact-115,exact,100,100,2,1,1627.717
hybrid,exact-116,exact,10,100,1,1,1530.627
hybrid,exact-116,exact,20,100,1,1,1530.627
hybrid,exact-116,exact,30,100,1,1,1530.627
hybrid,exact-116,exact,50,100,1,1,1530.627
hybrid,exact-116,exact,100,100,1,1,1530.627
hybrid,exact-117,exact,10,100,1,1,1485.724
hybrid,exact-117,exact,20,100,1,1,1485.724
hybrid,exact-117,exact,30,100,1,1,1485.724
hybrid,exact-117,exact,50,100,1,1,1485.724
hybrid,exact-117,exact,100,100,1,1,1485.724
hybrid,exact-118,exact,10,100,1,1,1222.759
hybrid,exact-118,exact,20,100,1,1,1222.759
hybrid,exact-118,exact,30,100,1,1,1222.759
hybrid,exact-118,exact,50,100,1,1,1222.759
hybrid,exact-118,exact,100,100,1,1,1222.759
hybrid,exact-119,exact,10,100,1,1,1473.350
hybrid,exact-119,exact,20,100,1,1,1473.350
hybrid,exact-119,exact,30,100,1,1,1473.350
hybrid,exact-119,exact,50,100,1,1,1473.350
hybrid,exact-119,exact,100,100,1,1,1473.350
hybrid,exact-120,exact,10,100,1,1,1396.019
hybrid,exact-120,exact,20,100,1,1,1396.019
hybrid,exact-120,exact,30,100,1,1,1396.019
hybrid,exact-120,exact,50,100,1,1,1396.019
hybrid,exact-120,exact,100,100,1,1,1396.019
hybrid,semantic-001,semantic,10,100,1,1,1488.451
hybrid,semantic-001,semantic,20,100,1,1,1488.451
hybrid,semantic-001,semantic,30,100,1,1,1488.451
hybrid,semantic-001,semantic,50,100,1,1,1488.451
hybrid,semantic-001,semantic,100,100,1,1,1488.451
hybrid,semantic-002,semantic,10,100,1,1,1565.267
hybrid,semantic-002,semantic,20,100,1,1,1565.267
hybrid,semantic-002,semantic,30,100,1,1,1565.267
hybrid,semantic-002,semantic,50,100,1,1,1565.267
hybrid,semantic-002,semantic,100,100,1,1,1565.267
hybrid,semantic-003,semantic,10,100,0,0,1731.127
hybrid,semantic-003,semantic,20,100,0,0,1731.127
hybrid,semantic-003,semantic,30,100,0,0,1731.127
hybrid,semantic-003,semantic,50,100,0,0,1731.127
hybrid,semantic-003,semantic,100,100,63,3,1731.127
hybrid,semantic-004,semantic,10,100,2,1,1471.921
hybrid,semantic-004,semantic,20,100,2,1,1471.921
hybrid,semantic-004,semantic,30,100,2,1,1471.921
hybrid,semantic-004,semantic,50,100,2,1,1471.921
hybrid,semantic-004,semantic,100,100,2,1,1471.921
hybrid,semantic-005,semantic,10,100,0,0,1000.575
hybrid,semantic-005,semantic,20,100,13,3,1000.575
hybrid,semantic-005,semantic,30,100,13,3,1000.575
hybrid,semantic-005,semantic,50,100,13,3,1000.575
hybrid,semantic-005,semantic,100,100,13,3,1000.575
hybrid,semantic-006,semantic,10,100,1,1,917.645
hybrid,semantic-006,semantic,20,100,1,1,917.645
hybrid,semantic-006,semantic,30,100,1,1,917.645
hybrid,semantic-006,semantic,50,100,1,1,917.645
hybrid,semantic-006,semantic,100,100,1,1,917.645
hybrid,semantic-007,semantic,10,100,2,2,1098.505
hybrid,semantic-007,semantic,20,100,2,2,1098.505
hybrid,semantic-007,semantic,30,100,2,2,1098.505
hybrid,semantic-007,semantic,50,100,2,2,1098.505
hybrid,semantic-007,semantic,100,100,2,2,1098.505
hybrid,semantic-008,semantic,10,100,1,1,1104.325
hybrid,semantic-008,semantic,20,100,1,1,1104.325
hybrid,semantic-008,semantic,30,100,1,1,1104.325
hybrid,semantic-008,semantic,50,100,1,1,1104.325
hybrid,semantic-008,semantic,100,100,1,1,1104.325
hybrid,semantic-009,semantic,10,100,1,1,1045.469
hybrid,semantic-009,semantic,20,100,1,1,1045.469
hybrid,semantic-009,semantic,30,100,1,1,1045.469
hybrid,semantic-009,semantic,50,100,1,1,1045.469
hybrid,semantic-009,semantic,100,100,1,1,1045.469
hybrid,semantic-010,semantic,10,100,2,5,1147.411
hybrid,semantic-010,semantic,20,100,2,5,1147.411
hybrid,semantic-010,semantic,30,100,2,6,1147.411
hybrid,semantic-010,semantic,50,100,2,6,1147.411
hybrid,semantic-010,semantic,100,100,2,6,1147.411
hybrid,semantic-011,semantic,10,100,1,1,1034.030
hybrid,semantic-011,semantic,20,100,1,1,1034.030
hybrid,semantic-011,semantic,30,100,1,1,1034.030
hybrid,semantic-011,semantic,50,100,1,1,1034.030
hybrid,semantic-011,semantic,100,100,1,1,1034.030
hybrid,semantic-012,semantic,10,100,1,1,919.643
hybrid,semantic-012,semantic,20,100,1,1,919.643
hybrid,semantic-012,semantic,30,100,1,1,919.643
hybrid,semantic-012,semantic,50,100,1,1,919.643
hybrid,semantic-012,semantic,100,100,1,1,919.643
hybrid,semantic-013,semantic,10,100,1,1,1125.088
hybrid,semantic-013,semantic,20,100,1,1,1125.088
hybrid,semantic-013,semantic,30,100,1,1,1125.088
hybrid,semantic-013,semantic,50,100,1,1,1125.088
hybrid,semantic-013,semantic,100,100,1,1,1125.088
hybrid,semantic-014,semantic,10,100,1,1,977.221
hybrid,semantic-014,semantic,20,100,1,1,977.221
hybrid,semantic-014,semantic,30,100,1,1,977.221
hybrid,semantic-014,semantic,50,100,1,1,977.221
hybrid,semantic-014,semantic,100,100,1,1,977.221
hybrid,semantic-015,semantic,10,100,2,1,952.401
hybrid,semantic-015,semantic,20,100,2,1,952.401
hybrid,semantic-015,semantic,30,100,2,1,952.401
hybrid,semantic-015,semantic,50,100,2,1,952.401
hybrid,semantic-015,semantic,100,100,2,1,952.401
hybrid,semantic-016,semantic,10,100,1,1,934.887
hybrid,semantic-016,semantic,20,100,1,1,934.887
hybrid,semantic-016,semantic,30,100,1,1,934.887
hybrid,semantic-016,semantic,50,100,1,1,934.887
hybrid,semantic-016,semantic,100,100,1,1,934.887
hybrid,semantic-017,semantic,10,100,1,1,1205.795
hybrid,semantic-017,semantic,20,100,1,1,1205.795
hybrid,semantic-017,semantic,30,100,1,1,1205.795
hybrid,semantic-017,semantic,50,100,1,1,1205.795
hybrid,semantic-017,semantic,100,100,1,1,1205.795
hybrid,semantic-018,semantic,10,100,2,1,1006.103
hybrid,semantic-018,semantic,20,100,2,1,1006.103
hybrid,semantic-018,semantic,30,100,2,1,1006.103
hybrid,semantic-018,semantic,50,100,2,1,1006.103
hybrid,semantic-018,semantic,100,100,2,1,1006.103
hybrid,semantic-019,semantic,10,100,1,1,1093.216
hybrid,semantic-019,semantic,20,100,1,1,1093.216
hybrid,semantic-019,semantic,30,100,1,1,1093.216
hybrid,semantic-019,semantic,50,100,1,1,1093.216
hybrid,semantic-019,semantic,100,100,1,1,1093.216
hybrid,semantic-020,semantic,10,100,1,1,1115.563
hybrid,semantic-020,semantic,20,100,1,1,1115.563
hybrid,semantic-020,semantic,30,100,1,1,1115.563
hybrid,semantic-020,semantic,50,100,1,1,1115.563
hybrid,semantic-020,semantic,100,100,1,1,1115.563
hybrid,semantic-021,semantic,10,100,9,4,1139.002
hybrid,semantic-021,semantic,20,100,9,5,1139.002
hybrid,semantic-021,semantic,30,100,9,5,1139.002
hybrid,semantic-021,semantic,50,100,9,6,1139.002
hybrid,semantic-021,semantic,100,100,9,6,1139.002
hybrid,semantic-022,semantic,10,100,1,1,1094.190
hybrid,semantic-022,semantic,20,100,1,1,1094.190
hybrid,semantic-022,semantic,30,100,1,1,1094.190
hybrid,semantic-022,semantic,50,100,1,1,1094.190
hybrid,semantic-022,semantic,100,100,1,1,1094.190
hybrid,semantic-023,semantic,10,100,3,6,1110.639
hybrid,semantic-023,semantic,20,100,3,6,1110.639
hybrid,semantic-023,semantic,30,100,3,6,1110.639
hybrid,semantic-023,semantic,50,100,3,6,1110.639
hybrid,semantic-023,semantic,100,100,3,6,1110.639
hybrid,semantic-024,semantic,10,100,6,3,1003.681
hybrid,semantic-024,semantic,20,100,6,4,1003.681
hybrid,semantic-024,semantic,30,100,6,4,1003.681
hybrid,semantic-024,semantic,50,100,6,4,1003.681
hybrid,semantic-024,semantic,100,100,6,4,1003.681
hybrid,semantic-025,semantic,10,100,0,0,1111.381
hybrid,semantic-025,semantic,20,100,12,5,1111.381
hybrid,semantic-025,semantic,30,100,12,5,1111.381
hybrid,semantic-025,semantic,50,100,12,5,1111.381
hybrid,semantic-025,semantic,100,100,12,5,1111.381
hybrid,semantic-026,semantic,10,100,1,1,1059.808
hybrid,semantic-026,semantic,20,100,1,1,1059.808
hybrid,semantic-026,semantic,30,100,1,1,1059.808
hybrid,semantic-026,semantic,50,100,1,1,1059.808
hybrid,semantic-026,semantic,100,100,1,1,1059.808
hybrid,semantic-027,semantic,10,100,5,1,1113.250
hybrid,semantic-027,semantic,20,100,5,1,1113.250
hybrid,semantic-027,semantic,30,100,5,1,1113.250
hybrid,semantic-027,semantic,50,100,5,1,1113.250
hybrid,semantic-027,semantic,100,100,5,1,1113.250
hybrid,semantic-028,semantic,10,100,1,1,1199.316
hybrid,semantic-028,semantic,20,100,1,1,1199.316
hybrid,semantic-028,semantic,30,100,1,1,1199.316
hybrid,semantic-028,semantic,50,100,1,1,1199.316
hybrid,semantic-028,semantic,100,100,1,1,1199.316
hybrid,semantic-029,semantic,10,100,1,1,887.065
hybrid,semantic-029,semantic,20,100,1,1,887.065
hybrid,semantic-029,semantic,30,100,1,1,887.065
hybrid,semantic-029,semantic,50,100,1,1,887.065
hybrid,semantic-029,semantic,100,100,1,1,887.065
hybrid,semantic-030,semantic,10,100,1,8,947.978
hybrid,semantic-030,semantic,20,100,1,0,947.978
hybrid,semantic-030,semantic,30,100,1,0,947.978
hybrid,semantic-030,semantic,50,100,1,0,947.978
hybrid,semantic-030,semantic,100,100,1,0,947.978
hybrid,semantic-031,semantic,10,100,1,4,1050.877
hybrid,semantic-031,semantic,20,100,1,4,1050.877
hybrid,semantic-031,semantic,30,100,1,4,1050.877
hybrid,semantic-031,semantic,50,100,1,4,1050.877
hybrid,semantic-031,semantic,100,100,1,4,1050.877
hybrid,semantic-032,semantic,10,100,5,1,1043.822
hybrid,semantic-032,semantic,20,100,5,1,1043.822
hybrid,semantic-032,semantic,30,100,5,1,1043.822
hybrid,semantic-032,semantic,50,100,5,1,1043.822
hybrid,semantic-032,semantic,100,100,5,1,1043.822
hybrid,semantic-033,semantic,10,100,1,1,1043.271
hybrid,semantic-033,semantic,20,100,1,1,1043.271
hybrid,semantic-033,semantic,30,100,1,1,1043.271
hybrid,semantic-033,semantic,50,100,1,1,1043.271
hybrid,semantic-033,semantic,100,100,1,1,1043.271
hybrid,semantic-034,semantic,10,100,3,1,935.655
hybrid,semantic-034,semantic,20,100,3,1,935.655
hybrid,semantic-034,semantic,30,100,3,1,935.655
hybrid,semantic-034,semantic,50,100,3,1,935.655
hybrid,semantic-034,semantic,100,100,3,1,935.655
hybrid,semantic-035,semantic,10,100,1,1,1032.445
hybrid,semantic-035,semantic,20,100,1,1,1032.445
hybrid,semantic-035,semantic,30,100,1,1,1032.445
hybrid,semantic-035,semantic,50,100,1,1,1032.445
hybrid,semantic-035,semantic,100,100,1,1,1032.445
hybrid,semantic-036,semantic,10,100,2,2,988.118
hybrid,semantic-036,semantic,20,100,2,2,988.118
hybrid,semantic-036,semantic,30,100,2,2,988.118
hybrid,semantic-036,semantic,50,100,2,2,988.118
hybrid,semantic-036,semantic,100,100,2,2,988.118
hybrid,semantic-037,semantic,10,100,0,0,996.081
hybrid,semantic-037,semantic,20,100,19,0,996.081
hybrid,semantic-037,semantic,30,100,19,0,996.081
hybrid,semantic-037,semantic,50,100,19,0,996.081
hybrid,semantic-037,semantic,100,100,19,0,996.081
hybrid,semantic-038,semantic,10,100,1,1,1039.282
hybrid,semantic-038,semantic,20,100,1,1,1039.282
hybrid,semantic-038,semantic,30,100,1,1,1039.282
hybrid,semantic-038,semantic,50,100,1,1,1039.282
hybrid,semantic-038,semantic,100,100,1,1,1039.282
hybrid,semantic-039,semantic,10,100,5,3,1152.475
hybrid,semantic-039,semantic,20,100,5,4,1152.475
hybrid,semantic-039,semantic,30,100,5,4,1152.475
hybrid,semantic-039,semantic,50,100,5,4,1152.475
hybrid,semantic-039,semantic,100,100,5,6,1152.475
hybrid,semantic-040,semantic,10,100,1,1,1161.408
hybrid,semantic-040,semantic,20,100,1,1,1161.408
hybrid,semantic-040,semantic,30,100,1,1,1161.408
hybrid,semantic-040,semantic,50,100,1,1,1161.408
hybrid,semantic-040,semantic,100,100,1,1,1161.408
hybrid,semantic-041,semantic,10,100,2,2,1058.042
hybrid,semantic-041,semantic,20,100,2,2,1058.042
hybrid,semantic-041,semantic,30,100,2,2,1058.042
hybrid,semantic-041,semantic,50,100,2,2,1058.042
hybrid,semantic-041,semantic,100,100,2,2,1058.042
hybrid,semantic-042,semantic,10,100,1,1,940.950
hybrid,semantic-042,semantic,20,100,1,1,940.950
hybrid,semantic-042,semantic,30,100,1,1,940.950
hybrid,semantic-042,semantic,50,100,1,1,940.950
hybrid,semantic-042,semantic,100,100,1,1,940.950
hybrid,semantic-043,semantic,10,100,1,1,1053.358
hybrid,semantic-043,semantic,20,100,1,1,1053.358
hybrid,semantic-043,semantic,30,100,1,1,1053.358
hybrid,semantic-043,semantic,50,100,1,1,1053.358
hybrid,semantic-043,semantic,100,100,1,1,1053.358
hybrid,semantic-044,semantic,10,100,1,1,864.655
hybrid,semantic-044,semantic,20,100,1,1,864.655
hybrid,semantic-044,semantic,30,100,1,1,864.655
hybrid,semantic-044,semantic,50,100,1,1,864.655
hybrid,semantic-044,semantic,100,100,1,1,864.655
hybrid,semantic-045,semantic,10,100,1,1,899.602
hybrid,semantic-045,semantic,20,100,1,1,899.602
hybrid,semantic-045,semantic,30,100,1,1,899.602
hybrid,semantic-045,semantic,50,100,1,1,899.602
hybrid,semantic-045,semantic,100,100,1,1,899.602
hybrid,semantic-046,semantic,10,100,2,1,1131.507
hybrid,semantic-046,semantic,20,100,2,1,1131.507
hybrid,semantic-046,semantic,30,100,2,1,1131.507
hybrid,semantic-046,semantic,50,100,2,1,1131.507
hybrid,semantic-046,semantic,100,100,2,1,1131.507
hybrid,semantic-047,semantic,10,100,1,1,899.582
hybrid,semantic-047,semantic,20,100,1,1,899.582
hybrid,semantic-047,semantic,30,100,1,1,899.582
hybrid,semantic-047,semantic,50,100,1,1,899.582
hybrid,semantic-047,semantic,100,100,1,1,899.582
hybrid,semantic-048,semantic,10,100,1,1,1006.784
hybrid,semantic-048,semantic,20,100,1,1,1006.784
hybrid,semantic-048,semantic,30,100,1,1,1006.784
hybrid,semantic-048,semantic,50,100,1,1,1006.784
hybrid,semantic-048,semantic,100,100,1,1,1006.784
hybrid,semantic-049,semantic,10,100,1,1,903.039
hybrid,semantic-049,semantic,20,100,1,1,903.039
hybrid,semantic-049,semantic,30,100,1,1,903.039
hybrid,semantic-049,semantic,50,100,1,1,903.039
hybrid,semantic-049,semantic,100,100,1,1,903.039
hybrid,semantic-050,semantic,10,100,4,4,983.540
hybrid,semantic-050,semantic,20,100,4,4,983.540
hybrid,semantic-050,semantic,30,100,4,4,983.540
hybrid,semantic-050,semantic,50,100,4,4,983.540
hybrid,semantic-050,semantic,100,100,4,4,983.540
hybrid,semantic-051,semantic,10,100,2,1,797.372
hybrid,semantic-051,semantic,20,100,2,1,797.372
hybrid,semantic-051,semantic,30,100,2,1,797.372
hybrid,semantic-051,semantic,50,100,2,1,797.372
hybrid,semantic-051,semantic,100,100,2,1,797.372
hybrid,semantic-052,semantic,10,100,1,1,1014.344
hybrid,semantic-052,semantic,20,100,1,1,1014.344
hybrid,semantic-052,semantic,30,100,1,1,1014.344
hybrid,semantic-052,semantic,50,100,1,1,1014.344
hybrid,semantic-052,semantic,100,100,1,1,1014.344
hybrid,semantic-053,semantic,10,100,1,1,1033.458
hybrid,semantic-053,semantic,20,100,1,1,1033.458
hybrid,semantic-053,semantic,30,100,1,1,1033.458
hybrid,semantic-053,semantic,50,100,1,1,1033.458
hybrid,semantic-053,semantic,100,100,1,1,1033.458
hybrid,semantic-054,semantic,10,100,6,6,1133.778
hybrid,semantic-054,semantic,20,100,6,7,1133.778
hybrid,semantic-054,semantic,30,100,6,10,1133.778
hybrid,semantic-054,semantic,50,100,6,0,1133.778
hybrid,semantic-054,semantic,100,100,6,0,1133.778
hybrid,semantic-055,semantic,10,100,3,1,1053.930
hybrid,semantic-055,semantic,20,100,3,1,1053.930
hybrid,semantic-055,semantic,30,100,3,1,1053.930
hybrid,semantic-055,semantic,50,100,3,1,1053.930
hybrid,semantic-055,semantic,100,100,3,1,1053.930
hybrid,semantic-056,semantic,10,100,1,1,1055.266
hybrid,semantic-056,semantic,20,100,1,1,1055.266
hybrid,semantic-056,semantic,30,100,1,1,1055.266
hybrid,semantic-056,semantic,50,100,1,1,1055.266
hybrid,semantic-056,semantic,100,100,1,1,1055.266
hybrid,semantic-057,semantic,10,100,1,1,1072.708
hybrid,semantic-057,semantic,20,100,1,1,1072.708
hybrid,semantic-057,semantic,30,100,1,1,1072.708
hybrid,semantic-057,semantic,50,100,1,1,1072.708
hybrid,semantic-057,semantic,100,100,1,1,1072.708
hybrid,semantic-058,semantic,10,100,1,1,905.701
hybrid,semantic-058,semantic,20,100,1,1,905.701
hybrid,semantic-058,semantic,30,100,1,1,905.701
hybrid,semantic-058,semantic,50,100,1,1,905.701
hybrid,semantic-058,semantic,100,100,1,1,905.701
hybrid,semantic-059,semantic,10,100,0,0,927.195
hybrid,semantic-059,semantic,20,100,0,0,927.195
hybrid,semantic-059,semantic,30,100,0,0,927.195
hybrid,semantic-059,semantic,50,100,31,0,927.195
hybrid,semantic-059,semantic,100,100,31,0,927.195
hybrid,semantic-060,semantic,10,100,1,1,1084.743
hybrid,semantic-060,semantic,20,100,1,1,1084.743
hybrid,semantic-060,semantic,30,100,1,1,1084.743
hybrid,semantic-060,semantic,50,100,1,1,1084.743
hybrid,semantic-060,semantic,100,100,1,1,1084.743
hybrid,semantic-061,semantic,10,100,1,1,1024.720
hybrid,semantic-061,semantic,20,100,1,1,1024.720
hybrid,semantic-061,semantic,30,100,1,1,1024.720
hybrid,semantic-061,semantic,50,100,1,1,1024.720
hybrid,semantic-061,semantic,100,100,1,1,1024.720
hybrid,semantic-062,semantic,10,100,5,1,1111.507
hybrid,semantic-062,semantic,20,100,5,1,1111.507
hybrid,semantic-062,semantic,30,100,5,1,1111.507
hybrid,semantic-062,semantic,50,100,5,1,1111.507
hybrid,semantic-062,semantic,100,100,5,1,1111.507
hybrid,semantic-063,semantic,10,100,3,1,892.257
hybrid,semantic-063,semantic,20,100,3,1,892.257
hybrid,semantic-063,semantic,30,100,3,1,892.257
hybrid,semantic-063,semantic,50,100,3,1,892.257
hybrid,semantic-063,semantic,100,100,3,1,892.257
hybrid,semantic-064,semantic,10,100,1,1,1039.300
hybrid,semantic-064,semantic,20,100,1,1,1039.300
hybrid,semantic-064,semantic,30,100,1,1,1039.300
hybrid,semantic-064,semantic,50,100,1,1,1039.300
hybrid,semantic-064,semantic,100,100,1,1,1039.300
hybrid,semantic-065,semantic,10,100,1,1,1044.094
hybrid,semantic-065,semantic,20,100,1,1,1044.094
hybrid,semantic-065,semantic,30,100,1,1,1044.094
hybrid,semantic-065,semantic,50,100,1,1,1044.094
hybrid,semantic-065,semantic,100,100,1,1,1044.094
hybrid,semantic-066,semantic,10,100,2,1,1040.852
hybrid,semantic-066,semantic,20,100,2,1,1040.852
hybrid,semantic-066,semantic,30,100,2,1,1040.852
hybrid,semantic-066,semantic,50,100,2,1,1040.852
hybrid,semantic-066,semantic,100,100,2,1,1040.852
hybrid,semantic-067,semantic,10,100,1,1,931.809
hybrid,semantic-067,semantic,20,100,1,1,931.809
hybrid,semantic-067,semantic,30,100,1,1,931.809
hybrid,semantic-067,semantic,50,100,1,1,931.809
hybrid,semantic-067,semantic,100,100,1,1,931.809
hybrid,semantic-068,semantic,10,100,0,0,984.095
hybrid,semantic-068,semantic,20,100,0,0,984.095
hybrid,semantic-068,semantic,30,100,21,2,984.095
hybrid,semantic-068,semantic,50,100,21,2,984.095
hybrid,semantic-068,semantic,100,100,21,2,984.095
hybrid,semantic-069,semantic,10,100,1,1,1095.145
hybrid,semantic-069,semantic,20,100,1,1,1095.145
hybrid,semantic-069,semantic,30,100,1,1,1095.145
hybrid,semantic-069,semantic,50,100,1,1,1095.145
hybrid,semantic-069,semantic,100,100,1,1,1095.145
hybrid,semantic-070,semantic,10,100,1,1,987.069
hybrid,semantic-070,semantic,20,100,1,1,987.069
hybrid,semantic-070,semantic,30,100,1,1,987.069
hybrid,semantic-070,semantic,50,100,1,1,987.069
hybrid,semantic-070,semantic,100,100,1,1,987.069
hybrid,semantic-071,semantic,10,100,0,0,967.519
hybrid,semantic-071,semantic,20,100,13,4,967.519
hybrid,semantic-071,semantic,30,100,13,4,967.519
hybrid,semantic-071,semantic,50,100,13,4,967.519
hybrid,semantic-071,semantic,100,100,13,4,967.519
hybrid,semantic-072,semantic,10,100,1,1,983.211
hybrid,semantic-072,semantic,20,100,1,1,983.211
hybrid,semantic-072,semantic,30,100,1,1,983.211
hybrid,semantic-072,semantic,50,100,1,1,983.211
hybrid,semantic-072,semantic,100,100,1,1,983.211
hybrid,semantic-073,semantic,10,100,1,1,869.618
hybrid,semantic-073,semantic,20,100,1,1,869.618
hybrid,semantic-073,semantic,30,100,1,1,869.618
hybrid,semantic-073,semantic,50,100,1,1,869.618
hybrid,semantic-073,semantic,100,100,1,1,869.618
hybrid,semantic-074,semantic,10,100,1,1,1103.235
hybrid,semantic-074,semantic,20,100,1,1,1103.235
hybrid,semantic-074,semantic,30,100,1,1,1103.235
hybrid,semantic-074,semantic,50,100,1,1,1103.235
hybrid,semantic-074,semantic,100,100,1,1,1103.235
hybrid,semantic-075,semantic,10,100,2,1,922.729
hybrid,semantic-075,semantic,20,100,2,1,922.729
hybrid,semantic-075,semantic,30,100,2,1,922.729
hybrid,semantic-075,semantic,50,100,2,1,922.729
hybrid,semantic-075,semantic,100,100,2,1,922.729
hybrid,semantic-076,semantic,10,100,1,1,1057.399
hybrid,semantic-076,semantic,20,100,1,1,1057.399
hybrid,semantic-076,semantic,30,100,1,1,1057.399
hybrid,semantic-076,semantic,50,100,1,1,1057.399
hybrid,semantic-076,semantic,100,100,1,1,1057.399
hybrid,semantic-077,semantic,10,100,1,1,1105.659
hybrid,semantic-077,semantic,20,100,1,1,1105.659
hybrid,semantic-077,semantic,30,100,1,1,1105.659
hybrid,semantic-077,semantic,50,100,1,1,1105.659
hybrid,semantic-077,semantic,100,100,1,1,1105.659
hybrid,semantic-078,semantic,10,100,3,1,871.529
hybrid,semantic-078,semantic,20,100,3,1,871.529
hybrid,semantic-078,semantic,30,100,3,1,871.529
hybrid,semantic-078,semantic,50,100,3,1,871.529
hybrid,semantic-078,semantic,100,100,3,1,871.529
hybrid,semantic-079,semantic,10,100,1,1,985.986
hybrid,semantic-079,semantic,20,100,1,1,985.986
hybrid,semantic-079,semantic,30,100,1,1,985.986
hybrid,semantic-079,semantic,50,100,1,1,985.986
hybrid,semantic-079,semantic,100,100,1,1,985.986
hybrid,semantic-080,semantic,10,100,2,1,1035.501
hybrid,semantic-080,semantic,20,100,2,1,1035.501
hybrid,semantic-080,semantic,30,100,2,1,1035.501
hybrid,semantic-080,semantic,50,100,2,1,1035.501
hybrid,semantic-080,semantic,100,100,2,1,1035.501
hybrid,semantic-081,semantic,10,100,1,1,891.605
hybrid,semantic-081,semantic,20,100,1,1,891.605
hybrid,semantic-081,semantic,30,100,1,1,891.605
hybrid,semantic-081,semantic,50,100,1,1,891.605
hybrid,semantic-081,semantic,100,100,1,1,891.605
hybrid,semantic-082,semantic,10,100,2,1,1074.885
hybrid,semantic-082,semantic,20,100,2,1,1074.885
hybrid,semantic-082,semantic,30,100,2,1,1074.885
hybrid,semantic-082,semantic,50,100,2,1,1074.885
hybrid,semantic-082,semantic,100,100,2,1,1074.885
hybrid,semantic-083,semantic,10,100,1,1,947.519
hybrid,semantic-083,semantic,20,100,1,1,947.519
hybrid,semantic-083,semantic,30,100,1,1,947.519
hybrid,semantic-083,semantic,50,100,1,1,947.519
hybrid,semantic-083,semantic,100,100,1,1,947.519
hybrid,semantic-084,semantic,10,100,1,1,1068.703
hybrid,semantic-084,semantic,20,100,1,1,1068.703
hybrid,semantic-084,semantic,30,100,1,1,1068.703
hybrid,semantic-084,semantic,50,100,1,1,1068.703
hybrid,semantic-084,semantic,100,100,1,1,1068.703
hybrid,semantic-085,semantic,10,100,1,1,1114.037
hybrid,semantic-085,semantic,20,100,1,1,1114.037
hybrid,semantic-085,semantic,30,100,1,1,1114.037
hybrid,semantic-085,semantic,50,100,1,1,1114.037
hybrid,semantic-085,semantic,100,100,1,1,1114.037
hybrid,semantic-086,semantic,10,100,1,1,1109.641
hybrid,semantic-086,semantic,20,100,1,1,1109.641
hybrid,semantic-086,semantic,30,100,1,1,1109.641
hybrid,semantic-086,semantic,50,100,1,1,1109.641
hybrid,semantic-086,semantic,100,100,1,1,1109.641
hybrid,semantic-087,semantic,10,100,1,1,1030.593
hybrid,semantic-087,semantic,20,100,1,1,1030.593
hybrid,semantic-087,semantic,30,100,1,1,1030.593
hybrid,semantic-087,semantic,50,100,1,1,1030.593
hybrid,semantic-087,semantic,100,100,1,1,1030.593
hybrid,semantic-088,semantic,10,100,6,2,1024.832
hybrid,semantic-088,semantic,20,100,6,2,1024.832
hybrid,semantic-088,semantic,30,100,6,2,1024.832
hybrid,semantic-088,semantic,50,100,6,2,1024.832
hybrid,semantic-088,semantic,100,100,6,2,1024.832
hybrid,semantic-089,semantic,10,100,0,0,1132.608
hybrid,semantic-089,semantic,20,100,11,3,1132.608
hybrid,semantic-089,semantic,30,100,11,3,1132.608
hybrid,semantic-089,semantic,50,100,11,3,1132.608
hybrid,semantic-089,semantic,100,100,11,3,1132.608
hybrid,semantic-090,semantic,10,100,1,1,1114.531
hybrid,semantic-090,semantic,20,100,1,1,1114.531
hybrid,semantic-090,semantic,30,100,1,1,1114.531
hybrid,semantic-090,semantic,50,100,1,1,1114.531
hybrid,semantic-090,semantic,100,100,1,1,1114.531
hybrid,semantic-091,semantic,10,100,1,1,931.769
hybrid,semantic-091,semantic,20,100,1,1,931.769
hybrid,semantic-091,semantic,30,100,1,1,931.769
hybrid,semantic-091,semantic,50,100,1,1,931.769
hybrid,semantic-091,semantic,100,100,1,1,931.769
hybrid,semantic-092,semantic,10,100,1,2,1035.932
hybrid,semantic-092,semantic,20,100,1,2,1035.932
hybrid,semantic-092,semantic,30,100,1,2,1035.932
hybrid,semantic-092,semantic,50,100,1,2,1035.932
hybrid,semantic-092,semantic,100,100,1,2,1035.932
hybrid,semantic-093,semantic,10,100,2,1,1000.679
hybrid,semantic-093,semantic,20,100,2,1,1000.679
hybrid,semantic-093,semantic,30,100,2,1,1000.679
hybrid,semantic-093,semantic,50,100,2,1,1000.679
hybrid,semantic-093,semantic,100,100,2,1,1000.679
hybrid,semantic-094,semantic,10,100,0,0,854.351
hybrid,semantic-094,semantic,20,100,0,0,854.351
hybrid,semantic-094,semantic,30,100,0,0,854.351
hybrid,semantic-094,semantic,50,100,43,0,854.351
hybrid,semantic-094,semantic,100,100,43,0,854.351
hybrid,semantic-095,semantic,10,100,5,8,944.514
hybrid,semantic-095,semantic,20,100,5,0,944.514
hybrid,semantic-095,semantic,30,100,5,0,944.514
hybrid,semantic-095,semantic,50,100,5,0,944.514
hybrid,semantic-095,semantic,100,100,5,0,944.514
hybrid,semantic-096,semantic,10,100,2,2,1163.787
hybrid,semantic-096,semantic,20,100,2,3,1163.787
hybrid,semantic-096,semantic,30,100,2,3,1163.787
hybrid,semantic-096,semantic,50,100,2,3,1163.787
hybrid,semantic-096,semantic,100,100,2,3,1163.787
hybrid,semantic-097,semantic,10,100,1,1,1066.041
hybrid,semantic-097,semantic,20,100,1,1,1066.041
hybrid,semantic-097,semantic,30,100,1,1,1066.041
hybrid,semantic-097,semantic,50,100,1,1,1066.041
hybrid,semantic-097,semantic,100,100,1,1,1066.041
hybrid,semantic-098,semantic,10,100,0,0,924.329
hybrid,semantic-098,semantic,20,100,0,0,924.329
hybrid,semantic-098,semantic,30,100,0,0,924.329
hybrid,semantic-098,semantic,50,100,0,0,924.329
hybrid,semantic-098,semantic,100,100,0,0,924.329
hybrid,semantic-099,semantic,10,100,1,1,997.279
hybrid,semantic-099,semantic,20,100,1,1,997.279
hybrid,semantic-099,semantic,30,100,1,1,997.279
hybrid,semantic-099,semantic,50,100,1,1,997.279
hybrid,semantic-099,semantic,100,100,1,1,997.279
hybrid,semantic-100,semantic,10,100,2,1,1065.552
hybrid,semantic-100,semantic,20,100,2,1,1065.552
hybrid,semantic-100,semantic,30,100,2,1,1065.552
hybrid,semantic-100,semantic,50,100,2,1,1065.552
hybrid,semantic-100,semantic,100,100,2,1,1065.552
hybrid,semantic-101,semantic,10,100,1,7,941.704
hybrid,semantic-101,semantic,20,100,1,8,941.704
hybrid,semantic-101,semantic,30,100,1,0,941.704
hybrid,semantic-101,semantic,50,100,1,0,941.704
hybrid,semantic-101,semantic,100,100,1,0,941.704
hybrid,semantic-102,semantic,10,100,1,7,881.567
hybrid,semantic-102,semantic,20,100,1,7,881.567
hybrid,semantic-102,semantic,30,100,1,7,881.567
hybrid,semantic-102,semantic,50,100,1,7,881.567
hybrid,semantic-102,semantic,100,100,1,7,881.567
hybrid,semantic-103,semantic,10,100,1,1,1016.854
hybrid,semantic-103,semantic,20,100,1,1,1016.854
hybrid,semantic-103,semantic,30,100,1,1,1016.854
hybrid,semantic-103,semantic,50,100,1,1,1016.854
hybrid,semantic-103,semantic,100,100,1,1,1016.854
hybrid,semantic-104,semantic,10,100,1,1,1099.280
hybrid,semantic-104,semantic,20,100,1,1,1099.280
hybrid,semantic-104,semantic,30,100,1,1,1099.280
hybrid,semantic-104,semantic,50,100,1,1,1099.280
hybrid,semantic-104,semantic,100,100,1,1,1099.280
hybrid,semantic-105,semantic,10,100,1,1,962.763
hybrid,semantic-105,semantic,20,100,1,1,962.763
hybrid,semantic-105,semantic,30,100,1,1,962.763
hybrid,semantic-105,semantic,50,100,1,1,962.763
hybrid,semantic-105,semantic,100,100,1,1,962.763
hybrid,semantic-106,semantic,10,100,1,3,1046.809
hybrid,semantic-106,semantic,20,100,1,3,1046.809
hybrid,semantic-106,semantic,30,100,1,3,1046.809
hybrid,semantic-106,semantic,50,100,1,3,1046.809
hybrid,semantic-106,semantic,100,100,1,3,1046.809
hybrid,semantic-107,semantic,10,100,1,1,1109.041
hybrid,semantic-107,semantic,20,100,1,1,1109.041
hybrid,semantic-107,semantic,30,100,1,1,1109.041
hybrid,semantic-107,semantic,50,100,1,1,1109.041
hybrid,semantic-107,semantic,100,100,1,1,1109.041
hybrid,semantic-108,semantic,10,100,1,1,891.438
hybrid,semantic-108,semantic,20,100,1,1,891.438
hybrid,semantic-108,semantic,30,100,1,1,891.438
hybrid,semantic-108,semantic,50,100,1,1,891.438
hybrid,semantic-108,semantic,100,100,1,1,891.438
hybrid,semantic-109,semantic,10,100,1,1,1115.492
hybrid,semantic-109,semantic,20,100,1,1,1115.492
hybrid,semantic-109,semantic,30,100,1,1,1115.492
hybrid,semantic-109,semantic,50,100,1,1,1115.492
hybrid,semantic-109,semantic,100,100,1,1,1115.492
hybrid,semantic-110,semantic,10,100,1,1,941.205
hybrid,semantic-110,semantic,20,100,1,1,941.205
hybrid,semantic-110,semantic,30,100,1,1,941.205
hybrid,semantic-110,semantic,50,100,1,1,941.205
hybrid,semantic-110,semantic,100,100,1,1,941.205
hybrid,semantic-111,semantic,10,100,4,2,989.023
hybrid,semantic-111,semantic,20,100,4,2,989.023
hybrid,semantic-111,semantic,30,100,4,2,989.023
hybrid,semantic-111,semantic,50,100,4,2,989.023
hybrid,semantic-111,semantic,100,100,4,2,989.023
hybrid,semantic-112,semantic,10,100,2,1,953.849
hybrid,semantic-112,semantic,20,100,2,1,953.849
hybrid,semantic-112,semantic,30,100,2,1,953.849
hybrid,semantic-112,semantic,50,100,2,1,953.849
hybrid,semantic-112,semantic,100,100,2,1,953.849
hybrid,semantic-113,semantic,10,100,2,1,888.440
hybrid,semantic-113,semantic,20,100,2,1,888.440
hybrid,semantic-113,semantic,30,100,2,1,888.440
hybrid,semantic-113,semantic,50,100,2,1,888.440
hybrid,semantic-113,semantic,100,100,2,1,888.440
hybrid,semantic-114,semantic,10,100,0,0,1095.485
hybrid,semantic-114,semantic,20,100,18,3,1095.485
hybrid,semantic-114,semantic,30,100,18,3,1095.485
hybrid,semantic-114,semantic,50,100,18,3,1095.485
hybrid,semantic-114,semantic,100,100,18,3,1095.485
hybrid,semantic-115,semantic,10,100,3,1,1046.622
hybrid,semantic-115,semantic,20,100,3,1,1046.622
hybrid,semantic-115,semantic,30,100,3,1,1046.622
hybrid,semantic-115,semantic,50,100,3,1,1046.622
hybrid,semantic-115,semantic,100,100,3,1,1046.622
hybrid,semantic-116,semantic,10,100,3,1,983.874
hybrid,semantic-116,semantic,20,100,3,1,983.874
hybrid,semantic-116,semantic,30,100,3,1,983.874
hybrid,semantic-116,semantic,50,100,3,1,983.874
hybrid,semantic-116,semantic,100,100,3,1,983.874
hybrid,semantic-117,semantic,10,100,1,1,969.623
hybrid,semantic-117,semantic,20,100,1,1,969.623
hybrid,semantic-117,semantic,30,100,1,1,969.623
hybrid,semantic-117,semantic,50,100,1,1,969.623
hybrid,semantic-117,semantic,100,100,1,1,969.623
hybrid,semantic-118,semantic,10,100,1,1,826.567
hybrid,semantic-118,semantic,20,100,1,1,826.567
hybrid,semantic-118,semantic,30,100,1,1,826.567
hybrid,semantic-118,semantic,50,100,1,1,826.567
hybrid,semantic-118,semantic,100,100,1,1,826.567
hybrid,semantic-119,semantic,10,100,1,1,957.843
hybrid,semantic-119,semantic,20,100,1,1,957.843
hybrid,semantic-119,semantic,30,100,1,1,957.843
hybrid,semantic-119,semantic,50,100,1,1,957.843
hybrid,semantic-119,semantic,100,100,1,1,957.843
hybrid,semantic-120,semantic,10,100,1,1,961.761
hybrid,semantic-120,semantic,20,100,1,1,961.761
hybrid,semantic-120,semantic,30,100,1,1,961.761
hybrid,semantic-120,semantic,50,100,1,1,961.761
hybrid,semantic-120,semantic,100,100,1,1,961.761
